signal,agg,signal_col,description,ret_col,lag_days,n_days,ic,ls_spread,cum_sign_ret,industry,industry_label,max_rank,horizon,horizon_label,label_obs_tweets
sig_nlp_lex_disagree,wmean,sig_nlp_lex_disagree_wmean,NLP 与词典情绪不一致时反转,ind_ret_5m,0,39,0.3541,0.000306,0.009921,ai_tech,AI / 大模型,all,5m,5分钟,638
sig_nlp_lex_disagree,sum,sig_nlp_lex_disagree_sum,NLP 与词典情绪不一致时反转,ind_ret_5m,0,39,0.3541,0.000306,0.009921,ai_tech,AI / 大模型,all,5m,5分钟,638
sig_strong_bull_fade,sum,sig_strong_bull_fade_sum,强看多 (s>0.2) 反转,ind_ret_5m,0,39,0.3316,0.002883,-0.037274,ai_tech,AI / 大模型,all,5m,5分钟,638
sig_bull_fade,sum,sig_bull_fade_sum,仅明显看多帖反转（拥挤做多）,ind_ret_5m,0,39,0.3308,0.002883,-0.027193,ai_tech,AI / 大模型,all,5m,5分钟,638
sig_contrarian_top3,sum,sig_contrarian_top3_sum,仅Top3 KOL的反转信号（日频 sum）,ind_ret_5m,0,39,0.3258,0.000961,0.02305,ai_tech,AI / 大模型,all,5m,5分钟,638
sig_extreme_contrarian,sum,sig_extreme_contrarian_sum,仅极端情绪帖（|s|≥0.2）反转,ind_ret_5m,0,39,0.3241,0.002494,-0.00601,ai_tech,AI / 大模型,all,5m,5分钟,638
sig_contrarian,sum,sig_contrarian_sum,−Sentiment × Influence（反转）,ind_ret_5m,0,39,0.3173,0.002303,-0.006802,ai_tech,AI / 大模型,all,5m,5分钟,638
sig_rt_contrarian,sum,sig_rt_contrarian_sum,仅转发帖反转,ind_ret_5m,0,39,0.3159,-5.8e-05,0.000224,ai_tech,AI / 大模型,all,5m,5分钟,638
sig_contrarian_orig,sum,sig_contrarian_orig_sum,仅原创帖（非 RT）反转,ind_ret_5m,0,39,0.3128,0.001929,-0.01258,ai_tech,AI / 大模型,all,5m,5分钟,638
sig_imbalance_contrarian,sum,sig_imbalance_contrarian_sum,情绪方向 × 影响力反转,ind_ret_5m,0,39,0.3109,0.002642,-0.06628,ai_tech,AI / 大模型,all,5m,5分钟,638
sig_unanimity_contrarian,sum,sig_unanimity_contrarian_sum,低分歧时加强反转（一致预期）,ind_ret_5m,0,39,0.3025,0.000551,-0.022046,ai_tech,AI / 大模型,all,5m,5分钟,638
sig_nlp_minus_lex,sum,sig_nlp_minus_lex_sum,NLP 与词典差 × 反转,ind_ret_5m,0,39,0.2942,0.001866,-0.006802,ai_tech,AI / 大模型,all,5m,5分钟,638
sig_bear_crowd,sum,sig_bear_crowd_sum,看空帖占比 × 情绪反转（恐慌反弹）,ind_ret_5m,0,39,0.2771,0.001377,-0.007954,ai_tech,AI / 大模型,all,5m,5分钟,638
sig_post_burst_contrarian,sum,sig_post_burst_contrarian_sum,发帖密集日 × 情绪反转,ind_ret_5m,0,39,0.2757,0.001392,-0.022046,ai_tech,AI / 大模型,all,5m,5分钟,638
sig_contrarian_x_viral,sum,sig_contrarian_x_viral_sum,反转 × 互动惊喜度（连续加权）,ind_ret_5m,0,39,0.2637,0.00155,-0.004354,ai_tech,AI / 大模型,all,5m,5分钟,638
sig_strong_bull_fade,wmean,sig_strong_bull_fade_wmean,强看多 (s>0.2) 反转,ind_ret_5m,0,39,0.2557,0.002691,-0.037274,ai_tech,AI / 大模型,all,5m,5分钟,638
sig_contrarian_views,sum,sig_contrarian_views_sum,反转 × log(views),ind_ret_5m,0,39,0.2546,0.001076,-0.011218,ai_tech,AI / 大模型,all,5m,5分钟,638
sig_bull_fade,wmean,sig_bull_fade_wmean,仅明显看多帖反转（拥挤做多）,ind_ret_5m,0,39,0.2535,0.004064,-0.027193,ai_tech,AI / 大模型,all,5m,5分钟,638
sig_surprise_contrarian,sum,sig_surprise_contrarian_sum,相对该 KOL 历史情绪的意外 × 反转,ind_ret_5m,0,39,0.1943,0.003609,0.018543,ai_tech,AI / 大模型,all,5m,5分钟,638
sig_contrarian_top3,wmean,sig_contrarian_top3_wmean,仅Top3 KOL的反转信号（日频 sum）,ind_ret_5m,0,39,0.1876,0.000961,0.02305,ai_tech,AI / 大模型,all,5m,5分钟,638
sig_viral_contrarian,sum,sig_viral_contrarian_sum,高互动惊喜帖才做情绪反转,ind_ret_5m,0,39,0.1776,0.002488,0.024992,ai_tech,AI / 大模型,all,5m,5分钟,638
sig_dispersion_contrarian,sum,sig_dispersion_contrarian_sum,高分歧日 × 情绪反转,ind_ret_5m,0,39,0.177,0.001698,-0.022646,ai_tech,AI / 大模型,all,5m,5分钟,638
sig_bear_only,sum,sig_bear_only_sum,仅看空情绪 × Influence,ind_ret_5m,0,39,0.1764,0.001553,-0.047457,ai_tech,AI / 大模型,all,5m,5分钟,638
sig_imbalance_contrarian,wmean,sig_imbalance_contrarian_wmean,情绪方向 × 影响力反转,ind_ret_5m,0,39,0.1755,0.002864,-0.06628,ai_tech,AI / 大模型,all,5m,5分钟,638
sig_extreme_contrarian,wmean,sig_extreme_contrarian_wmean,仅极端情绪帖（|s|≥0.2）反转,ind_ret_5m,0,39,0.1613,0.002354,0.000121,ai_tech,AI / 大模型,all,5m,5分钟,638
sig_contrarian,wmean,sig_contrarian_wmean,−Sentiment × Influence（反转）,ind_ret_5m,0,39,0.1571,0.003675,0.017783,ai_tech,AI / 大模型,all,5m,5分钟,638
sig_kol_breadth_contrarian,sum,sig_kol_breadth_contrarian_sum,参与 KOL 数 × 情绪反转,ind_ret_5m,0,39,0.1437,0.001547,-0.022046,ai_tech,AI / 大模型,all,5m,5分钟,638
sig_rt_contrarian,wmean,sig_rt_contrarian_wmean,仅转发帖反转,ind_ret_5m,0,39,0.1418,-5.8e-05,0.000224,ai_tech,AI / 大模型,all,5m,5分钟,638
sig_consensus_contrarian,sum,sig_consensus_contrarian_sum,行业共识情绪反转（|均值|×影响力）,ind_ret_5m,0,39,0.1406,0.001547,-0.022046,ai_tech,AI / 大模型,all,5m,5分钟,638
sig_contrarian_orig,wmean,sig_contrarian_orig_wmean,仅原创帖（非 RT）反转,ind_ret_5m,0,39,0.1348,0.004072,0.012005,ai_tech,AI / 大模型,all,5m,5分钟,638
sig_contrarian_views,wmean,sig_contrarian_views_wmean,反转 × log(views),ind_ret_5m,0,39,0.1339,0.00086,-0.01258,ai_tech,AI / 大模型,all,5m,5分钟,638
sig_surprise_contrarian,wmean,sig_surprise_contrarian_wmean,相对该 KOL 历史情绪的意外 × 反转,ind_ret_5m,0,39,0.1321,0.003335,0.010612,ai_tech,AI / 大模型,all,5m,5分钟,638
sig_contrarian_x_viral,wmean,sig_contrarian_x_viral_wmean,反转 × 互动惊喜度（连续加权）,ind_ret_5m,0,39,0.1101,0.003809,0.0141,ai_tech,AI / 大模型,all,5m,5分钟,638
sig_nlp_minus_lex,wmean,sig_nlp_minus_lex_wmean,NLP 与词典差 × 反转,ind_ret_5m,0,39,0.093,0.002959,-0.000671,ai_tech,AI / 大模型,all,5m,5分钟,638
sig_bear_crowd_strict,sum,sig_bear_crowd_strict_sum,严格恐慌：bear_ratio>0.5 才 bear_crowd,ind_ret_5m,0,39,0.0347,0.000158,0.020022,ai_tech,AI / 大模型,all,5m,5分钟,638
sig_rank1_contrarian,sum,sig_rank1_contrarian_sum,仅行业 #1 KOL 反转,ind_ret_5m,0,39,0.0191,2.6e-05,0.004352,ai_tech,AI / 大模型,all,5m,5分钟,638
sig_rank1_contrarian,wmean,sig_rank1_contrarian_wmean,仅行业 #1 KOL 反转,ind_ret_5m,0,39,0.0162,2.6e-05,0.004352,ai_tech,AI / 大模型,all,5m,5分钟,638
sig_dual_confirm_contra,wmean,sig_dual_confirm_contra_wmean,看空 + 高互动双重确认反转,ind_ret_5m,0,39,0.0094,0.000904,0.024716,ai_tech,AI / 大模型,all,5m,5分钟,638
sig_sentiment_delta_contra,sum,sig_sentiment_delta_contra_sum,情绪突变反转 × 影响力,ind_ret_5m,0,37,0.0089,0.000659,0.008064,ai_tech,AI / 大模型,all,5m,5分钟,638
sig_viral_contrarian,wmean,sig_viral_contrarian_wmean,高互动惊喜帖才做情绪反转,ind_ret_5m,0,39,0.0044,0.001581,0.024992,ai_tech,AI / 大模型,all,5m,5分钟,638
sig_bear_bounce,wmean,sig_bear_bounce_wmean,仅明显看空帖反转（恐慌反弹）,ind_ret_5m,0,39,0.0024,-1e-05,0.040632,ai_tech,AI / 大模型,all,5m,5分钟,638
sig_bear_x_eng,wmean,sig_bear_x_eng_wmean,看空帖 × 互动惊喜 × 反转,ind_ret_5m,0,39,0.0021,0.000902,0.036653,ai_tech,AI / 大模型,all,5m,5分钟,638
sig_bear_only,wmean,sig_bear_only_wmean,仅看空情绪 × Influence,ind_ret_5m,0,39,-0.0033,0.000551,-0.047457,ai_tech,AI / 大模型,all,5m,5分钟,638
sig_sentiment_delta,sum,sig_sentiment_delta_sum,情绪相对5日均值突变 × 当日影响力,ind_ret_5m,0,37,-0.0089,-0.000659,-0.008064,ai_tech,AI / 大模型,all,5m,5分钟,638
sig_strong_bear_only,wmean,sig_strong_bear_only_wmean,强看空 (s<-0.2) 反转,ind_ret_5m,0,39,-0.0093,0.000578,0.038232,ai_tech,AI / 大模型,all,5m,5分钟,638
sig_rank1_momentum,wmean,sig_rank1_momentum_wmean,仅行业 #1 KOL 跟随,ind_ret_5m,0,39,-0.0162,-2.6e-05,-0.004352,ai_tech,AI / 大模型,all,5m,5分钟,638
sig_rank1_momentum,sum,sig_rank1_momentum_sum,仅行业 #1 KOL 跟随,ind_ret_5m,0,39,-0.0191,-2.6e-05,-0.004352,ai_tech,AI / 大模型,all,5m,5分钟,638
sig_dual_confirm_contra,sum,sig_dual_confirm_contra_sum,看空 + 高互动双重确认反转,ind_ret_5m,0,39,-0.0599,-0.000282,0.024716,ai_tech,AI / 大模型,all,5m,5分钟,638
sig_sentiment_x_likes,wmean,sig_sentiment_x_likes_wmean,Sentiment × log(1+likes),ind_ret_5m,0,39,-0.101,-0.000912,0.010133,ai_tech,AI / 大模型,all,5m,5分钟,638
sig_attention_raw,wmean,sig_attention_raw_wmean,纯 Influence（无情绪）,ind_ret_5m,0,39,-0.1187,-0.000527,0.06628,ai_tech,AI / 大模型,all,5m,5分钟,638
sig_engagement,wmean,sig_engagement_wmean,情绪 × 相对自身互动惊喜度,ind_ret_5m,0,39,-0.1314,-0.000462,0.010133,ai_tech,AI / 大模型,all,5m,5分钟,638
sig_bear_x_eng,sum,sig_bear_x_eng_sum,看空帖 × 互动惊喜 × 反转,ind_ret_5m,0,39,-0.1326,-0.001587,0.036653,ai_tech,AI / 大模型,all,5m,5分钟,638
sig_views_weighted,wmean,sig_views_weighted_wmean,情绪 × log(views),ind_ret_5m,0,39,-0.1339,-0.00086,0.01258,ai_tech,AI / 大模型,all,5m,5分钟,638
sig_original_post,wmean,sig_original_post_wmean,非转发帖 × Sentiment × Influence,ind_ret_5m,0,39,-0.1348,-0.004072,-0.012005,ai_tech,AI / 大模型,all,5m,5分钟,638
sig_attention,wmean,sig_attention_wmean,Influence × sign(Sentiment),ind_ret_5m,0,39,-0.1361,-0.004212,-0.034169,ai_tech,AI / 大模型,all,5m,5分钟,638
sig_net_crowd_contrarian,sum,sig_net_crowd_contrarian_sum,(看空占比−看多占比) × 情绪反转,ind_ret_5m,0,39,-0.1428,-0.000969,0.071679,ai_tech,AI / 大模型,all,5m,5分钟,638
sig_bull_x_eng,wmean,sig_bull_x_eng_wmean,看多帖 × 互动惊喜（对照）,ind_ret_5m,0,39,-0.147,-0.002206,0.037501,ai_tech,AI / 大模型,all,5m,5分钟,638
sig_momentum,wmean,sig_momentum_wmean,跟随情绪 × 影响力（非反转）,ind_ret_5m,0,39,-0.1571,-0.003675,-0.017783,ai_tech,AI / 大模型,all,5m,5分钟,638
sig_baseline,wmean,sig_baseline_wmean,Sentiment × Influence（原版）,ind_ret_5m,0,39,-0.1571,-0.003675,-0.017783,ai_tech,AI / 大模型,all,5m,5分钟,638
sig_rank_weighted,wmean,sig_rank_weighted_wmean,Sentiment × Influence × Top排名权重,ind_ret_5m,0,39,-0.1636,-0.004098,-0.023914,ai_tech,AI / 大模型,all,5m,5分钟,638
sig_strong_bear_only,sum,sig_strong_bear_only_sum,强看空 (s<-0.2) 反转,ind_ret_5m,0,39,-0.1656,-0.00072,0.038232,ai_tech,AI / 大模型,all,5m,5分钟,638
sig_bear_bounce,sum,sig_bear_bounce_sum,仅明显看空帖反转（恐慌反弹）,ind_ret_5m,0,39,-0.1718,-0.001587,0.040632,ai_tech,AI / 大模型,all,5m,5分钟,638
sig_top_rank_only,wmean,sig_top_rank_only_wmean,仅行业排名前3 KOL,ind_ret_5m,0,39,-0.1876,-0.000961,-0.02305,ai_tech,AI / 大模型,all,5m,5分钟,638
sig_bull_crowd,sum,sig_bull_crowd_sum,看多帖占比 × 情绪（拥挤做多，对照）,ind_ret_5m,0,39,-0.2316,-0.001118,0.058302,ai_tech,AI / 大模型,all,5m,5分钟,638
sig_disagreement,sum,sig_disagreement_sum,sig_disagreement,ind_ret_5m,0,39,-0.2346,-0.001477,0.029931,ai_tech,AI / 大模型,all,5m,5分钟,638
sig_bull_only,wmean,sig_bull_only_wmean,仅看多情绪 × Influence,ind_ret_5m,0,39,-0.2395,-0.002365,0.033763,ai_tech,AI / 大模型,all,5m,5分钟,638
sig_momentum_daily,sum,sig_momentum_daily_sum,跟随行业情绪动量（非反转）,ind_ret_5m,0,39,-0.2419,-0.001744,0.022046,ai_tech,AI / 大模型,all,5m,5分钟,638
sig_sentiment_x_likes,sum,sig_sentiment_x_likes_sum,Sentiment × log(1+likes),ind_ret_5m,0,39,-0.2433,-0.002139,0.009274,ai_tech,AI / 大模型,all,5m,5分钟,638
sig_engagement,sum,sig_engagement_sum,情绪 × 相对自身互动惊喜度,ind_ret_5m,0,39,-0.2466,-0.001295,0.022071,ai_tech,AI / 大模型,all,5m,5分钟,638
sig_views_weighted,sum,sig_views_weighted_sum,情绪 × log(views),ind_ret_5m,0,39,-0.2546,-0.001076,0.011218,ai_tech,AI / 大模型,all,5m,5分钟,638
sig_bull_x_eng,sum,sig_bull_x_eng_sum,看多帖 × 互动惊喜（对照）,ind_ret_5m,0,39,-0.2652,-0.002786,0.037501,ai_tech,AI / 大模型,all,5m,5分钟,638
sig_attention,sum,sig_attention_sum,Influence × sign(Sentiment),ind_ret_5m,0,39,-0.2916,-0.00337,0.014025,ai_tech,AI / 大模型,all,5m,5分钟,638
sig_original_post,sum,sig_original_post_sum,非转发帖 × Sentiment × Influence,ind_ret_5m,0,39,-0.3128,-0.001929,0.01258,ai_tech,AI / 大模型,all,5m,5分钟,638
sig_rank_weighted,sum,sig_rank_weighted_sum,Sentiment × Influence × Top排名权重,ind_ret_5m,0,39,-0.3157,-0.003482,-0.023914,ai_tech,AI / 大模型,all,5m,5分钟,638
sig_baseline,sum,sig_baseline_sum,Sentiment × Influence（原版）,ind_ret_5m,0,39,-0.3173,-0.002303,0.006802,ai_tech,AI / 大模型,all,5m,5分钟,638
sig_momentum,sum,sig_momentum_sum,跟随情绪 × 影响力（非反转）,ind_ret_5m,0,39,-0.3173,-0.002303,0.006802,ai_tech,AI / 大模型,all,5m,5分钟,638
sig_attention_raw,sum,sig_attention_raw_sum,纯 Influence（无情绪）,ind_ret_5m,0,39,-0.3224,-0.002222,0.06628,ai_tech,AI / 大模型,all,5m,5分钟,638
sig_top_rank_only,sum,sig_top_rank_only_sum,仅行业排名前3 KOL,ind_ret_5m,0,39,-0.3258,-0.000961,-0.02305,ai_tech,AI / 大模型,all,5m,5分钟,638
sig_bull_only,sum,sig_bull_only_sum,仅看多情绪 × Influence,ind_ret_5m,0,39,-0.3268,-0.002883,0.033763,ai_tech,AI / 大模型,all,5m,5分钟,638
sig_sentiment_delta_contra,sum,sig_sentiment_delta_contra_sum,情绪突变反转 × 影响力,ind_ret_5m,0,15,0.7333,0.006675,0.03485,ai_tools,AI 工具 / Agent,all,5m,5分钟,638
sig_contrarian_top3,sum,sig_contrarian_top3_sum,仅Top3 KOL的反转信号（日频 sum）,ind_ret_5m,0,15,0.617,0.001769,0.013622,ai_tools,AI 工具 / Agent,all,5m,5分钟,638
sig_consensus_contrarian,sum,sig_consensus_contrarian_sum,行业共识情绪反转（|均值|×影响力）,ind_ret_5m,0,15,0.6127,0.003742,-0.003625,ai_tools,AI 工具 / Agent,all,5m,5分钟,638
sig_nlp_minus_lex,sum,sig_nlp_minus_lex_sum,NLP 与词典差 × 反转,ind_ret_5m,0,15,0.6092,0.001769,0.011772,ai_tools,AI 工具 / Agent,all,5m,5分钟,638
sig_contrarian,sum,sig_contrarian_sum,−Sentiment × Influence（反转）,ind_ret_5m,0,15,0.607,0.001769,0.011772,ai_tools,AI 工具 / Agent,all,5m,5分钟,638
sig_contrarian_orig,sum,sig_contrarian_orig_sum,仅原创帖（非 RT）反转,ind_ret_5m,0,15,0.6012,0.003303,0.01152,ai_tools,AI 工具 / Agent,all,5m,5分钟,638
sig_contrarian_x_viral,sum,sig_contrarian_x_viral_sum,反转 × 互动惊喜度（连续加权）,ind_ret_5m,0,15,0.5954,0.002057,0.011772,ai_tools,AI 工具 / Agent,all,5m,5分钟,638
sig_bull_fade,sum,sig_bull_fade_sum,仅明显看多帖反转（拥挤做多）,ind_ret_5m,0,15,0.5825,0.002402,-0.001781,ai_tools,AI 工具 / Agent,all,5m,5分钟,638
sig_dispersion_contrarian,sum,sig_dispersion_contrarian_sum,高分歧日 × 情绪反转,ind_ret_5m,0,15,0.5813,0.000388,-0.00254,ai_tools,AI 工具 / Agent,all,5m,5分钟,638
sig_strong_bull_fade,sum,sig_strong_bull_fade_sum,强看多 (s>0.2) 反转,ind_ret_5m,0,15,0.5748,0.002402,-0.001781,ai_tools,AI 工具 / Agent,all,5m,5分钟,638
sig_viral_contrarian,sum,sig_viral_contrarian_sum,高互动惊喜帖才做情绪反转,ind_ret_5m,0,15,0.5697,0.004721,0.012134,ai_tools,AI 工具 / Agent,all,5m,5分钟,638
sig_post_burst_contrarian,sum,sig_post_burst_contrarian_sum,发帖密集日 × 情绪反转,ind_ret_5m,0,15,0.5668,0.001769,-0.003625,ai_tools,AI 工具 / Agent,all,5m,5分钟,638
sig_surprise_contrarian,sum,sig_surprise_contrarian_sum,相对该 KOL 历史情绪的意外 × 反转,ind_ret_5m,0,15,0.5648,0.004875,0.008479,ai_tools,AI 工具 / Agent,all,5m,5分钟,638
sig_imbalance_contrarian,sum,sig_imbalance_contrarian_sum,情绪方向 × 影响力反转,ind_ret_5m,0,15,0.5589,0.001483,-0.006266,ai_tools,AI 工具 / Agent,all,5m,5分钟,638
sig_extreme_contrarian,sum,sig_extreme_contrarian_sum,仅极端情绪帖（|s|≥0.2）反转,ind_ret_5m,0,15,0.5557,0.001996,0.002427,ai_tools,AI 工具 / Agent,all,5m,5分钟,638
sig_contrarian_views,sum,sig_contrarian_views_sum,反转 × log(views),ind_ret_5m,0,15,0.5464,0.001023,-0.009652,ai_tools,AI 工具 / Agent,all,5m,5分钟,638
sig_kol_breadth_contrarian,sum,sig_kol_breadth_contrarian_sum,参与 KOL 数 × 情绪反转,ind_ret_5m,0,15,0.5002,0.004436,-0.003625,ai_tools,AI 工具 / Agent,all,5m,5分钟,638
sig_unanimity_contrarian,sum,sig_unanimity_contrarian_sum,低分歧时加强反转（一致预期）,ind_ret_5m,0,15,0.4411,0.003742,-0.003625,ai_tools,AI 工具 / Agent,all,5m,5分钟,638
sig_bull_fade,wmean,sig_bull_fade_wmean,仅明显看多帖反转（拥挤做多）,ind_ret_5m,0,15,0.4172,0.003059,-0.001781,ai_tools,AI 工具 / Agent,all,5m,5分钟,638
sig_contrarian_views,wmean,sig_contrarian_views_wmean,反转 × log(views),ind_ret_5m,0,15,0.4139,0.003795,0.01152,ai_tools,AI 工具 / Agent,all,5m,5分钟,638
sig_contrarian_top3,wmean,sig_contrarian_top3_wmean,仅Top3 KOL的反转信号（日频 sum）,ind_ret_5m,0,15,0.3953,0.002832,0.013622,ai_tools,AI 工具 / Agent,all,5m,5分钟,638
sig_contrarian,wmean,sig_contrarian_wmean,−Sentiment × Influence（反转）,ind_ret_5m,0,15,0.3898,0.002832,0.011772,ai_tools,AI 工具 / Agent,all,5m,5分钟,638
sig_contrarian_x_viral,wmean,sig_contrarian_x_viral_wmean,反转 × 互动惊喜度（连续加权）,ind_ret_5m,0,15,0.3865,0.00419,0.011772,ai_tools,AI 工具 / Agent,all,5m,5分钟,638
sig_nlp_minus_lex,wmean,sig_nlp_minus_lex_wmean,NLP 与词典差 × 反转,ind_ret_5m,0,15,0.386,0.002832,0.011772,ai_tools,AI 工具 / Agent,all,5m,5分钟,638
sig_strong_bull_fade,wmean,sig_strong_bull_fade_wmean,强看多 (s>0.2) 反转,ind_ret_5m,0,15,0.3826,0.003059,-0.001781,ai_tools,AI 工具 / Agent,all,5m,5分钟,638
sig_imbalance_contrarian,wmean,sig_imbalance_contrarian_wmean,情绪方向 × 影响力反转,ind_ret_5m,0,15,0.3824,0.005114,-0.006266,ai_tools,AI 工具 / Agent,all,5m,5分钟,638
sig_contrarian_orig,wmean,sig_contrarian_orig_wmean,仅原创帖（非 RT）反转,ind_ret_5m,0,15,0.3806,0.004713,0.01152,ai_tools,AI 工具 / Agent,all,5m,5分钟,638
sig_rank1_contrarian,sum,sig_rank1_contrarian_sum,仅行业 #1 KOL 反转,ind_ret_5m,0,15,0.3753,0.001769,0.013622,ai_tools,AI 工具 / Agent,all,5m,5分钟,638
sig_extreme_contrarian,wmean,sig_extreme_contrarian_wmean,仅极端情绪帖（|s|≥0.2）反转,ind_ret_5m,0,15,0.3379,0.001628,0.002427,ai_tools,AI 工具 / Agent,all,5m,5分钟,638
sig_viral_contrarian,wmean,sig_viral_contrarian_wmean,高互动惊喜帖才做情绪反转,ind_ret_5m,0,15,0.3371,0.004721,0.012134,ai_tools,AI 工具 / Agent,all,5m,5分钟,638
sig_surprise_contrarian,wmean,sig_surprise_contrarian_wmean,相对该 KOL 历史情绪的意外 × 反转,ind_ret_5m,0,15,0.2754,0.003451,0.008479,ai_tools,AI 工具 / Agent,all,5m,5分钟,638
sig_bear_crowd,sum,sig_bear_crowd_sum,看空帖占比 × 情绪反转（恐慌反弹）,ind_ret_5m,0,15,0.214,-0.000117,-0.000624,ai_tools,AI 工具 / Agent,all,5m,5分钟,638
sig_bear_bounce,wmean,sig_bear_bounce_wmean,仅明显看空帖反转（恐慌反弹）,ind_ret_5m,0,15,0.2118,0.001859,0.003264,ai_tools,AI 工具 / Agent,all,5m,5分钟,638
sig_rank1_contrarian,wmean,sig_rank1_contrarian_wmean,仅行业 #1 KOL 反转,ind_ret_5m,0,15,0.1394,0.001532,0.013622,ai_tools,AI 工具 / Agent,all,5m,5分钟,638
sig_bear_x_eng,wmean,sig_bear_x_eng_wmean,看空帖 × 互动惊喜 × 反转,ind_ret_5m,0,15,0.1362,-0.000567,0.000199,ai_tools,AI 工具 / Agent,all,5m,5分钟,638
sig_strong_bear_only,wmean,sig_strong_bear_only_wmean,强看空 (s<-0.2) 反转,ind_ret_5m,0,15,0.1285,-0.003041,-0.00805,ai_tools,AI 工具 / Agent,all,5m,5分钟,638
sig_dual_confirm_contra,wmean,sig_dual_confirm_contra_wmean,看空 + 高互动双重确认反转,ind_ret_5m,0,15,0.1175,-0.000389,-0.003417,ai_tools,AI 工具 / Agent,all,5m,5分钟,638
sig_bear_only,sum,sig_bear_only_sum,仅看空情绪 × Influence,ind_ret_5m,0,15,0.0635,0.001085,0.003779,ai_tools,AI 工具 / Agent,all,5m,5分钟,638
sig_rt_contrarian,wmean,sig_rt_contrarian_wmean,仅转发帖反转,ind_ret_5m,0,15,0.0326,-0.000386,-0.004559,ai_tools,AI 工具 / Agent,all,5m,5分钟,638
sig_bear_bounce,sum,sig_bear_bounce_sum,仅明显看空帖反转（恐慌反弹）,ind_ret_5m,0,15,0.0211,-0.000294,0.003264,ai_tools,AI 工具 / Agent,all,5m,5分钟,638
sig_rt_contrarian,sum,sig_rt_contrarian_sum,仅转发帖反转,ind_ret_5m,0,15,0.0193,-0.000386,-0.004559,ai_tools,AI 工具 / Agent,all,5m,5分钟,638
sig_bear_x_eng,sum,sig_bear_x_eng_sum,看空帖 × 互动惊喜 × 反转,ind_ret_5m,0,15,-0.1215,-0.000567,0.000199,ai_tools,AI 工具 / Agent,all,5m,5分钟,638
sig_attention_raw,wmean,sig_attention_raw_wmean,纯 Influence（无情绪）,ind_ret_5m,0,15,-0.132,0.00283,0.006266,ai_tools,AI 工具 / Agent,all,5m,5分钟,638
sig_strong_bear_only,sum,sig_strong_bear_only_sum,强看空 (s<-0.2) 反转,ind_ret_5m,0,15,-0.1335,-0.003041,-0.00805,ai_tools,AI 工具 / Agent,all,5m,5分钟,638
sig_rank1_momentum,wmean,sig_rank1_momentum_wmean,仅行业 #1 KOL 跟随,ind_ret_5m,0,15,-0.1394,-0.001532,-0.013622,ai_tools,AI 工具 / Agent,all,5m,5分钟,638
sig_dual_confirm_contra,sum,sig_dual_confirm_contra_sum,看空 + 高互动双重确认反转,ind_ret_5m,0,15,-0.141,-0.000389,-0.003417,ai_tools,AI 工具 / Agent,all,5m,5分钟,638
sig_bear_crowd_strict,sum,sig_bear_crowd_strict_sum,严格恐慌：bear_ratio>0.5 才 bear_crowd,ind_ret_5m,0,15,-0.1944,-0.000235,-0.001567,ai_tools,AI 工具 / Agent,all,5m,5分钟,638
sig_bear_only,wmean,sig_bear_only_wmean,仅看空情绪 × Influence,ind_ret_5m,0,15,-0.1993,-0.000937,0.003779,ai_tools,AI 工具 / Agent,all,5m,5分钟,638
sig_attention,wmean,sig_attention_wmean,Influence × sign(Sentiment),ind_ret_5m,0,15,-0.2454,-0.004317,-0.023086,ai_tools,AI 工具 / Agent,all,5m,5分钟,638
sig_disagreement,sum,sig_disagreement_sum,sig_disagreement,ind_ret_5m,0,15,-0.2629,-0.00086,-0.000951,ai_tools,AI 工具 / Agent,all,5m,5分钟,638
sig_engagement,wmean,sig_engagement_wmean,情绪 × 相对自身互动惊喜度,ind_ret_5m,0,15,-0.3378,-0.003156,-0.008454,ai_tools,AI 工具 / Agent,all,5m,5分钟,638
sig_bull_x_eng,wmean,sig_bull_x_eng_wmean,看多帖 × 互动惊喜（对照）,ind_ret_5m,0,15,-0.3422,-0.003156,0.008263,ai_tools,AI 工具 / Agent,all,5m,5分钟,638
sig_rank_weighted,wmean,sig_rank_weighted_wmean,Sentiment × Influence × Top排名权重,ind_ret_5m,0,15,-0.3476,-0.001401,-0.011772,ai_tools,AI 工具 / Agent,all,5m,5分钟,638
sig_rank1_momentum,sum,sig_rank1_momentum_sum,仅行业 #1 KOL 跟随,ind_ret_5m,0,15,-0.3753,-0.001769,-0.013622,ai_tools,AI 工具 / Agent,all,5m,5分钟,638
sig_original_post,wmean,sig_original_post_wmean,非转发帖 × Sentiment × Influence,ind_ret_5m,0,15,-0.3806,-0.004713,-0.01152,ai_tools,AI 工具 / Agent,all,5m,5分钟,638
sig_baseline,wmean,sig_baseline_wmean,Sentiment × Influence（原版）,ind_ret_5m,0,15,-0.3898,-0.002832,-0.011772,ai_tools,AI 工具 / Agent,all,5m,5分钟,638
sig_momentum,wmean,sig_momentum_wmean,跟随情绪 × 影响力（非反转）,ind_ret_5m,0,15,-0.3898,-0.002832,-0.011772,ai_tools,AI 工具 / Agent,all,5m,5分钟,638
sig_top_rank_only,wmean,sig_top_rank_only_wmean,仅行业排名前3 KOL,ind_ret_5m,0,15,-0.3953,-0.002832,-0.013622,ai_tools,AI 工具 / Agent,all,5m,5分钟,638
sig_views_weighted,wmean,sig_views_weighted_wmean,情绪 × log(views),ind_ret_5m,0,15,-0.4139,-0.003795,-0.01152,ai_tools,AI 工具 / Agent,all,5m,5分钟,638
sig_bull_only,wmean,sig_bull_only_wmean,仅看多情绪 × Influence,ind_ret_5m,0,15,-0.434,-0.002832,0.0032,ai_tools,AI 工具 / Agent,all,5m,5分钟,638
sig_attention_raw,sum,sig_attention_raw_sum,纯 Influence（无情绪）,ind_ret_5m,0,15,-0.4481,-0.001763,0.006266,ai_tools,AI 工具 / Agent,all,5m,5分钟,638
sig_sentiment_x_likes,wmean,sig_sentiment_x_likes_wmean,Sentiment × log(1+likes),ind_ret_5m,0,15,-0.5088,-0.003156,-0.008454,ai_tools,AI 工具 / Agent,all,5m,5分钟,638
sig_sentiment_x_likes,sum,sig_sentiment_x_likes_sum,Sentiment × log(1+likes),ind_ret_5m,0,15,-0.5293,-0.001023,-0.008454,ai_tools,AI 工具 / Agent,all,5m,5分钟,638
sig_views_weighted,sum,sig_views_weighted_sum,情绪 × log(views),ind_ret_5m,0,15,-0.5464,-0.001023,0.009652,ai_tools,AI 工具 / Agent,all,5m,5分钟,638
sig_engagement,sum,sig_engagement_sum,情绪 × 相对自身互动惊喜度,ind_ret_5m,0,15,-0.5501,-5.5e-05,0.006943,ai_tools,AI 工具 / Agent,all,5m,5分钟,638
sig_momentum_daily,sum,sig_momentum_daily_sum,跟随行业情绪动量（非反转）,ind_ret_5m,0,15,-0.5504,-0.001769,0.003625,ai_tools,AI 工具 / Agent,all,5m,5分钟,638
sig_bull_x_eng,sum,sig_bull_x_eng_sum,看多帖 × 互动惊喜（对照）,ind_ret_5m,0,15,-0.5603,-0.001023,0.008263,ai_tools,AI 工具 / Agent,all,5m,5分钟,638
sig_bull_only,sum,sig_bull_only_sum,仅看多情绪 × Influence,ind_ret_5m,0,15,-0.5898,-0.001769,0.0032,ai_tools,AI 工具 / Agent,all,5m,5分钟,638
sig_original_post,sum,sig_original_post_sum,非转发帖 × Sentiment × Influence,ind_ret_5m,0,15,-0.6012,-0.003303,-0.01152,ai_tools,AI 工具 / Agent,all,5m,5分钟,638
sig_momentum,sum,sig_momentum_sum,跟随情绪 × 影响力（非反转）,ind_ret_5m,0,15,-0.607,-0.001769,-0.011772,ai_tools,AI 工具 / Agent,all,5m,5分钟,638
sig_baseline,sum,sig_baseline_sum,Sentiment × Influence（原版）,ind_ret_5m,0,15,-0.607,-0.001769,-0.011772,ai_tools,AI 工具 / Agent,all,5m,5分钟,638
sig_attention,sum,sig_attention_sum,Influence × sign(Sentiment),ind_ret_5m,0,15,-0.6075,-0.006304,-0.023086,ai_tools,AI 工具 / Agent,all,5m,5分钟,638
sig_rank_weighted,sum,sig_rank_weighted_sum,Sentiment × Influence × Top排名权重,ind_ret_5m,0,15,-0.6076,-0.001769,-0.011772,ai_tools,AI 工具 / Agent,all,5m,5分钟,638
sig_bull_crowd,sum,sig_bull_crowd_sum,看多帖占比 × 情绪（拥挤做多，对照）,ind_ret_5m,0,15,-0.6102,-0.003742,-0.001008,ai_tools,AI 工具 / Agent,all,5m,5分钟,638
sig_top_rank_only,sum,sig_top_rank_only_sum,仅行业排名前3 KOL,ind_ret_5m,0,15,-0.617,-0.001769,-0.013622,ai_tools,AI 工具 / Agent,all,5m,5分钟,638
sig_net_crowd_contrarian,sum,sig_net_crowd_contrarian_sum,(看空占比−看多占比) × 情绪反转,ind_ret_5m,0,15,-0.6331,-0.007544,0.003378,ai_tools,AI 工具 / Agent,all,5m,5分钟,638
sig_sentiment_delta,sum,sig_sentiment_delta_sum,情绪相对5日均值突变 × 当日影响力,ind_ret_5m,0,15,-0.7333,-0.006675,-0.03485,ai_tools,AI 工具 / Agent,all,5m,5分钟,638
sig_nlp_lex_disagree,sum,sig_nlp_lex_disagree_sum,NLP 与词典情绪不一致时反转,ind_ret_5m,0,15,,,,ai_tools,AI 工具 / Agent,all,5m,5分钟,638
sig_nlp_lex_disagree,wmean,sig_nlp_lex_disagree_wmean,NLP 与词典情绪不一致时反转,ind_ret_5m,0,15,,,,ai_tools,AI 工具 / Agent,all,5m,5分钟,638
sig_attention_raw,sum,sig_attention_raw_sum,纯 Influence（无情绪）,ind_ret_5m,0,2,,,,consumer_tech,消费科技,all,5m,5分钟,638
sig_attention_raw,wmean,sig_attention_raw_wmean,纯 Influence（无情绪）,ind_ret_5m,0,2,,,,consumer_tech,消费科技,all,5m,5分钟,638
sig_attention,sum,sig_attention_sum,Influence × sign(Sentiment),ind_ret_5m,0,2,,,,consumer_tech,消费科技,all,5m,5分钟,638
sig_attention,wmean,sig_attention_wmean,Influence × sign(Sentiment),ind_ret_5m,0,2,,,,consumer_tech,消费科技,all,5m,5分钟,638
sig_baseline,sum,sig_baseline_sum,Sentiment × Influence（原版）,ind_ret_5m,0,2,,,,consumer_tech,消费科技,all,5m,5分钟,638
sig_baseline,wmean,sig_baseline_wmean,Sentiment × Influence（原版）,ind_ret_5m,0,2,,,,consumer_tech,消费科技,all,5m,5分钟,638
sig_bear_bounce,sum,sig_bear_bounce_sum,仅明显看空帖反转（恐慌反弹）,ind_ret_5m,0,2,,,,consumer_tech,消费科技,all,5m,5分钟,638
sig_bear_bounce,wmean,sig_bear_bounce_wmean,仅明显看空帖反转（恐慌反弹）,ind_ret_5m,0,2,,,,consumer_tech,消费科技,all,5m,5分钟,638
sig_bear_crowd_strict,sum,sig_bear_crowd_strict_sum,严格恐慌：bear_ratio>0.5 才 bear_crowd,ind_ret_5m,0,2,,,,consumer_tech,消费科技,all,5m,5分钟,638
sig_bear_crowd,sum,sig_bear_crowd_sum,看空帖占比 × 情绪反转（恐慌反弹）,ind_ret_5m,0,2,,,,consumer_tech,消费科技,all,5m,5分钟,638
sig_bear_only,sum,sig_bear_only_sum,仅看空情绪 × Influence,ind_ret_5m,0,2,,,,consumer_tech,消费科技,all,5m,5分钟,638
sig_bear_only,wmean,sig_bear_only_wmean,仅看空情绪 × Influence,ind_ret_5m,0,2,,,,consumer_tech,消费科技,all,5m,5分钟,638
sig_bear_x_eng,sum,sig_bear_x_eng_sum,看空帖 × 互动惊喜 × 反转,ind_ret_5m,0,2,,,,consumer_tech,消费科技,all,5m,5分钟,638
sig_bear_x_eng,wmean,sig_bear_x_eng_wmean,看空帖 × 互动惊喜 × 反转,ind_ret_5m,0,2,,,,consumer_tech,消费科技,all,5m,5分钟,638
sig_bull_crowd,sum,sig_bull_crowd_sum,看多帖占比 × 情绪（拥挤做多，对照）,ind_ret_5m,0,2,,,,consumer_tech,消费科技,all,5m,5分钟,638
sig_bull_fade,sum,sig_bull_fade_sum,仅明显看多帖反转（拥挤做多）,ind_ret_5m,0,2,,,,consumer_tech,消费科技,all,5m,5分钟,638
sig_bull_fade,wmean,sig_bull_fade_wmean,仅明显看多帖反转（拥挤做多）,ind_ret_5m,0,2,,,,consumer_tech,消费科技,all,5m,5分钟,638
sig_bull_only,sum,sig_bull_only_sum,仅看多情绪 × Influence,ind_ret_5m,0,2,,,,consumer_tech,消费科技,all,5m,5分钟,638
sig_bull_only,wmean,sig_bull_only_wmean,仅看多情绪 × Influence,ind_ret_5m,0,2,,,,consumer_tech,消费科技,all,5m,5分钟,638
sig_bull_x_eng,sum,sig_bull_x_eng_sum,看多帖 × 互动惊喜（对照）,ind_ret_5m,0,2,,,,consumer_tech,消费科技,all,5m,5分钟,638
sig_bull_x_eng,wmean,sig_bull_x_eng_wmean,看多帖 × 互动惊喜（对照）,ind_ret_5m,0,2,,,,consumer_tech,消费科技,all,5m,5分钟,638
sig_consensus_contrarian,sum,sig_consensus_contrarian_sum,行业共识情绪反转（|均值|×影响力）,ind_ret_5m,0,2,,,,consumer_tech,消费科技,all,5m,5分钟,638
sig_contrarian_orig,sum,sig_contrarian_orig_sum,仅原创帖（非 RT）反转,ind_ret_5m,0,2,,,,consumer_tech,消费科技,all,5m,5分钟,638
sig_contrarian_orig,wmean,sig_contrarian_orig_wmean,仅原创帖（非 RT）反转,ind_ret_5m,0,2,,,,consumer_tech,消费科技,all,5m,5分钟,638
sig_contrarian,sum,sig_contrarian_sum,−Sentiment × Influence（反转）,ind_ret_5m,0,2,,,,consumer_tech,消费科技,all,5m,5分钟,638
sig_contrarian_top3,sum,sig_contrarian_top3_sum,仅Top3 KOL的反转信号（日频 sum）,ind_ret_5m,0,2,,,,consumer_tech,消费科技,all,5m,5分钟,638
sig_contrarian_top3,wmean,sig_contrarian_top3_wmean,仅Top3 KOL的反转信号（日频 sum）,ind_ret_5m,0,2,,,,consumer_tech,消费科技,all,5m,5分钟,638
sig_contrarian_views,sum,sig_contrarian_views_sum,反转 × log(views),ind_ret_5m,0,2,,,,consumer_tech,消费科技,all,5m,5分钟,638
sig_contrarian_views,wmean,sig_contrarian_views_wmean,反转 × log(views),ind_ret_5m,0,2,,,,consumer_tech,消费科技,all,5m,5分钟,638
sig_contrarian,wmean,sig_contrarian_wmean,−Sentiment × Influence（反转）,ind_ret_5m,0,2,,,,consumer_tech,消费科技,all,5m,5分钟,638
sig_contrarian_x_viral,sum,sig_contrarian_x_viral_sum,反转 × 互动惊喜度（连续加权）,ind_ret_5m,0,2,,,,consumer_tech,消费科技,all,5m,5分钟,638
sig_contrarian_x_viral,wmean,sig_contrarian_x_viral_wmean,反转 × 互动惊喜度（连续加权）,ind_ret_5m,0,2,,,,consumer_tech,消费科技,all,5m,5分钟,638
sig_disagreement,sum,sig_disagreement_sum,sig_disagreement,ind_ret_5m,0,2,,,,consumer_tech,消费科技,all,5m,5分钟,638
sig_dispersion_contrarian,sum,sig_dispersion_contrarian_sum,高分歧日 × 情绪反转,ind_ret_5m,0,2,,,,consumer_tech,消费科技,all,5m,5分钟,638
sig_dual_confirm_contra,sum,sig_dual_confirm_contra_sum,看空 + 高互动双重确认反转,ind_ret_5m,0,2,,,,consumer_tech,消费科技,all,5m,5分钟,638
sig_dual_confirm_contra,wmean,sig_dual_confirm_contra_wmean,看空 + 高互动双重确认反转,ind_ret_5m,0,2,,,,consumer_tech,消费科技,all,5m,5分钟,638
sig_engagement,sum,sig_engagement_sum,情绪 × 相对自身互动惊喜度,ind_ret_5m,0,2,,,,consumer_tech,消费科技,all,5m,5分钟,638
sig_engagement,wmean,sig_engagement_wmean,情绪 × 相对自身互动惊喜度,ind_ret_5m,0,2,,,,consumer_tech,消费科技,all,5m,5分钟,638
sig_extreme_contrarian,sum,sig_extreme_contrarian_sum,仅极端情绪帖（|s|≥0.2）反转,ind_ret_5m,0,2,,,,consumer_tech,消费科技,all,5m,5分钟,638
sig_extreme_contrarian,wmean,sig_extreme_contrarian_wmean,仅极端情绪帖（|s|≥0.2）反转,ind_ret_5m,0,2,,,,consumer_tech,消费科技,all,5m,5分钟,638
sig_imbalance_contrarian,sum,sig_imbalance_contrarian_sum,情绪方向 × 影响力反转,ind_ret_5m,0,2,,,,consumer_tech,消费科技,all,5m,5分钟,638
sig_imbalance_contrarian,wmean,sig_imbalance_contrarian_wmean,情绪方向 × 影响力反转,ind_ret_5m,0,2,,,,consumer_tech,消费科技,all,5m,5分钟,638
sig_kol_breadth_contrarian,sum,sig_kol_breadth_contrarian_sum,参与 KOL 数 × 情绪反转,ind_ret_5m,0,2,,,,consumer_tech,消费科技,all,5m,5分钟,638
sig_momentum_daily,sum,sig_momentum_daily_sum,跟随行业情绪动量（非反转）,ind_ret_5m,0,2,,,,consumer_tech,消费科技,all,5m,5分钟,638
sig_momentum,sum,sig_momentum_sum,跟随情绪 × 影响力（非反转）,ind_ret_5m,0,2,,,,consumer_tech,消费科技,all,5m,5分钟,638
sig_momentum,wmean,sig_momentum_wmean,跟随情绪 × 影响力（非反转）,ind_ret_5m,0,2,,,,consumer_tech,消费科技,all,5m,5分钟,638
sig_net_crowd_contrarian,sum,sig_net_crowd_contrarian_sum,(看空占比−看多占比) × 情绪反转,ind_ret_5m,0,2,,,,consumer_tech,消费科技,all,5m,5分钟,638
sig_nlp_lex_disagree,sum,sig_nlp_lex_disagree_sum,NLP 与词典情绪不一致时反转,ind_ret_5m,0,2,,,,consumer_tech,消费科技,all,5m,5分钟,638
sig_nlp_lex_disagree,wmean,sig_nlp_lex_disagree_wmean,NLP 与词典情绪不一致时反转,ind_ret_5m,0,2,,,,consumer_tech,消费科技,all,5m,5分钟,638
sig_nlp_minus_lex,sum,sig_nlp_minus_lex_sum,NLP 与词典差 × 反转,ind_ret_5m,0,2,,,,consumer_tech,消费科技,all,5m,5分钟,638
sig_nlp_minus_lex,wmean,sig_nlp_minus_lex_wmean,NLP 与词典差 × 反转,ind_ret_5m,0,2,,,,consumer_tech,消费科技,all,5m,5分钟,638
sig_original_post,sum,sig_original_post_sum,非转发帖 × Sentiment × Influence,ind_ret_5m,0,2,,,,consumer_tech,消费科技,all,5m,5分钟,638
sig_original_post,wmean,sig_original_post_wmean,非转发帖 × Sentiment × Influence,ind_ret_5m,0,2,,,,consumer_tech,消费科技,all,5m,5分钟,638
sig_post_burst_contrarian,sum,sig_post_burst_contrarian_sum,发帖密集日 × 情绪反转,ind_ret_5m,0,2,,,,consumer_tech,消费科技,all,5m,5分钟,638
sig_rank1_contrarian,sum,sig_rank1_contrarian_sum,仅行业 #1 KOL 反转,ind_ret_5m,0,2,,,,consumer_tech,消费科技,all,5m,5分钟,638
sig_rank1_contrarian,wmean,sig_rank1_contrarian_wmean,仅行业 #1 KOL 反转,ind_ret_5m,0,2,,,,consumer_tech,消费科技,all,5m,5分钟,638
sig_rank1_momentum,sum,sig_rank1_momentum_sum,仅行业 #1 KOL 跟随,ind_ret_5m,0,2,,,,consumer_tech,消费科技,all,5m,5分钟,638
sig_rank1_momentum,wmean,sig_rank1_momentum_wmean,仅行业 #1 KOL 跟随,ind_ret_5m,0,2,,,,consumer_tech,消费科技,all,5m,5分钟,638
sig_rank_weighted,sum,sig_rank_weighted_sum,Sentiment × Influence × Top排名权重,ind_ret_5m,0,2,,,,consumer_tech,消费科技,all,5m,5分钟,638
sig_rank_weighted,wmean,sig_rank_weighted_wmean,Sentiment × Influence × Top排名权重,ind_ret_5m,0,2,,,,consumer_tech,消费科技,all,5m,5分钟,638
sig_rt_contrarian,sum,sig_rt_contrarian_sum,仅转发帖反转,ind_ret_5m,0,2,,,,consumer_tech,消费科技,all,5m,5分钟,638
sig_rt_contrarian,wmean,sig_rt_contrarian_wmean,仅转发帖反转,ind_ret_5m,0,2,,,,consumer_tech,消费科技,all,5m,5分钟,638
sig_sentiment_delta_contra,sum,sig_sentiment_delta_contra_sum,情绪突变反转 × 影响力,ind_ret_5m,0,0,,,,consumer_tech,消费科技,all,5m,5分钟,638
sig_sentiment_delta,sum,sig_sentiment_delta_sum,情绪相对5日均值突变 × 当日影响力,ind_ret_5m,0,0,,,,consumer_tech,消费科技,all,5m,5分钟,638
sig_sentiment_x_likes,sum,sig_sentiment_x_likes_sum,Sentiment × log(1+likes),ind_ret_5m,0,2,,,,consumer_tech,消费科技,all,5m,5分钟,638
sig_sentiment_x_likes,wmean,sig_sentiment_x_likes_wmean,Sentiment × log(1+likes),ind_ret_5m,0,2,,,,consumer_tech,消费科技,all,5m,5分钟,638
sig_strong_bear_only,sum,sig_strong_bear_only_sum,强看空 (s<-0.2) 反转,ind_ret_5m,0,2,,,,consumer_tech,消费科技,all,5m,5分钟,638
sig_strong_bear_only,wmean,sig_strong_bear_only_wmean,强看空 (s<-0.2) 反转,ind_ret_5m,0,2,,,,consumer_tech,消费科技,all,5m,5分钟,638
sig_strong_bull_fade,sum,sig_strong_bull_fade_sum,强看多 (s>0.2) 反转,ind_ret_5m,0,2,,,,consumer_tech,消费科技,all,5m,5分钟,638
sig_strong_bull_fade,wmean,sig_strong_bull_fade_wmean,强看多 (s>0.2) 反转,ind_ret_5m,0,2,,,,consumer_tech,消费科技,all,5m,5分钟,638
sig_surprise_contrarian,sum,sig_surprise_contrarian_sum,相对该 KOL 历史情绪的意外 × 反转,ind_ret_5m,0,2,,,,consumer_tech,消费科技,all,5m,5分钟,638
sig_surprise_contrarian,wmean,sig_surprise_contrarian_wmean,相对该 KOL 历史情绪的意外 × 反转,ind_ret_5m,0,2,,,,consumer_tech,消费科技,all,5m,5分钟,638
sig_top_rank_only,sum,sig_top_rank_only_sum,仅行业排名前3 KOL,ind_ret_5m,0,2,,,,consumer_tech,消费科技,all,5m,5分钟,638
sig_top_rank_only,wmean,sig_top_rank_only_wmean,仅行业排名前3 KOL,ind_ret_5m,0,2,,,,consumer_tech,消费科技,all,5m,5分钟,638
sig_unanimity_contrarian,sum,sig_unanimity_contrarian_sum,低分歧时加强反转（一致预期）,ind_ret_5m,0,2,,,,consumer_tech,消费科技,all,5m,5分钟,638
sig_views_weighted,sum,sig_views_weighted_sum,情绪 × log(views),ind_ret_5m,0,2,,,,consumer_tech,消费科技,all,5m,5分钟,638
sig_views_weighted,wmean,sig_views_weighted_wmean,情绪 × log(views),ind_ret_5m,0,2,,,,consumer_tech,消费科技,all,5m,5分钟,638
sig_viral_contrarian,sum,sig_viral_contrarian_sum,高互动惊喜帖才做情绪反转,ind_ret_5m,0,2,,,,consumer_tech,消费科技,all,5m,5分钟,638
sig_viral_contrarian,wmean,sig_viral_contrarian_wmean,高互动惊喜帖才做情绪反转,ind_ret_5m,0,2,,,,consumer_tech,消费科技,all,5m,5分钟,638
sig_rt_contrarian,wmean,sig_rt_contrarian_wmean,仅转发帖反转,ind_ret_5m,0,23,0.4013,0.000845,0.003764,crypto,加密,all,5m,5分钟,638
sig_contrarian,wmean,sig_contrarian_wmean,−Sentiment × Influence（反转）,ind_ret_5m,0,23,0.2254,0.000842,0.003658,crypto,加密,all,5m,5分钟,638
sig_bear_bounce,wmean,sig_bear_bounce_wmean,仅明显看空帖反转（恐慌反弹）,ind_ret_5m,0,23,0.2207,0.000496,0.003269,crypto,加密,all,5m,5分钟,638
sig_bull_fade,wmean,sig_bull_fade_wmean,仅明显看多帖反转（拥挤做多）,ind_ret_5m,0,23,0.1903,0.000462,0.002386,crypto,加密,all,5m,5分钟,638
sig_extreme_contrarian,wmean,sig_extreme_contrarian_wmean,仅极端情绪帖（|s|≥0.2）反转,ind_ret_5m,0,23,0.1748,0.000503,0.002672,crypto,加密,all,5m,5分钟,638
sig_strong_bull_fade,wmean,sig_strong_bull_fade_wmean,强看多 (s>0.2) 反转,ind_ret_5m,0,23,0.1629,0.000296,0.001269,crypto,加密,all,5m,5分钟,638
sig_contrarian_x_viral,wmean,sig_contrarian_x_viral_wmean,反转 × 互动惊喜度（连续加权）,ind_ret_5m,0,23,0.1592,0.000378,0.003658,crypto,加密,all,5m,5分钟,638
sig_bear_only,sum,sig_bear_only_sum,仅看空情绪 × Influence,ind_ret_5m,0,23,0.1549,0.000102,-0.003045,crypto,加密,all,5m,5分钟,638
sig_imbalance_contrarian,wmean,sig_imbalance_contrarian_wmean,情绪方向 × 影响力反转,ind_ret_5m,0,23,0.1309,0.000119,-0.002488,crypto,加密,all,5m,5分钟,638
sig_imbalance_contrarian,sum,sig_imbalance_contrarian_sum,情绪方向 × 影响力反转,ind_ret_5m,0,23,0.1159,0.000984,-0.002488,crypto,加密,all,5m,5分钟,638
sig_strong_bear_only,wmean,sig_strong_bear_only_wmean,强看空 (s<-0.2) 反转,ind_ret_5m,0,23,0.1136,0.000332,0.001355,crypto,加密,all,5m,5分钟,638
sig_contrarian_orig,wmean,sig_contrarian_orig_wmean,仅原创帖（非 RT）反转,ind_ret_5m,0,23,0.1099,0.000464,0.001019,crypto,加密,all,5m,5分钟,638
sig_bull_fade,sum,sig_bull_fade_sum,仅明显看多帖反转（拥挤做多）,ind_ret_5m,0,23,0.1057,0.000548,0.002386,crypto,加密,all,5m,5分钟,638
sig_unanimity_contrarian,sum,sig_unanimity_contrarian_sum,低分歧时加强反转（一致预期）,ind_ret_5m,0,23,0.1033,0.000427,0.003658,crypto,加密,all,5m,5分钟,638
sig_strong_bull_fade,sum,sig_strong_bull_fade_sum,强看多 (s>0.2) 反转,ind_ret_5m,0,23,0.1017,0.000432,0.001269,crypto,加密,all,5m,5分钟,638
sig_rt_contrarian,sum,sig_rt_contrarian_sum,仅转发帖反转,ind_ret_5m,0,23,0.0984,0.000438,0.003764,crypto,加密,all,5m,5分钟,638
sig_kol_breadth_contrarian,sum,sig_kol_breadth_contrarian_sum,参与 KOL 数 × 情绪反转,ind_ret_5m,0,23,0.0983,0.000504,0.003658,crypto,加密,all,5m,5分钟,638
sig_contrarian_x_viral,sum,sig_contrarian_x_viral_sum,反转 × 互动惊喜度（连续加权）,ind_ret_5m,0,23,0.0942,0.000514,0.003658,crypto,加密,all,5m,5分钟,638
sig_contrarian,sum,sig_contrarian_sum,−Sentiment × Influence（反转）,ind_ret_5m,0,23,0.0917,0.000223,0.003658,crypto,加密,all,5m,5分钟,638
sig_contrarian_orig,sum,sig_contrarian_orig_sum,仅原创帖（非 RT）反转,ind_ret_5m,0,23,0.0903,0.000268,0.001019,crypto,加密,all,5m,5分钟,638
sig_viral_contrarian,sum,sig_viral_contrarian_sum,高互动惊喜帖才做情绪反转,ind_ret_5m,0,23,0.0873,8.9e-05,-0.000671,crypto,加密,all,5m,5分钟,638
sig_extreme_contrarian,sum,sig_extreme_contrarian_sum,仅极端情绪帖（|s|≥0.2）反转,ind_ret_5m,0,23,0.0871,1.5e-05,0.002672,crypto,加密,all,5m,5分钟,638
sig_contrarian_top3,sum,sig_contrarian_top3_sum,仅Top3 KOL的反转信号（日频 sum）,ind_ret_5m,0,23,0.087,2.3e-05,0.000126,crypto,加密,all,5m,5分钟,638
sig_rank1_contrarian,sum,sig_rank1_contrarian_sum,仅行业 #1 KOL 反转,ind_ret_5m,0,23,0.083,2.3e-05,0.000126,crypto,加密,all,5m,5分钟,638
sig_contrarian_top3,wmean,sig_contrarian_top3_wmean,仅Top3 KOL的反转信号（日频 sum）,ind_ret_5m,0,23,0.0827,2.3e-05,0.000126,crypto,加密,all,5m,5分钟,638
sig_post_burst_contrarian,sum,sig_post_burst_contrarian_sum,发帖密集日 × 情绪反转,ind_ret_5m,0,23,0.0825,6.5e-05,0.003658,crypto,加密,all,5m,5分钟,638
sig_nlp_minus_lex,sum,sig_nlp_minus_lex_sum,NLP 与词典差 × 反转,ind_ret_5m,0,23,0.0824,-0.000102,-0.002049,crypto,加密,all,5m,5分钟,638
sig_rank1_contrarian,wmean,sig_rank1_contrarian_wmean,仅行业 #1 KOL 反转,ind_ret_5m,0,23,0.0801,2.3e-05,0.000126,crypto,加密,all,5m,5分钟,638
sig_nlp_lex_disagree,wmean,sig_nlp_lex_disagree_wmean,NLP 与词典情绪不一致时反转,ind_ret_5m,0,23,0.0768,1.3e-05,0.000188,crypto,加密,all,5m,5分钟,638
sig_nlp_lex_disagree,sum,sig_nlp_lex_disagree_sum,NLP 与词典情绪不一致时反转,ind_ret_5m,0,23,0.0768,1.3e-05,0.000188,crypto,加密,all,5m,5分钟,638
sig_dispersion_contrarian,sum,sig_dispersion_contrarian_sum,高分歧日 × 情绪反转,ind_ret_5m,0,23,0.0736,7.7e-05,-0.002145,crypto,加密,all,5m,5分钟,638
sig_consensus_contrarian,sum,sig_consensus_contrarian_sum,行业共识情绪反转（|均值|×影响力）,ind_ret_5m,0,23,0.0727,0.000427,0.003658,crypto,加密,all,5m,5分钟,638
sig_bear_crowd,sum,sig_bear_crowd_sum,看空帖占比 × 情绪反转（恐慌反弹）,ind_ret_5m,0,23,0.0695,0.000489,0.003705,crypto,加密,all,5m,5分钟,638
sig_contrarian_views,sum,sig_contrarian_views_sum,反转 × log(views),ind_ret_5m,0,23,0.0631,0.000268,0.001019,crypto,加密,all,5m,5分钟,638
sig_nlp_minus_lex,wmean,sig_nlp_minus_lex_wmean,NLP 与词典差 × 反转,ind_ret_5m,0,23,0.0333,0.000446,-0.002049,crypto,加密,all,5m,5分钟,638
sig_sentiment_delta_contra,sum,sig_sentiment_delta_contra_sum,情绪突变反转 × 影响力,ind_ret_5m,0,21,0.0326,0.000205,0.004982,crypto,加密,all,5m,5分钟,638
sig_sentiment_x_likes,wmean,sig_sentiment_x_likes_wmean,Sentiment × log(1+likes),ind_ret_5m,0,23,0.0284,-0.000392,-0.0014,crypto,加密,all,5m,5分钟,638
sig_contrarian_views,wmean,sig_contrarian_views_wmean,反转 × log(views),ind_ret_5m,0,23,0.0049,0.000413,0.001019,crypto,加密,all,5m,5分钟,638
sig_views_weighted,wmean,sig_views_weighted_wmean,情绪 × log(views),ind_ret_5m,0,23,-0.0049,-0.000413,-0.001019,crypto,加密,all,5m,5分钟,638
sig_surprise_contrarian,wmean,sig_surprise_contrarian_wmean,相对该 KOL 历史情绪的意外 × 反转,ind_ret_5m,0,23,-0.0093,-1e-06,0.005515,crypto,加密,all,5m,5分钟,638
sig_viral_contrarian,wmean,sig_viral_contrarian_wmean,高互动惊喜帖才做情绪反转,ind_ret_5m,0,23,-0.0194,8.9e-05,-0.000671,crypto,加密,all,5m,5分钟,638
sig_engagement,wmean,sig_engagement_wmean,情绪 × 相对自身互动惊喜度,ind_ret_5m,0,23,-0.0217,-0.000335,-0.001019,crypto,加密,all,5m,5分钟,638
sig_sentiment_delta,sum,sig_sentiment_delta_sum,情绪相对5日均值突变 × 当日影响力,ind_ret_5m,0,21,-0.0326,-0.000205,-0.004982,crypto,加密,all,5m,5分钟,638
sig_surprise_contrarian,sum,sig_surprise_contrarian_sum,相对该 KOL 历史情绪的意外 × 反转,ind_ret_5m,0,23,-0.0421,-0.0002,0.005515,crypto,加密,all,5m,5分钟,638
sig_bear_crowd_strict,sum,sig_bear_crowd_strict_sum,严格恐慌：bear_ratio>0.5 才 bear_crowd,ind_ret_5m,0,23,-0.0457,0.000535,0.003487,crypto,加密,all,5m,5分钟,638
sig_sentiment_x_likes,sum,sig_sentiment_x_likes_sum,Sentiment × log(1+likes),ind_ret_5m,0,23,-0.0583,-0.000325,-0.0014,crypto,加密,all,5m,5分钟,638
sig_views_weighted,sum,sig_views_weighted_sum,情绪 × log(views),ind_ret_5m,0,23,-0.0631,-0.000268,-0.001019,crypto,加密,all,5m,5分钟,638
sig_engagement,sum,sig_engagement_sum,情绪 × 相对自身互动惊喜度,ind_ret_5m,0,23,-0.0782,-0.000268,-0.001019,crypto,加密,all,5m,5分钟,638
sig_bull_crowd,sum,sig_bull_crowd_sum,看多帖占比 × 情绪（拥挤做多，对照）,ind_ret_5m,0,23,-0.0785,-0.000248,0.001216,crypto,加密,all,5m,5分钟,638
sig_net_crowd_contrarian,sum,sig_net_crowd_contrarian_sum,(看空占比−看多占比) × 情绪反转,ind_ret_5m,0,23,-0.0792,0.000169,0.003166,crypto,加密,all,5m,5分钟,638
sig_rank1_momentum,wmean,sig_rank1_momentum_wmean,仅行业 #1 KOL 跟随,ind_ret_5m,0,23,-0.0801,-2.3e-05,-0.000126,crypto,加密,all,5m,5分钟,638
sig_momentum_daily,sum,sig_momentum_daily_sum,跟随行业情绪动量（非反转）,ind_ret_5m,0,23,-0.0818,-0.000192,-0.003658,crypto,加密,all,5m,5分钟,638
sig_top_rank_only,wmean,sig_top_rank_only_wmean,仅行业排名前3 KOL,ind_ret_5m,0,23,-0.0827,-2.3e-05,-0.000126,crypto,加密,all,5m,5分钟,638
sig_rank1_momentum,sum,sig_rank1_momentum_sum,仅行业 #1 KOL 跟随,ind_ret_5m,0,23,-0.083,-2.3e-05,-0.000126,crypto,加密,all,5m,5分钟,638
sig_top_rank_only,sum,sig_top_rank_only_sum,仅行业排名前3 KOL,ind_ret_5m,0,23,-0.087,-2.3e-05,-0.000126,crypto,加密,all,5m,5分钟,638
sig_original_post,sum,sig_original_post_sum,非转发帖 × Sentiment × Influence,ind_ret_5m,0,23,-0.0903,-0.000268,-0.001019,crypto,加密,all,5m,5分钟,638
sig_baseline,sum,sig_baseline_sum,Sentiment × Influence（原版）,ind_ret_5m,0,23,-0.0917,-0.000223,-0.003658,crypto,加密,all,5m,5分钟,638
sig_momentum,sum,sig_momentum_sum,跟随情绪 × 影响力（非反转）,ind_ret_5m,0,23,-0.0917,-0.000223,-0.003658,crypto,加密,all,5m,5分钟,638
sig_rank_weighted,sum,sig_rank_weighted_sum,Sentiment × Influence × Top排名权重,ind_ret_5m,0,23,-0.097,-0.000224,-0.003658,crypto,加密,all,5m,5分钟,638
sig_bull_only,sum,sig_bull_only_sum,仅看多情绪 × Influence,ind_ret_5m,0,23,-0.1064,-0.000673,-0.002386,crypto,加密,all,5m,5分钟,638
sig_bull_x_eng,sum,sig_bull_x_eng_sum,看多帖 × 互动惊喜（对照）,ind_ret_5m,0,23,-0.107,-0.000498,-0.002386,crypto,加密,all,5m,5分钟,638
sig_original_post,wmean,sig_original_post_wmean,非转发帖 × Sentiment × Influence,ind_ret_5m,0,23,-0.1099,-0.000464,-0.001019,crypto,加密,all,5m,5分钟,638
sig_attention,sum,sig_attention_sum,Influence × sign(Sentiment),ind_ret_5m,0,23,-0.1139,-0.000465,-0.003658,crypto,加密,all,5m,5分钟,638
sig_dual_confirm_contra,sum,sig_dual_confirm_contra_sum,看空 + 高互动双重确认反转,ind_ret_5m,0,23,-0.132,-0.000127,-0.001752,crypto,加密,all,5m,5分钟,638
sig_attention_raw,sum,sig_attention_raw_sum,纯 Influence（无情绪）,ind_ret_5m,0,23,-0.134,-0.000913,0.002488,crypto,加密,all,5m,5分钟,638
sig_bear_x_eng,sum,sig_bear_x_eng_sum,看空帖 × 互动惊喜 × 反转,ind_ret_5m,0,23,-0.141,-0.000132,-0.001588,crypto,加密,all,5m,5分钟,638
sig_bear_bounce,sum,sig_bear_bounce_sum,仅明显看空帖反转（恐慌反弹）,ind_ret_5m,0,23,-0.156,-0.000131,0.003269,crypto,加密,all,5m,5分钟,638
sig_strong_bear_only,sum,sig_strong_bear_only_sum,强看空 (s<-0.2) 反转,ind_ret_5m,0,23,-0.1596,-0.000462,0.001355,crypto,加密,all,5m,5分钟,638
sig_bull_x_eng,wmean,sig_bull_x_eng_wmean,看多帖 × 互动惊喜（对照）,ind_ret_5m,0,23,-0.1618,-0.000462,-0.002386,crypto,加密,all,5m,5分钟,638
sig_rank_weighted,wmean,sig_rank_weighted_wmean,Sentiment × Influence × Top排名权重,ind_ret_5m,0,23,-0.1878,-0.000711,-0.005025,crypto,加密,all,5m,5分钟,638
sig_bull_only,wmean,sig_bull_only_wmean,仅看多情绪 × Influence,ind_ret_5m,0,23,-0.1978,-0.000639,-0.002386,crypto,加密,all,5m,5分钟,638
sig_bear_only,wmean,sig_bear_only_wmean,仅看空情绪 × Influence,ind_ret_5m,0,23,-0.2142,-0.000496,-0.003045,crypto,加密,all,5m,5分钟,638
sig_baseline,wmean,sig_baseline_wmean,Sentiment × Influence（原版）,ind_ret_5m,0,23,-0.2254,-0.000842,-0.003658,crypto,加密,all,5m,5分钟,638
sig_momentum,wmean,sig_momentum_wmean,跟随情绪 × 影响力（非反转）,ind_ret_5m,0,23,-0.2254,-0.000842,-0.003658,crypto,加密,all,5m,5分钟,638
sig_dual_confirm_contra,wmean,sig_dual_confirm_contra_wmean,看空 + 高互动双重确认反转,ind_ret_5m,0,23,-0.2477,-0.000127,-0.001752,crypto,加密,all,5m,5分钟,638
sig_bear_x_eng,wmean,sig_bear_x_eng_wmean,看空帖 × 互动惊喜 × 反转,ind_ret_5m,0,23,-0.2612,-0.000132,-0.001588,crypto,加密,all,5m,5分钟,638
sig_attention_raw,wmean,sig_attention_raw_wmean,纯 Influence（无情绪）,ind_ret_5m,0,23,-0.2675,-0.000507,0.002488,crypto,加密,all,5m,5分钟,638
sig_attention,wmean,sig_attention_wmean,Influence × sign(Sentiment),ind_ret_5m,0,23,-0.2915,-0.000587,-0.003658,crypto,加密,all,5m,5分钟,638
sig_disagreement,sum,sig_disagreement_sum,sig_disagreement,ind_ret_5m,0,23,-0.33,-0.000821,-0.002659,crypto,加密,all,5m,5分钟,638
sig_attention_raw,sum,sig_attention_raw_sum,纯 Influence（无情绪）,ind_ret_5m,0,2,,,,semiconductor,半导体,all,5m,5分钟,638
sig_attention_raw,wmean,sig_attention_raw_wmean,纯 Influence（无情绪）,ind_ret_5m,0,2,,,,semiconductor,半导体,all,5m,5分钟,638
sig_attention,sum,sig_attention_sum,Influence × sign(Sentiment),ind_ret_5m,0,2,,,,semiconductor,半导体,all,5m,5分钟,638
sig_attention,wmean,sig_attention_wmean,Influence × sign(Sentiment),ind_ret_5m,0,2,,,,semiconductor,半导体,all,5m,5分钟,638
sig_baseline,sum,sig_baseline_sum,Sentiment × Influence（原版）,ind_ret_5m,0,2,,,,semiconductor,半导体,all,5m,5分钟,638
sig_baseline,wmean,sig_baseline_wmean,Sentiment × Influence（原版）,ind_ret_5m,0,2,,,,semiconductor,半导体,all,5m,5分钟,638
sig_bear_bounce,sum,sig_bear_bounce_sum,仅明显看空帖反转（恐慌反弹）,ind_ret_5m,0,2,,,,semiconductor,半导体,all,5m,5分钟,638
sig_bear_bounce,wmean,sig_bear_bounce_wmean,仅明显看空帖反转（恐慌反弹）,ind_ret_5m,0,2,,,,semiconductor,半导体,all,5m,5分钟,638
sig_bear_crowd_strict,sum,sig_bear_crowd_strict_sum,严格恐慌：bear_ratio>0.5 才 bear_crowd,ind_ret_5m,0,2,,,,semiconductor,半导体,all,5m,5分钟,638
sig_bear_crowd,sum,sig_bear_crowd_sum,看空帖占比 × 情绪反转（恐慌反弹）,ind_ret_5m,0,2,,,,semiconductor,半导体,all,5m,5分钟,638
sig_bear_only,sum,sig_bear_only_sum,仅看空情绪 × Influence,ind_ret_5m,0,2,,,,semiconductor,半导体,all,5m,5分钟,638
sig_bear_only,wmean,sig_bear_only_wmean,仅看空情绪 × Influence,ind_ret_5m,0,2,,,,semiconductor,半导体,all,5m,5分钟,638
sig_bear_x_eng,sum,sig_bear_x_eng_sum,看空帖 × 互动惊喜 × 反转,ind_ret_5m,0,2,,,,semiconductor,半导体,all,5m,5分钟,638
sig_bear_x_eng,wmean,sig_bear_x_eng_wmean,看空帖 × 互动惊喜 × 反转,ind_ret_5m,0,2,,,,semiconductor,半导体,all,5m,5分钟,638
sig_bull_crowd,sum,sig_bull_crowd_sum,看多帖占比 × 情绪（拥挤做多，对照）,ind_ret_5m,0,2,,,,semiconductor,半导体,all,5m,5分钟,638
sig_bull_fade,sum,sig_bull_fade_sum,仅明显看多帖反转（拥挤做多）,ind_ret_5m,0,2,,,,semiconductor,半导体,all,5m,5分钟,638
sig_bull_fade,wmean,sig_bull_fade_wmean,仅明显看多帖反转（拥挤做多）,ind_ret_5m,0,2,,,,semiconductor,半导体,all,5m,5分钟,638
sig_bull_only,sum,sig_bull_only_sum,仅看多情绪 × Influence,ind_ret_5m,0,2,,,,semiconductor,半导体,all,5m,5分钟,638
sig_bull_only,wmean,sig_bull_only_wmean,仅看多情绪 × Influence,ind_ret_5m,0,2,,,,semiconductor,半导体,all,5m,5分钟,638
sig_bull_x_eng,sum,sig_bull_x_eng_sum,看多帖 × 互动惊喜（对照）,ind_ret_5m,0,2,,,,semiconductor,半导体,all,5m,5分钟,638
sig_bull_x_eng,wmean,sig_bull_x_eng_wmean,看多帖 × 互动惊喜（对照）,ind_ret_5m,0,2,,,,semiconductor,半导体,all,5m,5分钟,638
sig_consensus_contrarian,sum,sig_consensus_contrarian_sum,行业共识情绪反转（|均值|×影响力）,ind_ret_5m,0,2,,,,semiconductor,半导体,all,5m,5分钟,638
sig_contrarian_orig,sum,sig_contrarian_orig_sum,仅原创帖（非 RT）反转,ind_ret_5m,0,2,,,,semiconductor,半导体,all,5m,5分钟,638
sig_contrarian_orig,wmean,sig_contrarian_orig_wmean,仅原创帖（非 RT）反转,ind_ret_5m,0,2,,,,semiconductor,半导体,all,5m,5分钟,638
sig_contrarian,sum,sig_contrarian_sum,−Sentiment × Influence（反转）,ind_ret_5m,0,2,,,,semiconductor,半导体,all,5m,5分钟,638
sig_contrarian_top3,sum,sig_contrarian_top3_sum,仅Top3 KOL的反转信号（日频 sum）,ind_ret_5m,0,2,,,,semiconductor,半导体,all,5m,5分钟,638
sig_contrarian_top3,wmean,sig_contrarian_top3_wmean,仅Top3 KOL的反转信号（日频 sum）,ind_ret_5m,0,2,,,,semiconductor,半导体,all,5m,5分钟,638
sig_contrarian_views,sum,sig_contrarian_views_sum,反转 × log(views),ind_ret_5m,0,2,,,,semiconductor,半导体,all,5m,5分钟,638
sig_contrarian_views,wmean,sig_contrarian_views_wmean,反转 × log(views),ind_ret_5m,0,2,,,,semiconductor,半导体,all,5m,5分钟,638
sig_contrarian,wmean,sig_contrarian_wmean,−Sentiment × Influence（反转）,ind_ret_5m,0,2,,,,semiconductor,半导体,all,5m,5分钟,638
sig_contrarian_x_viral,sum,sig_contrarian_x_viral_sum,反转 × 互动惊喜度（连续加权）,ind_ret_5m,0,2,,,,semiconductor,半导体,all,5m,5分钟,638
sig_contrarian_x_viral,wmean,sig_contrarian_x_viral_wmean,反转 × 互动惊喜度（连续加权）,ind_ret_5m,0,2,,,,semiconductor,半导体,all,5m,5分钟,638
sig_disagreement,sum,sig_disagreement_sum,sig_disagreement,ind_ret_5m,0,2,,,,semiconductor,半导体,all,5m,5分钟,638
sig_dispersion_contrarian,sum,sig_dispersion_contrarian_sum,高分歧日 × 情绪反转,ind_ret_5m,0,2,,,,semiconductor,半导体,all,5m,5分钟,638
sig_dual_confirm_contra,sum,sig_dual_confirm_contra_sum,看空 + 高互动双重确认反转,ind_ret_5m,0,2,,,,semiconductor,半导体,all,5m,5分钟,638
sig_dual_confirm_contra,wmean,sig_dual_confirm_contra_wmean,看空 + 高互动双重确认反转,ind_ret_5m,0,2,,,,semiconductor,半导体,all,5m,5分钟,638
sig_engagement,sum,sig_engagement_sum,情绪 × 相对自身互动惊喜度,ind_ret_5m,0,2,,,,semiconductor,半导体,all,5m,5分钟,638
sig_engagement,wmean,sig_engagement_wmean,情绪 × 相对自身互动惊喜度,ind_ret_5m,0,2,,,,semiconductor,半导体,all,5m,5分钟,638
sig_extreme_contrarian,sum,sig_extreme_contrarian_sum,仅极端情绪帖（|s|≥0.2）反转,ind_ret_5m,0,2,,,,semiconductor,半导体,all,5m,5分钟,638
sig_extreme_contrarian,wmean,sig_extreme_contrarian_wmean,仅极端情绪帖（|s|≥0.2）反转,ind_ret_5m,0,2,,,,semiconductor,半导体,all,5m,5分钟,638
sig_imbalance_contrarian,sum,sig_imbalance_contrarian_sum,情绪方向 × 影响力反转,ind_ret_5m,0,2,,,,semiconductor,半导体,all,5m,5分钟,638
sig_imbalance_contrarian,wmean,sig_imbalance_contrarian_wmean,情绪方向 × 影响力反转,ind_ret_5m,0,2,,,,semiconductor,半导体,all,5m,5分钟,638
sig_kol_breadth_contrarian,sum,sig_kol_breadth_contrarian_sum,参与 KOL 数 × 情绪反转,ind_ret_5m,0,2,,,,semiconductor,半导体,all,5m,5分钟,638
sig_momentum_daily,sum,sig_momentum_daily_sum,跟随行业情绪动量（非反转）,ind_ret_5m,0,2,,,,semiconductor,半导体,all,5m,5分钟,638
sig_momentum,sum,sig_momentum_sum,跟随情绪 × 影响力（非反转）,ind_ret_5m,0,2,,,,semiconductor,半导体,all,5m,5分钟,638
sig_momentum,wmean,sig_momentum_wmean,跟随情绪 × 影响力（非反转）,ind_ret_5m,0,2,,,,semiconductor,半导体,all,5m,5分钟,638
sig_net_crowd_contrarian,sum,sig_net_crowd_contrarian_sum,(看空占比−看多占比) × 情绪反转,ind_ret_5m,0,2,,,,semiconductor,半导体,all,5m,5分钟,638
sig_nlp_lex_disagree,sum,sig_nlp_lex_disagree_sum,NLP 与词典情绪不一致时反转,ind_ret_5m,0,2,,,,semiconductor,半导体,all,5m,5分钟,638
sig_nlp_lex_disagree,wmean,sig_nlp_lex_disagree_wmean,NLP 与词典情绪不一致时反转,ind_ret_5m,0,2,,,,semiconductor,半导体,all,5m,5分钟,638
sig_nlp_minus_lex,sum,sig_nlp_minus_lex_sum,NLP 与词典差 × 反转,ind_ret_5m,0,2,,,,semiconductor,半导体,all,5m,5分钟,638
sig_nlp_minus_lex,wmean,sig_nlp_minus_lex_wmean,NLP 与词典差 × 反转,ind_ret_5m,0,2,,,,semiconductor,半导体,all,5m,5分钟,638
sig_original_post,sum,sig_original_post_sum,非转发帖 × Sentiment × Influence,ind_ret_5m,0,2,,,,semiconductor,半导体,all,5m,5分钟,638
sig_original_post,wmean,sig_original_post_wmean,非转发帖 × Sentiment × Influence,ind_ret_5m,0,2,,,,semiconductor,半导体,all,5m,5分钟,638
sig_post_burst_contrarian,sum,sig_post_burst_contrarian_sum,发帖密集日 × 情绪反转,ind_ret_5m,0,2,,,,semiconductor,半导体,all,5m,5分钟,638
sig_rank1_contrarian,sum,sig_rank1_contrarian_sum,仅行业 #1 KOL 反转,ind_ret_5m,0,2,,,,semiconductor,半导体,all,5m,5分钟,638
sig_rank1_contrarian,wmean,sig_rank1_contrarian_wmean,仅行业 #1 KOL 反转,ind_ret_5m,0,2,,,,semiconductor,半导体,all,5m,5分钟,638
sig_rank1_momentum,sum,sig_rank1_momentum_sum,仅行业 #1 KOL 跟随,ind_ret_5m,0,2,,,,semiconductor,半导体,all,5m,5分钟,638
sig_rank1_momentum,wmean,sig_rank1_momentum_wmean,仅行业 #1 KOL 跟随,ind_ret_5m,0,2,,,,semiconductor,半导体,all,5m,5分钟,638
sig_rank_weighted,sum,sig_rank_weighted_sum,Sentiment × Influence × Top排名权重,ind_ret_5m,0,2,,,,semiconductor,半导体,all,5m,5分钟,638
sig_rank_weighted,wmean,sig_rank_weighted_wmean,Sentiment × Influence × Top排名权重,ind_ret_5m,0,2,,,,semiconductor,半导体,all,5m,5分钟,638
sig_rt_contrarian,sum,sig_rt_contrarian_sum,仅转发帖反转,ind_ret_5m,0,2,,,,semiconductor,半导体,all,5m,5分钟,638
sig_rt_contrarian,wmean,sig_rt_contrarian_wmean,仅转发帖反转,ind_ret_5m,0,2,,,,semiconductor,半导体,all,5m,5分钟,638
sig_sentiment_delta_contra,sum,sig_sentiment_delta_contra_sum,情绪突变反转 × 影响力,ind_ret_5m,0,0,,,,semiconductor,半导体,all,5m,5分钟,638
sig_sentiment_delta,sum,sig_sentiment_delta_sum,情绪相对5日均值突变 × 当日影响力,ind_ret_5m,0,0,,,,semiconductor,半导体,all,5m,5分钟,638
sig_sentiment_x_likes,sum,sig_sentiment_x_likes_sum,Sentiment × log(1+likes),ind_ret_5m,0,2,,,,semiconductor,半导体,all,5m,5分钟,638
sig_sentiment_x_likes,wmean,sig_sentiment_x_likes_wmean,Sentiment × log(1+likes),ind_ret_5m,0,2,,,,semiconductor,半导体,all,5m,5分钟,638
sig_strong_bear_only,sum,sig_strong_bear_only_sum,强看空 (s<-0.2) 反转,ind_ret_5m,0,2,,,,semiconductor,半导体,all,5m,5分钟,638
sig_strong_bear_only,wmean,sig_strong_bear_only_wmean,强看空 (s<-0.2) 反转,ind_ret_5m,0,2,,,,semiconductor,半导体,all,5m,5分钟,638
sig_strong_bull_fade,sum,sig_strong_bull_fade_sum,强看多 (s>0.2) 反转,ind_ret_5m,0,2,,,,semiconductor,半导体,all,5m,5分钟,638
sig_strong_bull_fade,wmean,sig_strong_bull_fade_wmean,强看多 (s>0.2) 反转,ind_ret_5m,0,2,,,,semiconductor,半导体,all,5m,5分钟,638
sig_surprise_contrarian,sum,sig_surprise_contrarian_sum,相对该 KOL 历史情绪的意外 × 反转,ind_ret_5m,0,2,,,,semiconductor,半导体,all,5m,5分钟,638
sig_surprise_contrarian,wmean,sig_surprise_contrarian_wmean,相对该 KOL 历史情绪的意外 × 反转,ind_ret_5m,0,2,,,,semiconductor,半导体,all,5m,5分钟,638
sig_top_rank_only,sum,sig_top_rank_only_sum,仅行业排名前3 KOL,ind_ret_5m,0,2,,,,semiconductor,半导体,all,5m,5分钟,638
sig_top_rank_only,wmean,sig_top_rank_only_wmean,仅行业排名前3 KOL,ind_ret_5m,0,2,,,,semiconductor,半导体,all,5m,5分钟,638
sig_unanimity_contrarian,sum,sig_unanimity_contrarian_sum,低分歧时加强反转（一致预期）,ind_ret_5m,0,2,,,,semiconductor,半导体,all,5m,5分钟,638
sig_views_weighted,sum,sig_views_weighted_sum,情绪 × log(views),ind_ret_5m,0,2,,,,semiconductor,半导体,all,5m,5分钟,638
sig_views_weighted,wmean,sig_views_weighted_wmean,情绪 × log(views),ind_ret_5m,0,2,,,,semiconductor,半导体,all,5m,5分钟,638
sig_viral_contrarian,sum,sig_viral_contrarian_sum,高互动惊喜帖才做情绪反转,ind_ret_5m,0,2,,,,semiconductor,半导体,all,5m,5分钟,638
sig_viral_contrarian,wmean,sig_viral_contrarian_wmean,高互动惊喜帖才做情绪反转,ind_ret_5m,0,2,,,,semiconductor,半导体,all,5m,5分钟,638
sig_attention_raw,sum,sig_attention_raw_sum,纯 Influence（无情绪）,ind_ret_5m,0,0,,,,unclassified,未分类,all,5m,5分钟,638
sig_attention_raw,wmean,sig_attention_raw_wmean,纯 Influence（无情绪）,ind_ret_5m,0,0,,,,unclassified,未分类,all,5m,5分钟,638
sig_attention,sum,sig_attention_sum,Influence × sign(Sentiment),ind_ret_5m,0,0,,,,unclassified,未分类,all,5m,5分钟,638
sig_attention,wmean,sig_attention_wmean,Influence × sign(Sentiment),ind_ret_5m,0,0,,,,unclassified,未分类,all,5m,5分钟,638
sig_baseline,sum,sig_baseline_sum,Sentiment × Influence（原版）,ind_ret_5m,0,0,,,,unclassified,未分类,all,5m,5分钟,638
sig_baseline,wmean,sig_baseline_wmean,Sentiment × Influence（原版）,ind_ret_5m,0,0,,,,unclassified,未分类,all,5m,5分钟,638
sig_bear_bounce,sum,sig_bear_bounce_sum,仅明显看空帖反转（恐慌反弹）,ind_ret_5m,0,0,,,,unclassified,未分类,all,5m,5分钟,638
sig_bear_bounce,wmean,sig_bear_bounce_wmean,仅明显看空帖反转（恐慌反弹）,ind_ret_5m,0,0,,,,unclassified,未分类,all,5m,5分钟,638
sig_bear_crowd_strict,sum,sig_bear_crowd_strict_sum,严格恐慌：bear_ratio>0.5 才 bear_crowd,ind_ret_5m,0,0,,,,unclassified,未分类,all,5m,5分钟,638
sig_bear_crowd,sum,sig_bear_crowd_sum,看空帖占比 × 情绪反转（恐慌反弹）,ind_ret_5m,0,0,,,,unclassified,未分类,all,5m,5分钟,638
sig_bear_only,sum,sig_bear_only_sum,仅看空情绪 × Influence,ind_ret_5m,0,0,,,,unclassified,未分类,all,5m,5分钟,638
sig_bear_only,wmean,sig_bear_only_wmean,仅看空情绪 × Influence,ind_ret_5m,0,0,,,,unclassified,未分类,all,5m,5分钟,638
sig_bear_x_eng,sum,sig_bear_x_eng_sum,看空帖 × 互动惊喜 × 反转,ind_ret_5m,0,0,,,,unclassified,未分类,all,5m,5分钟,638
sig_bear_x_eng,wmean,sig_bear_x_eng_wmean,看空帖 × 互动惊喜 × 反转,ind_ret_5m,0,0,,,,unclassified,未分类,all,5m,5分钟,638
sig_bull_crowd,sum,sig_bull_crowd_sum,看多帖占比 × 情绪（拥挤做多，对照）,ind_ret_5m,0,0,,,,unclassified,未分类,all,5m,5分钟,638
sig_bull_fade,sum,sig_bull_fade_sum,仅明显看多帖反转（拥挤做多）,ind_ret_5m,0,0,,,,unclassified,未分类,all,5m,5分钟,638
sig_bull_fade,wmean,sig_bull_fade_wmean,仅明显看多帖反转（拥挤做多）,ind_ret_5m,0,0,,,,unclassified,未分类,all,5m,5分钟,638
sig_bull_only,sum,sig_bull_only_sum,仅看多情绪 × Influence,ind_ret_5m,0,0,,,,unclassified,未分类,all,5m,5分钟,638
sig_bull_only,wmean,sig_bull_only_wmean,仅看多情绪 × Influence,ind_ret_5m,0,0,,,,unclassified,未分类,all,5m,5分钟,638
sig_bull_x_eng,sum,sig_bull_x_eng_sum,看多帖 × 互动惊喜（对照）,ind_ret_5m,0,0,,,,unclassified,未分类,all,5m,5分钟,638
sig_bull_x_eng,wmean,sig_bull_x_eng_wmean,看多帖 × 互动惊喜（对照）,ind_ret_5m,0,0,,,,unclassified,未分类,all,5m,5分钟,638
sig_consensus_contrarian,sum,sig_consensus_contrarian_sum,行业共识情绪反转（|均值|×影响力）,ind_ret_5m,0,0,,,,unclassified,未分类,all,5m,5分钟,638
sig_contrarian_orig,sum,sig_contrarian_orig_sum,仅原创帖（非 RT）反转,ind_ret_5m,0,0,,,,unclassified,未分类,all,5m,5分钟,638
sig_contrarian_orig,wmean,sig_contrarian_orig_wmean,仅原创帖（非 RT）反转,ind_ret_5m,0,0,,,,unclassified,未分类,all,5m,5分钟,638
sig_contrarian,sum,sig_contrarian_sum,−Sentiment × Influence（反转）,ind_ret_5m,0,0,,,,unclassified,未分类,all,5m,5分钟,638
sig_contrarian_top3,sum,sig_contrarian_top3_sum,仅Top3 KOL的反转信号（日频 sum）,ind_ret_5m,0,0,,,,unclassified,未分类,all,5m,5分钟,638
sig_contrarian_top3,wmean,sig_contrarian_top3_wmean,仅Top3 KOL的反转信号（日频 sum）,ind_ret_5m,0,0,,,,unclassified,未分类,all,5m,5分钟,638
sig_contrarian_views,sum,sig_contrarian_views_sum,反转 × log(views),ind_ret_5m,0,0,,,,unclassified,未分类,all,5m,5分钟,638
sig_contrarian_views,wmean,sig_contrarian_views_wmean,反转 × log(views),ind_ret_5m,0,0,,,,unclassified,未分类,all,5m,5分钟,638
sig_contrarian,wmean,sig_contrarian_wmean,−Sentiment × Influence（反转）,ind_ret_5m,0,0,,,,unclassified,未分类,all,5m,5分钟,638
sig_contrarian_x_viral,sum,sig_contrarian_x_viral_sum,反转 × 互动惊喜度（连续加权）,ind_ret_5m,0,0,,,,unclassified,未分类,all,5m,5分钟,638
sig_contrarian_x_viral,wmean,sig_contrarian_x_viral_wmean,反转 × 互动惊喜度（连续加权）,ind_ret_5m,0,0,,,,unclassified,未分类,all,5m,5分钟,638
sig_disagreement,sum,sig_disagreement_sum,sig_disagreement,ind_ret_5m,0,0,,,,unclassified,未分类,all,5m,5分钟,638
sig_dispersion_contrarian,sum,sig_dispersion_contrarian_sum,高分歧日 × 情绪反转,ind_ret_5m,0,0,,,,unclassified,未分类,all,5m,5分钟,638
sig_dual_confirm_contra,sum,sig_dual_confirm_contra_sum,看空 + 高互动双重确认反转,ind_ret_5m,0,0,,,,unclassified,未分类,all,5m,5分钟,638
sig_dual_confirm_contra,wmean,sig_dual_confirm_contra_wmean,看空 + 高互动双重确认反转,ind_ret_5m,0,0,,,,unclassified,未分类,all,5m,5分钟,638
sig_engagement,sum,sig_engagement_sum,情绪 × 相对自身互动惊喜度,ind_ret_5m,0,0,,,,unclassified,未分类,all,5m,5分钟,638
sig_engagement,wmean,sig_engagement_wmean,情绪 × 相对自身互动惊喜度,ind_ret_5m,0,0,,,,unclassified,未分类,all,5m,5分钟,638
sig_extreme_contrarian,sum,sig_extreme_contrarian_sum,仅极端情绪帖（|s|≥0.2）反转,ind_ret_5m,0,0,,,,unclassified,未分类,all,5m,5分钟,638
sig_extreme_contrarian,wmean,sig_extreme_contrarian_wmean,仅极端情绪帖（|s|≥0.2）反转,ind_ret_5m,0,0,,,,unclassified,未分类,all,5m,5分钟,638
sig_imbalance_contrarian,sum,sig_imbalance_contrarian_sum,情绪方向 × 影响力反转,ind_ret_5m,0,0,,,,unclassified,未分类,all,5m,5分钟,638
sig_imbalance_contrarian,wmean,sig_imbalance_contrarian_wmean,情绪方向 × 影响力反转,ind_ret_5m,0,0,,,,unclassified,未分类,all,5m,5分钟,638
sig_kol_breadth_contrarian,sum,sig_kol_breadth_contrarian_sum,参与 KOL 数 × 情绪反转,ind_ret_5m,0,0,,,,unclassified,未分类,all,5m,5分钟,638
sig_momentum_daily,sum,sig_momentum_daily_sum,跟随行业情绪动量（非反转）,ind_ret_5m,0,0,,,,unclassified,未分类,all,5m,5分钟,638
sig_momentum,sum,sig_momentum_sum,跟随情绪 × 影响力（非反转）,ind_ret_5m,0,0,,,,unclassified,未分类,all,5m,5分钟,638
sig_momentum,wmean,sig_momentum_wmean,跟随情绪 × 影响力（非反转）,ind_ret_5m,0,0,,,,unclassified,未分类,all,5m,5分钟,638
sig_net_crowd_contrarian,sum,sig_net_crowd_contrarian_sum,(看空占比−看多占比) × 情绪反转,ind_ret_5m,0,0,,,,unclassified,未分类,all,5m,5分钟,638
sig_nlp_lex_disagree,sum,sig_nlp_lex_disagree_sum,NLP 与词典情绪不一致时反转,ind_ret_5m,0,0,,,,unclassified,未分类,all,5m,5分钟,638
sig_nlp_lex_disagree,wmean,sig_nlp_lex_disagree_wmean,NLP 与词典情绪不一致时反转,ind_ret_5m,0,0,,,,unclassified,未分类,all,5m,5分钟,638
sig_nlp_minus_lex,sum,sig_nlp_minus_lex_sum,NLP 与词典差 × 反转,ind_ret_5m,0,0,,,,unclassified,未分类,all,5m,5分钟,638
sig_nlp_minus_lex,wmean,sig_nlp_minus_lex_wmean,NLP 与词典差 × 反转,ind_ret_5m,0,0,,,,unclassified,未分类,all,5m,5分钟,638
sig_original_post,sum,sig_original_post_sum,非转发帖 × Sentiment × Influence,ind_ret_5m,0,0,,,,unclassified,未分类,all,5m,5分钟,638
sig_original_post,wmean,sig_original_post_wmean,非转发帖 × Sentiment × Influence,ind_ret_5m,0,0,,,,unclassified,未分类,all,5m,5分钟,638
sig_post_burst_contrarian,sum,sig_post_burst_contrarian_sum,发帖密集日 × 情绪反转,ind_ret_5m,0,0,,,,unclassified,未分类,all,5m,5分钟,638
sig_rank1_contrarian,sum,sig_rank1_contrarian_sum,仅行业 #1 KOL 反转,ind_ret_5m,0,0,,,,unclassified,未分类,all,5m,5分钟,638
sig_rank1_contrarian,wmean,sig_rank1_contrarian_wmean,仅行业 #1 KOL 反转,ind_ret_5m,0,0,,,,unclassified,未分类,all,5m,5分钟,638
sig_rank1_momentum,sum,sig_rank1_momentum_sum,仅行业 #1 KOL 跟随,ind_ret_5m,0,0,,,,unclassified,未分类,all,5m,5分钟,638
sig_rank1_momentum,wmean,sig_rank1_momentum_wmean,仅行业 #1 KOL 跟随,ind_ret_5m,0,0,,,,unclassified,未分类,all,5m,5分钟,638
sig_rank_weighted,sum,sig_rank_weighted_sum,Sentiment × Influence × Top排名权重,ind_ret_5m,0,0,,,,unclassified,未分类,all,5m,5分钟,638
sig_rank_weighted,wmean,sig_rank_weighted_wmean,Sentiment × Influence × Top排名权重,ind_ret_5m,0,0,,,,unclassified,未分类,all,5m,5分钟,638
sig_rt_contrarian,sum,sig_rt_contrarian_sum,仅转发帖反转,ind_ret_5m,0,0,,,,unclassified,未分类,all,5m,5分钟,638
sig_rt_contrarian,wmean,sig_rt_contrarian_wmean,仅转发帖反转,ind_ret_5m,0,0,,,,unclassified,未分类,all,5m,5分钟,638
sig_sentiment_delta_contra,sum,sig_sentiment_delta_contra_sum,情绪突变反转 × 影响力,ind_ret_5m,0,0,,,,unclassified,未分类,all,5m,5分钟,638
sig_sentiment_delta,sum,sig_sentiment_delta_sum,情绪相对5日均值突变 × 当日影响力,ind_ret_5m,0,0,,,,unclassified,未分类,all,5m,5分钟,638
sig_sentiment_x_likes,sum,sig_sentiment_x_likes_sum,Sentiment × log(1+likes),ind_ret_5m,0,0,,,,unclassified,未分类,all,5m,5分钟,638
sig_sentiment_x_likes,wmean,sig_sentiment_x_likes_wmean,Sentiment × log(1+likes),ind_ret_5m,0,0,,,,unclassified,未分类,all,5m,5分钟,638
sig_strong_bear_only,sum,sig_strong_bear_only_sum,强看空 (s<-0.2) 反转,ind_ret_5m,0,0,,,,unclassified,未分类,all,5m,5分钟,638
sig_strong_bear_only,wmean,sig_strong_bear_only_wmean,强看空 (s<-0.2) 反转,ind_ret_5m,0,0,,,,unclassified,未分类,all,5m,5分钟,638
sig_strong_bull_fade,sum,sig_strong_bull_fade_sum,强看多 (s>0.2) 反转,ind_ret_5m,0,0,,,,unclassified,未分类,all,5m,5分钟,638
sig_strong_bull_fade,wmean,sig_strong_bull_fade_wmean,强看多 (s>0.2) 反转,ind_ret_5m,0,0,,,,unclassified,未分类,all,5m,5分钟,638
sig_surprise_contrarian,sum,sig_surprise_contrarian_sum,相对该 KOL 历史情绪的意外 × 反转,ind_ret_5m,0,0,,,,unclassified,未分类,all,5m,5分钟,638
sig_surprise_contrarian,wmean,sig_surprise_contrarian_wmean,相对该 KOL 历史情绪的意外 × 反转,ind_ret_5m,0,0,,,,unclassified,未分类,all,5m,5分钟,638
sig_top_rank_only,sum,sig_top_rank_only_sum,仅行业排名前3 KOL,ind_ret_5m,0,0,,,,unclassified,未分类,all,5m,5分钟,638
sig_top_rank_only,wmean,sig_top_rank_only_wmean,仅行业排名前3 KOL,ind_ret_5m,0,0,,,,unclassified,未分类,all,5m,5分钟,638
sig_unanimity_contrarian,sum,sig_unanimity_contrarian_sum,低分歧时加强反转（一致预期）,ind_ret_5m,0,0,,,,unclassified,未分类,all,5m,5分钟,638
sig_views_weighted,sum,sig_views_weighted_sum,情绪 × log(views),ind_ret_5m,0,0,,,,unclassified,未分类,all,5m,5分钟,638
sig_views_weighted,wmean,sig_views_weighted_wmean,情绪 × log(views),ind_ret_5m,0,0,,,,unclassified,未分类,all,5m,5分钟,638
sig_viral_contrarian,sum,sig_viral_contrarian_sum,高互动惊喜帖才做情绪反转,ind_ret_5m,0,0,,,,unclassified,未分类,all,5m,5分钟,638
sig_viral_contrarian,wmean,sig_viral_contrarian_wmean,高互动惊喜帖才做情绪反转,ind_ret_5m,0,0,,,,unclassified,未分类,all,5m,5分钟,638
sig_strong_bull_fade,wmean,sig_strong_bull_fade_wmean,强看多 (s>0.2) 反转,ind_ret_1h,0,39,0.2922,0.003625,-0.043468,ai_tech,AI / 大模型,all,1h,1小时,631
sig_imbalance_contrarian,wmean,sig_imbalance_contrarian_wmean,情绪方向 × 影响力反转,ind_ret_1h,0,39,0.2876,0.004662,-0.084926,ai_tech,AI / 大模型,all,1h,1小时,631
sig_bull_fade,wmean,sig_bull_fade_wmean,仅明显看多帖反转（拥挤做多）,ind_ret_1h,0,39,0.2856,0.005061,-0.035369,ai_tech,AI / 大模型,all,1h,1小时,631
sig_strong_bull_fade,sum,sig_strong_bull_fade_sum,强看多 (s>0.2) 反转,ind_ret_1h,0,39,0.2843,0.004705,-0.043468,ai_tech,AI / 大模型,all,1h,1小时,631
sig_imbalance_contrarian,sum,sig_imbalance_contrarian_sum,情绪方向 × 影响力反转,ind_ret_1h,0,39,0.2833,0.004737,-0.084926,ai_tech,AI / 大模型,all,1h,1小时,631
sig_nlp_lex_disagree,wmean,sig_nlp_lex_disagree_wmean,NLP 与词典情绪不一致时反转,ind_ret_1h,0,39,0.2824,0.000301,0.009277,ai_tech,AI / 大模型,all,1h,1小时,631
sig_nlp_lex_disagree,sum,sig_nlp_lex_disagree_sum,NLP 与词典情绪不一致时反转,ind_ret_1h,0,39,0.2824,0.000301,0.009277,ai_tech,AI / 大模型,all,1h,1小时,631
sig_bull_fade,sum,sig_bull_fade_sum,仅明显看多帖反转（拥挤做多）,ind_ret_1h,0,39,0.2814,0.004705,-0.035369,ai_tech,AI / 大模型,all,1h,1小时,631
sig_unanimity_contrarian,sum,sig_unanimity_contrarian_sum,低分歧时加强反转（一致预期）,ind_ret_1h,0,39,0.2581,0.002581,0.001043,ai_tech,AI / 大模型,all,1h,1小时,631
sig_extreme_contrarian,sum,sig_extreme_contrarian_sum,仅极端情绪帖（|s|≥0.2）反转,ind_ret_1h,0,39,0.25,0.004138,0.008219,ai_tech,AI / 大模型,all,1h,1小时,631
sig_rt_contrarian,sum,sig_rt_contrarian_sum,仅转发帖反转,ind_ret_1h,0,39,0.2436,0.000245,0.010687,ai_tech,AI / 大模型,all,1h,1小时,631
sig_contrarian,sum,sig_contrarian_sum,−Sentiment × Influence（反转）,ind_ret_1h,0,39,0.2386,0.003656,0.010519,ai_tech,AI / 大模型,all,1h,1小时,631
sig_contrarian_orig,sum,sig_contrarian_orig_sum,仅原创帖（非 RT）反转,ind_ret_1h,0,39,0.2349,0.00368,0.004433,ai_tech,AI / 大模型,all,1h,1小时,631
sig_bear_crowd,sum,sig_bear_crowd_sum,看空帖占比 × 情绪反转（恐慌反弹）,ind_ret_1h,0,39,0.233,0.003704,0.018375,ai_tech,AI / 大模型,all,1h,1小时,631
sig_contrarian_views,sum,sig_contrarian_views_sum,反转 × log(views),ind_ret_1h,0,39,0.2317,0.002927,0.007512,ai_tech,AI / 大模型,all,1h,1小时,631
sig_contrarian_top3,sum,sig_contrarian_top3_sum,仅Top3 KOL的反转信号（日频 sum）,ind_ret_1h,0,39,0.2185,0.000538,0.006324,ai_tech,AI / 大模型,all,1h,1小时,631
sig_bear_only,sum,sig_bear_only_sum,仅看空情绪 × Influence,ind_ret_1h,0,39,0.2178,0.002388,-0.064478,ai_tech,AI / 大模型,all,1h,1小时,631
sig_post_burst_contrarian,sum,sig_post_burst_contrarian_sum,发帖密集日 × 情绪反转,ind_ret_1h,0,39,0.2161,0.003518,0.001043,ai_tech,AI / 大模型,all,1h,1小时,631
sig_nlp_minus_lex,sum,sig_nlp_minus_lex_sum,NLP 与词典差 × 反转,ind_ret_1h,0,39,0.2065,0.003535,0.010519,ai_tech,AI / 大模型,all,1h,1小时,631
sig_contrarian_x_viral,sum,sig_contrarian_x_viral_sum,反转 × 互动惊喜度（连续加权）,ind_ret_1h,0,39,0.1864,0.003138,0.009688,ai_tech,AI / 大模型,all,1h,1小时,631
sig_contrarian_views,wmean,sig_contrarian_views_wmean,反转 × log(views),ind_ret_1h,0,39,0.1698,0.001978,0.004433,ai_tech,AI / 大模型,all,1h,1小时,631
sig_dispersion_contrarian,sum,sig_dispersion_contrarian_sum,高分歧日 × 情绪反转,ind_ret_1h,0,39,0.1423,0.003745,-0.008728,ai_tech,AI / 大模型,all,1h,1小时,631
sig_consensus_contrarian,sum,sig_consensus_contrarian_sum,行业共识情绪反转（|均值|×影响力）,ind_ret_1h,0,39,0.1408,0.00353,0.001043,ai_tech,AI / 大模型,all,1h,1小时,631
sig_kol_breadth_contrarian,sum,sig_kol_breadth_contrarian_sum,参与 KOL 数 × 情绪反转,ind_ret_1h,0,39,0.1369,0.00353,0.001043,ai_tech,AI / 大模型,all,1h,1小时,631
sig_rt_contrarian,wmean,sig_rt_contrarian_wmean,仅转发帖反转,ind_ret_1h,0,39,0.1289,0.000245,0.010687,ai_tech,AI / 大模型,all,1h,1小时,631
sig_surprise_contrarian,sum,sig_surprise_contrarian_sum,相对该 KOL 历史情绪的意外 × 反转,ind_ret_1h,0,39,0.1218,0.003941,0.047958,ai_tech,AI / 大模型,all,1h,1小时,631
sig_extreme_contrarian,wmean,sig_extreme_contrarian_wmean,仅极端情绪帖（|s|≥0.2）反转,ind_ret_1h,0,39,0.1118,0.002741,0.004619,ai_tech,AI / 大模型,all,1h,1小时,631
sig_bear_only,wmean,sig_bear_only_wmean,仅看空情绪 × Influence,ind_ret_1h,0,39,0.1105,0.000921,-0.064478,ai_tech,AI / 大模型,all,1h,1小时,631
sig_contrarian,wmean,sig_contrarian_wmean,−Sentiment × Influence（反转）,ind_ret_1h,0,39,0.1002,0.003923,0.024933,ai_tech,AI / 大模型,all,1h,1小时,631
sig_contrarian_top3,wmean,sig_contrarian_top3_wmean,仅Top3 KOL的反转信号（日频 sum）,ind_ret_1h,0,39,0.0923,0.000538,0.006324,ai_tech,AI / 大模型,all,1h,1小时,631
sig_contrarian_orig,wmean,sig_contrarian_orig_wmean,仅原创帖（非 RT）反转,ind_ret_1h,0,39,0.0793,0.004239,0.018847,ai_tech,AI / 大模型,all,1h,1小时,631
sig_rank1_momentum,wmean,sig_rank1_momentum_wmean,仅行业 #1 KOL 跟随,ind_ret_1h,0,39,0.0772,7.2e-05,-0.001678,ai_tech,AI / 大模型,all,1h,1小时,631
sig_viral_contrarian,sum,sig_viral_contrarian_sum,高互动惊喜帖才做情绪反转,ind_ret_1h,0,39,0.0732,0.003238,0.027667,ai_tech,AI / 大模型,all,1h,1小时,631
sig_rank1_momentum,sum,sig_rank1_momentum_sum,仅行业 #1 KOL 跟随,ind_ret_1h,0,39,0.0666,7.2e-05,-0.001678,ai_tech,AI / 大模型,all,1h,1小时,631
sig_surprise_contrarian,wmean,sig_surprise_contrarian_wmean,相对该 KOL 历史情绪的意外 × 反转,ind_ret_1h,0,39,0.0589,0.002836,0.018034,ai_tech,AI / 大模型,all,1h,1小时,631
sig_sentiment_delta,sum,sig_sentiment_delta_sum,情绪相对5日均值突变 × 当日影响力,ind_ret_1h,0,37,0.0545,-0.001494,-0.037499,ai_tech,AI / 大模型,all,1h,1小时,631
sig_contrarian_x_viral,wmean,sig_contrarian_x_viral_wmean,反转 × 互动惊喜度（连续加权）,ind_ret_1h,0,39,0.04,0.004282,0.027701,ai_tech,AI / 大模型,all,1h,1小时,631
sig_nlp_minus_lex,wmean,sig_nlp_minus_lex_wmean,NLP 与词典差 × 反转,ind_ret_1h,0,39,0.001,0.002943,0.006919,ai_tech,AI / 大模型,all,1h,1小时,631
sig_bear_crowd_strict,sum,sig_bear_crowd_strict_sum,严格恐慌：bear_ratio>0.5 才 bear_crowd,ind_ret_1h,0,39,-0.0168,0.000542,0.035868,ai_tech,AI / 大模型,all,1h,1小时,631
sig_attention,wmean,sig_attention_wmean,Influence × sign(Sentiment),ind_ret_1h,0,39,-0.0432,-0.003464,-0.029526,ai_tech,AI / 大模型,all,1h,1小时,631
sig_sentiment_delta_contra,sum,sig_sentiment_delta_contra_sum,情绪突变反转 × 影响力,ind_ret_1h,0,37,-0.0545,0.001494,0.037499,ai_tech,AI / 大模型,all,1h,1小时,631
sig_rank1_contrarian,sum,sig_rank1_contrarian_sum,仅行业 #1 KOL 反转,ind_ret_1h,0,39,-0.0666,-7.2e-05,0.001678,ai_tech,AI / 大模型,all,1h,1小时,631
sig_rank_weighted,wmean,sig_rank_weighted_wmean,Sentiment × Influence × Top排名权重,ind_ret_1h,0,39,-0.0734,-0.003688,-0.021333,ai_tech,AI / 大模型,all,1h,1小时,631
sig_rank1_contrarian,wmean,sig_rank1_contrarian_wmean,仅行业 #1 KOL 反转,ind_ret_1h,0,39,-0.0772,-7.2e-05,0.001678,ai_tech,AI / 大模型,all,1h,1小时,631
sig_original_post,wmean,sig_original_post_wmean,非转发帖 × Sentiment × Influence,ind_ret_1h,0,39,-0.0793,-0.004239,-0.018847,ai_tech,AI / 大模型,all,1h,1小时,631
sig_top_rank_only,wmean,sig_top_rank_only_wmean,仅行业排名前3 KOL,ind_ret_1h,0,39,-0.0923,-0.000538,-0.006324,ai_tech,AI / 大模型,all,1h,1小时,631
sig_dual_confirm_contra,wmean,sig_dual_confirm_contra_wmean,看空 + 高互动双重确认反转,ind_ret_1h,0,39,-0.0963,0.000555,0.033469,ai_tech,AI / 大模型,all,1h,1小时,631
sig_momentum,wmean,sig_momentum_wmean,跟随情绪 × 影响力（非反转）,ind_ret_1h,0,39,-0.1002,-0.003923,-0.024933,ai_tech,AI / 大模型,all,1h,1小时,631
sig_baseline,wmean,sig_baseline_wmean,Sentiment × Influence（原版）,ind_ret_1h,0,39,-0.1002,-0.003923,-0.024933,ai_tech,AI / 大模型,all,1h,1小时,631
sig_sentiment_x_likes,wmean,sig_sentiment_x_likes_wmean,Sentiment × log(1+likes),ind_ret_1h,0,39,-0.1028,-0.00222,-0.003602,ai_tech,AI / 大模型,all,1h,1小时,631
sig_bear_x_eng,wmean,sig_bear_x_eng_wmean,看空帖 × 互动惊喜 × 反转,ind_ret_1h,0,39,-0.1073,0.000463,0.04786,ai_tech,AI / 大模型,all,1h,1小时,631
sig_bear_bounce,wmean,sig_bear_bounce_wmean,仅明显看空帖反转（恐慌反弹）,ind_ret_1h,0,39,-0.1111,7.8e-05,0.055422,ai_tech,AI / 大模型,all,1h,1小时,631
sig_strong_bear_only,wmean,sig_strong_bear_only_wmean,强看空 (s<-0.2) 反转,ind_ret_1h,0,39,-0.118,0.000939,0.054399,ai_tech,AI / 大模型,all,1h,1小时,631
sig_viral_contrarian,wmean,sig_viral_contrarian_wmean,高互动惊喜帖才做情绪反转,ind_ret_1h,0,39,-0.1205,0.001507,0.027667,ai_tech,AI / 大模型,all,1h,1小时,631
sig_net_crowd_contrarian,sum,sig_net_crowd_contrarian_sum,(看空占比−看多占比) × 情绪反转,ind_ret_1h,0,39,-0.125,-0.001187,0.093048,ai_tech,AI / 大模型,all,1h,1小时,631
sig_dual_confirm_contra,sum,sig_dual_confirm_contra_sum,看空 + 高互动双重确认反转,ind_ret_1h,0,39,-0.1284,-0.000636,0.033469,ai_tech,AI / 大模型,all,1h,1小时,631
sig_bull_x_eng,wmean,sig_bull_x_eng_wmean,看多帖 × 互动惊喜（对照）,ind_ret_1h,0,39,-0.1533,-0.002425,0.046873,ai_tech,AI / 大模型,all,1h,1小时,631
sig_views_weighted,wmean,sig_views_weighted_wmean,情绪 × log(views),ind_ret_1h,0,39,-0.1698,-0.001978,-0.004433,ai_tech,AI / 大模型,all,1h,1小时,631
sig_engagement,wmean,sig_engagement_wmean,情绪 × 相对自身互动惊喜度,ind_ret_1h,0,39,-0.1727,-0.001691,-0.003602,ai_tech,AI / 大模型,all,1h,1小时,631
sig_bear_x_eng,sum,sig_bear_x_eng_sum,看空帖 × 互动惊喜 × 反转,ind_ret_1h,0,39,-0.1792,-0.002865,0.04786,ai_tech,AI / 大模型,all,1h,1小时,631
sig_attention,sum,sig_attention_sum,Influence × sign(Sentiment),ind_ret_1h,0,39,-0.1952,-0.003768,0.003839,ai_tech,AI / 大模型,all,1h,1小时,631
sig_bull_crowd,sum,sig_bull_crowd_sum,看多帖占比 × 情绪（拥挤做多，对照）,ind_ret_1h,0,39,-0.1972,-0.002661,0.052448,ai_tech,AI / 大模型,all,1h,1小时,631
sig_momentum_daily,sum,sig_momentum_daily_sum,跟随行业情绪动量（非反转）,ind_ret_1h,0,39,-0.2004,-0.004041,-0.001043,ai_tech,AI / 大模型,all,1h,1小时,631
sig_strong_bear_only,sum,sig_strong_bear_only_sum,强看空 (s<-0.2) 反转,ind_ret_1h,0,39,-0.208,-0.001144,0.054399,ai_tech,AI / 大模型,all,1h,1小时,631
sig_rank_weighted,sum,sig_rank_weighted_sum,Sentiment × Influence × Top排名权重,ind_ret_1h,0,39,-0.2119,-0.003462,-0.021333,ai_tech,AI / 大模型,all,1h,1小时,631
sig_sentiment_x_likes,sum,sig_sentiment_x_likes_sum,Sentiment × log(1+likes),ind_ret_1h,0,39,-0.2137,-0.004274,-0.009262,ai_tech,AI / 大模型,all,1h,1小时,631
sig_bear_bounce,sum,sig_bear_bounce_sum,仅明显看空帖反转（恐慌反弹）,ind_ret_1h,0,39,-0.2143,-0.002865,0.055422,ai_tech,AI / 大模型,all,1h,1小时,631
sig_bull_x_eng,sum,sig_bull_x_eng_sum,看多帖 × 互动惊喜（对照）,ind_ret_1h,0,39,-0.2153,-0.004471,0.046873,ai_tech,AI / 大模型,all,1h,1小时,631
sig_attention_raw,wmean,sig_attention_raw_wmean,纯 Influence（无情绪）,ind_ret_1h,0,39,-0.2162,-0.002579,0.084926,ai_tech,AI / 大模型,all,1h,1小时,631
sig_top_rank_only,sum,sig_top_rank_only_sum,仅行业排名前3 KOL,ind_ret_1h,0,39,-0.2185,-0.000538,-0.006324,ai_tech,AI / 大模型,all,1h,1小时,631
sig_engagement,sum,sig_engagement_sum,情绪 × 相对自身互动惊喜度,ind_ret_1h,0,39,-0.2311,-0.00287,0.008997,ai_tech,AI / 大模型,all,1h,1小时,631
sig_views_weighted,sum,sig_views_weighted_sum,情绪 × log(views),ind_ret_1h,0,39,-0.2317,-0.002927,-0.007512,ai_tech,AI / 大模型,all,1h,1小时,631
sig_original_post,sum,sig_original_post_sum,非转发帖 × Sentiment × Influence,ind_ret_1h,0,39,-0.2349,-0.00368,-0.004433,ai_tech,AI / 大模型,all,1h,1小时,631
sig_baseline,sum,sig_baseline_sum,Sentiment × Influence（原版）,ind_ret_1h,0,39,-0.2386,-0.003656,-0.010519,ai_tech,AI / 大模型,all,1h,1小时,631
sig_momentum,sum,sig_momentum_sum,跟随情绪 × 影响力（非反转）,ind_ret_1h,0,39,-0.2386,-0.003656,-0.010519,ai_tech,AI / 大模型,all,1h,1小时,631
sig_disagreement,sum,sig_disagreement_sum,sig_disagreement,ind_ret_1h,0,39,-0.2678,-0.002559,0.04066,ai_tech,AI / 大模型,all,1h,1小时,631
sig_bull_only,wmean,sig_bull_only_wmean,仅看多情绪 × Influence,ind_ret_1h,0,39,-0.2709,-0.003428,0.039154,ai_tech,AI / 大模型,all,1h,1小时,631
sig_bull_only,sum,sig_bull_only_sum,仅看多情绪 × Influence,ind_ret_1h,0,39,-0.2769,-0.004705,0.039154,ai_tech,AI / 大模型,all,1h,1小时,631
sig_attention_raw,sum,sig_attention_raw_sum,纯 Influence（无情绪）,ind_ret_1h,0,39,-0.279,-0.004381,0.084926,ai_tech,AI / 大模型,all,1h,1小时,631
sig_sentiment_delta_contra,sum,sig_sentiment_delta_contra_sum,情绪突变反转 × 影响力,ind_ret_1h,0,15,0.5399,0.005003,0.022977,ai_tools,AI 工具 / Agent,all,1h,1小时,631
sig_consensus_contrarian,sum,sig_consensus_contrarian_sum,行业共识情绪反转（|均值|×影响力）,ind_ret_1h,0,15,0.451,0.000784,-0.029941,ai_tools,AI 工具 / Agent,all,1h,1小时,631
sig_contrarian_top3,sum,sig_contrarian_top3_sum,仅Top3 KOL的反转信号（日频 sum）,ind_ret_1h,0,15,0.4496,-0.00091,0.003866,ai_tools,AI 工具 / Agent,all,1h,1小时,631
sig_dispersion_contrarian,sum,sig_dispersion_contrarian_sum,高分歧日 × 情绪反转,ind_ret_1h,0,15,0.4459,-0.000521,-0.014055,ai_tools,AI 工具 / Agent,all,1h,1小时,631
sig_imbalance_contrarian,sum,sig_imbalance_contrarian_sum,情绪方向 × 影响力反转,ind_ret_1h,0,15,0.4439,0.001589,-0.005117,ai_tools,AI 工具 / Agent,all,1h,1小时,631
sig_bull_fade,sum,sig_bull_fade_sum,仅明显看多帖反转（拥挤做多）,ind_ret_1h,0,15,0.4419,0.000708,-0.009439,ai_tools,AI 工具 / Agent,all,1h,1小时,631
sig_strong_bull_fade,sum,sig_strong_bull_fade_sum,强看多 (s>0.2) 反转,ind_ret_1h,0,15,0.4345,0.000708,-0.009439,ai_tools,AI 工具 / Agent,all,1h,1小时,631
sig_contrarian_orig,sum,sig_contrarian_orig_sum,仅原创帖（非 RT）反转,ind_ret_1h,0,15,0.4344,0.001865,-0.005352,ai_tools,AI 工具 / Agent,all,1h,1小时,631
sig_post_burst_contrarian,sum,sig_post_burst_contrarian_sum,发帖密集日 × 情绪反转,ind_ret_1h,0,15,0.4334,-0.00091,-0.029941,ai_tools,AI 工具 / Agent,all,1h,1小时,631
sig_contrarian,sum,sig_contrarian_sum,−Sentiment × Influence（反转）,ind_ret_1h,0,15,0.4308,-0.00091,-0.006643,ai_tools,AI 工具 / Agent,all,1h,1小时,631
sig_contrarian_x_viral,sum,sig_contrarian_x_viral_sum,反转 × 互动惊喜度（连续加权）,ind_ret_1h,0,15,0.4283,0.00047,-0.006643,ai_tools,AI 工具 / Agent,all,1h,1小时,631
sig_nlp_minus_lex,sum,sig_nlp_minus_lex_sum,NLP 与词典差 × 反转,ind_ret_1h,0,15,0.4277,-0.00091,-0.006643,ai_tools,AI 工具 / Agent,all,1h,1小时,631
sig_viral_contrarian,sum,sig_viral_contrarian_sum,高互动惊喜帖才做情绪反转,ind_ret_1h,0,15,0.4189,0.003253,0.004082,ai_tools,AI 工具 / Agent,all,1h,1小时,631
sig_extreme_contrarian,sum,sig_extreme_contrarian_sum,仅极端情绪帖（|s|≥0.2）反转,ind_ret_1h,0,15,0.3974,-0.000466,-0.019013,ai_tools,AI 工具 / Agent,all,1h,1小时,631
sig_contrarian_views,sum,sig_contrarian_views_sum,反转 × log(views),ind_ret_1h,0,15,0.3947,-0.001014,-0.034325,ai_tools,AI 工具 / Agent,all,1h,1小时,631
sig_surprise_contrarian,sum,sig_surprise_contrarian_sum,相对该 KOL 历史情绪的意外 × 反转,ind_ret_1h,0,15,0.3199,0.002157,-0.008086,ai_tools,AI 工具 / Agent,all,1h,1小时,631
sig_unanimity_contrarian,sum,sig_unanimity_contrarian_sum,低分歧时加强反转（一致预期）,ind_ret_1h,0,15,0.2311,0.000784,-0.029941,ai_tools,AI 工具 / Agent,all,1h,1小时,631
sig_kol_breadth_contrarian,sum,sig_kol_breadth_contrarian_sum,参与 KOL 数 × 情绪反转,ind_ret_1h,0,15,0.2204,0.001143,-0.029941,ai_tools,AI 工具 / Agent,all,1h,1小时,631
sig_imbalance_contrarian,wmean,sig_imbalance_contrarian_wmean,情绪方向 × 影响力反转,ind_ret_1h,0,15,0.2196,0.003552,-0.005117,ai_tools,AI 工具 / Agent,all,1h,1小时,631
sig_bull_fade,wmean,sig_bull_fade_wmean,仅明显看多帖反转（拥挤做多）,ind_ret_1h,0,15,0.2136,-4.8e-05,-0.009439,ai_tools,AI 工具 / Agent,all,1h,1小时,631
sig_bear_only,sum,sig_bear_only_sum,仅看空情绪 × Influence,ind_ret_1h,0,15,0.1859,0.003783,0.017949,ai_tools,AI 工具 / Agent,all,1h,1小时,631
sig_strong_bull_fade,wmean,sig_strong_bull_fade_wmean,强看多 (s>0.2) 反转,ind_ret_1h,0,15,0.1839,-4.8e-05,-0.009439,ai_tools,AI 工具 / Agent,all,1h,1小时,631
sig_rank1_contrarian,sum,sig_rank1_contrarian_sum,仅行业 #1 KOL 反转,ind_ret_1h,0,15,0.1806,-0.00091,0.003866,ai_tools,AI 工具 / Agent,all,1h,1小时,631
sig_contrarian_x_viral,wmean,sig_contrarian_x_viral_wmean,反转 × 互动惊喜度（连续加权）,ind_ret_1h,0,15,0.1505,0.001347,-0.006643,ai_tools,AI 工具 / Agent,all,1h,1小时,631
sig_contrarian_orig,wmean,sig_contrarian_orig_wmean,仅原创帖（非 RT）反转,ind_ret_1h,0,15,0.1324,0.002878,-0.005352,ai_tools,AI 工具 / Agent,all,1h,1小时,631
sig_contrarian_top3,wmean,sig_contrarian_top3_wmean,仅Top3 KOL的反转信号（日频 sum）,ind_ret_1h,0,15,0.1316,-0.000492,0.003866,ai_tools,AI 工具 / Agent,all,1h,1小时,631
sig_viral_contrarian,wmean,sig_viral_contrarian_wmean,高互动惊喜帖才做情绪反转,ind_ret_1h,0,15,0.1206,0.003253,0.004082,ai_tools,AI 工具 / Agent,all,1h,1小时,631
sig_contrarian_views,wmean,sig_contrarian_views_wmean,反转 × log(views),ind_ret_1h,0,15,0.1153,0.000441,-0.005352,ai_tools,AI 工具 / Agent,all,1h,1小时,631
sig_contrarian,wmean,sig_contrarian_wmean,−Sentiment × Influence（反转）,ind_ret_1h,0,15,0.1136,-0.000492,-0.006643,ai_tools,AI 工具 / Agent,all,1h,1小时,631
sig_extreme_contrarian,wmean,sig_extreme_contrarian_wmean,仅极端情绪帖（|s|≥0.2）反转,ind_ret_1h,0,15,0.1104,-0.001117,-0.019013,ai_tools,AI 工具 / Agent,all,1h,1小时,631
sig_nlp_minus_lex,wmean,sig_nlp_minus_lex_wmean,NLP 与词典差 × 反转,ind_ret_1h,0,15,0.1098,-0.000492,-0.006643,ai_tools,AI 工具 / Agent,all,1h,1小时,631
sig_rank1_momentum,wmean,sig_rank1_momentum_wmean,仅行业 #1 KOL 跟随,ind_ret_1h,0,15,0.0751,0.000812,-0.003866,ai_tools,AI 工具 / Agent,all,1h,1小时,631
sig_bear_only,wmean,sig_bear_only_wmean,仅看空情绪 × Influence,ind_ret_1h,0,15,0.0186,0.002563,0.017949,ai_tools,AI 工具 / Agent,all,1h,1小时,631
sig_bear_crowd,sum,sig_bear_crowd_sum,看空帖占比 × 情绪反转（恐慌反弹）,ind_ret_1h,0,15,0.006,-0.001382,-0.014778,ai_tools,AI 工具 / Agent,all,1h,1小时,631
sig_attention,wmean,sig_attention_wmean,Influence × sign(Sentiment),ind_ret_1h,0,15,0.004,-0.001605,-0.003689,ai_tools,AI 工具 / Agent,all,1h,1小时,631
sig_surprise_contrarian,wmean,sig_surprise_contrarian_wmean,相对该 KOL 历史情绪的意外 × 反转,ind_ret_1h,0,15,-0.0068,0.000734,-0.008086,ai_tools,AI 工具 / Agent,all,1h,1小时,631
sig_bear_bounce,wmean,sig_bear_bounce_wmean,仅明显看空帖反转（恐慌反弹）,ind_ret_1h,0,15,-0.0071,-0.001364,-0.010045,ai_tools,AI 工具 / Agent,all,1h,1小时,631
sig_bear_x_eng,wmean,sig_bear_x_eng_wmean,看空帖 × 互动惊喜 × 反转,ind_ret_1h,0,15,-0.0118,-0.002985,-0.008245,ai_tools,AI 工具 / Agent,all,1h,1小时,631
sig_attention_raw,wmean,sig_attention_raw_wmean,纯 Influence（无情绪）,ind_ret_1h,0,15,-0.015,0.005047,0.005117,ai_tools,AI 工具 / Agent,all,1h,1小时,631
sig_rt_contrarian,wmean,sig_rt_contrarian_wmean,仅转发帖反转,ind_ret_1h,0,15,-0.0415,-0.000798,-0.010103,ai_tools,AI 工具 / Agent,all,1h,1小时,631
sig_dual_confirm_contra,wmean,sig_dual_confirm_contra_wmean,看空 + 高互动双重确认反转,ind_ret_1h,0,15,-0.0522,-0.000663,-0.006928,ai_tools,AI 工具 / Agent,all,1h,1小时,631
sig_rt_contrarian,sum,sig_rt_contrarian_sum,仅转发帖反转,ind_ret_1h,0,15,-0.0608,-0.000798,-0.010103,ai_tools,AI 工具 / Agent,all,1h,1小时,631
sig_strong_bear_only,wmean,sig_strong_bear_only_wmean,强看空 (s<-0.2) 反转,ind_ret_1h,0,15,-0.0656,-0.006625,-0.020377,ai_tools,AI 工具 / Agent,all,1h,1小时,631
sig_rank1_contrarian,wmean,sig_rank1_contrarian_wmean,仅行业 #1 KOL 反转,ind_ret_1h,0,15,-0.0751,-0.000812,0.003866,ai_tools,AI 工具 / Agent,all,1h,1小时,631
sig_rank_weighted,wmean,sig_rank_weighted_wmean,Sentiment × Influence × Top排名权重,ind_ret_1h,0,15,-0.0874,0.001561,0.006643,ai_tools,AI 工具 / Agent,all,1h,1小时,631
sig_engagement,wmean,sig_engagement_wmean,情绪 × 相对自身互动惊喜度,ind_ret_1h,0,15,-0.0911,0.000137,0.003552,ai_tools,AI 工具 / Agent,all,1h,1小时,631
sig_baseline,wmean,sig_baseline_wmean,Sentiment × Influence（原版）,ind_ret_1h,0,15,-0.1136,0.000492,0.006643,ai_tools,AI 工具 / Agent,all,1h,1小时,631
sig_momentum,wmean,sig_momentum_wmean,跟随情绪 × 影响力（非反转）,ind_ret_1h,0,15,-0.1136,0.000492,0.006643,ai_tools,AI 工具 / Agent,all,1h,1小时,631
sig_views_weighted,wmean,sig_views_weighted_wmean,情绪 × log(views),ind_ret_1h,0,15,-0.1153,-0.000441,0.005352,ai_tools,AI 工具 / Agent,all,1h,1小时,631
sig_bear_bounce,sum,sig_bear_bounce_sum,仅明显看空帖反转（恐慌反弹）,ind_ret_1h,0,15,-0.1228,-0.003334,-0.010045,ai_tools,AI 工具 / Agent,all,1h,1小时,631
sig_bull_x_eng,wmean,sig_bull_x_eng_wmean,看多帖 × 互动惊喜（对照）,ind_ret_1h,0,15,-0.1296,0.000137,0.014439,ai_tools,AI 工具 / Agent,all,1h,1小时,631
sig_top_rank_only,wmean,sig_top_rank_only_wmean,仅行业排名前3 KOL,ind_ret_1h,0,15,-0.1316,0.000492,-0.003866,ai_tools,AI 工具 / Agent,all,1h,1小时,631
sig_original_post,wmean,sig_original_post_wmean,非转发帖 × Sentiment × Influence,ind_ret_1h,0,15,-0.1324,-0.002878,0.005352,ai_tools,AI 工具 / Agent,all,1h,1小时,631
sig_bear_x_eng,sum,sig_bear_x_eng_sum,看空帖 × 互动惊喜 × 反转,ind_ret_1h,0,15,-0.1586,-0.002985,-0.008245,ai_tools,AI 工具 / Agent,all,1h,1小时,631
sig_bull_only,wmean,sig_bull_only_wmean,仅看多情绪 × Influence,ind_ret_1h,0,15,-0.1714,0.000492,0.006917,ai_tools,AI 工具 / Agent,all,1h,1小时,631
sig_rank1_momentum,sum,sig_rank1_momentum_sum,仅行业 #1 KOL 跟随,ind_ret_1h,0,15,-0.1806,0.00091,-0.003866,ai_tools,AI 工具 / Agent,all,1h,1小时,631
sig_dual_confirm_contra,sum,sig_dual_confirm_contra_sum,看空 + 高互动双重确认反转,ind_ret_1h,0,15,-0.2014,-0.000663,-0.006928,ai_tools,AI 工具 / Agent,all,1h,1小时,631
sig_strong_bear_only,sum,sig_strong_bear_only_sum,强看空 (s<-0.2) 反转,ind_ret_1h,0,15,-0.2261,-0.006625,-0.020377,ai_tools,AI 工具 / Agent,all,1h,1小时,631
sig_disagreement,sum,sig_disagreement_sum,sig_disagreement,ind_ret_1h,0,15,-0.2767,-0.002655,-0.007169,ai_tools,AI 工具 / Agent,all,1h,1小时,631
sig_sentiment_x_likes,wmean,sig_sentiment_x_likes_wmean,Sentiment × log(1+likes),ind_ret_1h,0,15,-0.2796,0.000137,0.003552,ai_tools,AI 工具 / Agent,all,1h,1小时,631
sig_attention_raw,sum,sig_attention_raw_sum,纯 Influence（无情绪）,ind_ret_1h,0,15,-0.3754,-0.00311,0.005117,ai_tools,AI 工具 / Agent,all,1h,1小时,631
sig_attention,sum,sig_attention_sum,Influence × sign(Sentiment),ind_ret_1h,0,15,-0.3774,-0.003824,-0.003689,ai_tools,AI 工具 / Agent,all,1h,1小时,631
sig_momentum_daily,sum,sig_momentum_daily_sum,跟随行业情绪动量（非反转）,ind_ret_1h,0,15,-0.3812,0.00091,0.029941,ai_tools,AI 工具 / Agent,all,1h,1小时,631
sig_views_weighted,sum,sig_views_weighted_sum,情绪 × log(views),ind_ret_1h,0,15,-0.3947,0.001014,0.034325,ai_tools,AI 工具 / Agent,all,1h,1小时,631
sig_engagement,sum,sig_engagement_sum,情绪 × 相对自身互动惊喜度,ind_ret_1h,0,15,-0.3995,0.002913,0.026851,ai_tools,AI 工具 / Agent,all,1h,1小时,631
sig_bull_x_eng,sum,sig_bull_x_eng_sum,看多帖 × 互动惊喜（对照）,ind_ret_1h,0,15,-0.4146,0.001014,0.014439,ai_tools,AI 工具 / Agent,all,1h,1小时,631
sig_sentiment_x_likes,sum,sig_sentiment_x_likes_sum,Sentiment × log(1+likes),ind_ret_1h,0,15,-0.426,0.001014,0.003552,ai_tools,AI 工具 / Agent,all,1h,1小时,631
sig_rank_weighted,sum,sig_rank_weighted_sum,Sentiment × Influence × Top排名权重,ind_ret_1h,0,15,-0.4304,0.00091,0.006643,ai_tools,AI 工具 / Agent,all,1h,1小时,631
sig_bull_crowd,sum,sig_bull_crowd_sum,看多帖占比 × 情绪（拥挤做多，对照）,ind_ret_1h,0,15,-0.4306,-0.000784,0.016492,ai_tools,AI 工具 / Agent,all,1h,1小时,631
sig_momentum,sum,sig_momentum_sum,跟随情绪 × 影响力（非反转）,ind_ret_1h,0,15,-0.4308,0.00091,0.006643,ai_tools,AI 工具 / Agent,all,1h,1小时,631
sig_baseline,sum,sig_baseline_sum,Sentiment × Influence（原版）,ind_ret_1h,0,15,-0.4308,0.00091,0.006643,ai_tools,AI 工具 / Agent,all,1h,1小时,631
sig_original_post,sum,sig_original_post_sum,非转发帖 × Sentiment × Influence,ind_ret_1h,0,15,-0.4344,-0.001865,0.005352,ai_tools,AI 工具 / Agent,all,1h,1小时,631
sig_bull_only,sum,sig_bull_only_sum,仅看多情绪 × Influence,ind_ret_1h,0,15,-0.4439,0.00091,0.006917,ai_tools,AI 工具 / Agent,all,1h,1小时,631
sig_top_rank_only,sum,sig_top_rank_only_sum,仅行业排名前3 KOL,ind_ret_1h,0,15,-0.4496,0.00091,-0.003866,ai_tools,AI 工具 / Agent,all,1h,1小时,631
sig_bear_crowd_strict,sum,sig_bear_crowd_strict_sum,严格恐慌：bear_ratio>0.5 才 bear_crowd,ind_ret_1h,0,15,-0.4556,-0.001356,-0.015249,ai_tools,AI 工具 / Agent,all,1h,1小时,631
sig_net_crowd_contrarian,sum,sig_net_crowd_contrarian_sum,(看空占比−看多占比) × 情绪反转,ind_ret_1h,0,15,-0.4855,-0.00518,0.00228,ai_tools,AI 工具 / Agent,all,1h,1小时,631
sig_sentiment_delta,sum,sig_sentiment_delta_sum,情绪相对5日均值突变 × 当日影响力,ind_ret_1h,0,15,-0.5399,-0.005003,-0.022977,ai_tools,AI 工具 / Agent,all,1h,1小时,631
sig_nlp_lex_disagree,sum,sig_nlp_lex_disagree_sum,NLP 与词典情绪不一致时反转,ind_ret_1h,0,15,,,,ai_tools,AI 工具 / Agent,all,1h,1小时,631
sig_nlp_lex_disagree,wmean,sig_nlp_lex_disagree_wmean,NLP 与词典情绪不一致时反转,ind_ret_1h,0,15,,,,ai_tools,AI 工具 / Agent,all,1h,1小时,631
sig_attention_raw,sum,sig_attention_raw_sum,纯 Influence（无情绪）,ind_ret_1h,0,2,,,,consumer_tech,消费科技,all,1h,1小时,631
sig_attention_raw,wmean,sig_attention_raw_wmean,纯 Influence（无情绪）,ind_ret_1h,0,2,,,,consumer_tech,消费科技,all,1h,1小时,631
sig_attention,sum,sig_attention_sum,Influence × sign(Sentiment),ind_ret_1h,0,2,,,,consumer_tech,消费科技,all,1h,1小时,631
sig_attention,wmean,sig_attention_wmean,Influence × sign(Sentiment),ind_ret_1h,0,2,,,,consumer_tech,消费科技,all,1h,1小时,631
sig_baseline,sum,sig_baseline_sum,Sentiment × Influence（原版）,ind_ret_1h,0,2,,,,consumer_tech,消费科技,all,1h,1小时,631
sig_baseline,wmean,sig_baseline_wmean,Sentiment × Influence（原版）,ind_ret_1h,0,2,,,,consumer_tech,消费科技,all,1h,1小时,631
sig_bear_bounce,sum,sig_bear_bounce_sum,仅明显看空帖反转（恐慌反弹）,ind_ret_1h,0,2,,,,consumer_tech,消费科技,all,1h,1小时,631
sig_bear_bounce,wmean,sig_bear_bounce_wmean,仅明显看空帖反转（恐慌反弹）,ind_ret_1h,0,2,,,,consumer_tech,消费科技,all,1h,1小时,631
sig_bear_crowd_strict,sum,sig_bear_crowd_strict_sum,严格恐慌：bear_ratio>0.5 才 bear_crowd,ind_ret_1h,0,2,,,,consumer_tech,消费科技,all,1h,1小时,631
sig_bear_crowd,sum,sig_bear_crowd_sum,看空帖占比 × 情绪反转（恐慌反弹）,ind_ret_1h,0,2,,,,consumer_tech,消费科技,all,1h,1小时,631
sig_bear_only,sum,sig_bear_only_sum,仅看空情绪 × Influence,ind_ret_1h,0,2,,,,consumer_tech,消费科技,all,1h,1小时,631
sig_bear_only,wmean,sig_bear_only_wmean,仅看空情绪 × Influence,ind_ret_1h,0,2,,,,consumer_tech,消费科技,all,1h,1小时,631
sig_bear_x_eng,sum,sig_bear_x_eng_sum,看空帖 × 互动惊喜 × 反转,ind_ret_1h,0,2,,,,consumer_tech,消费科技,all,1h,1小时,631
sig_bear_x_eng,wmean,sig_bear_x_eng_wmean,看空帖 × 互动惊喜 × 反转,ind_ret_1h,0,2,,,,consumer_tech,消费科技,all,1h,1小时,631
sig_bull_crowd,sum,sig_bull_crowd_sum,看多帖占比 × 情绪（拥挤做多，对照）,ind_ret_1h,0,2,,,,consumer_tech,消费科技,all,1h,1小时,631
sig_bull_fade,sum,sig_bull_fade_sum,仅明显看多帖反转（拥挤做多）,ind_ret_1h,0,2,,,,consumer_tech,消费科技,all,1h,1小时,631
sig_bull_fade,wmean,sig_bull_fade_wmean,仅明显看多帖反转（拥挤做多）,ind_ret_1h,0,2,,,,consumer_tech,消费科技,all,1h,1小时,631
sig_bull_only,sum,sig_bull_only_sum,仅看多情绪 × Influence,ind_ret_1h,0,2,,,,consumer_tech,消费科技,all,1h,1小时,631
sig_bull_only,wmean,sig_bull_only_wmean,仅看多情绪 × Influence,ind_ret_1h,0,2,,,,consumer_tech,消费科技,all,1h,1小时,631
sig_bull_x_eng,sum,sig_bull_x_eng_sum,看多帖 × 互动惊喜（对照）,ind_ret_1h,0,2,,,,consumer_tech,消费科技,all,1h,1小时,631
sig_bull_x_eng,wmean,sig_bull_x_eng_wmean,看多帖 × 互动惊喜（对照）,ind_ret_1h,0,2,,,,consumer_tech,消费科技,all,1h,1小时,631
sig_consensus_contrarian,sum,sig_consensus_contrarian_sum,行业共识情绪反转（|均值|×影响力）,ind_ret_1h,0,2,,,,consumer_tech,消费科技,all,1h,1小时,631
sig_contrarian_orig,sum,sig_contrarian_orig_sum,仅原创帖（非 RT）反转,ind_ret_1h,0,2,,,,consumer_tech,消费科技,all,1h,1小时,631
sig_contrarian_orig,wmean,sig_contrarian_orig_wmean,仅原创帖（非 RT）反转,ind_ret_1h,0,2,,,,consumer_tech,消费科技,all,1h,1小时,631
sig_contrarian,sum,sig_contrarian_sum,−Sentiment × Influence（反转）,ind_ret_1h,0,2,,,,consumer_tech,消费科技,all,1h,1小时,631
sig_contrarian_top3,sum,sig_contrarian_top3_sum,仅Top3 KOL的反转信号（日频 sum）,ind_ret_1h,0,2,,,,consumer_tech,消费科技,all,1h,1小时,631
sig_contrarian_top3,wmean,sig_contrarian_top3_wmean,仅Top3 KOL的反转信号（日频 sum）,ind_ret_1h,0,2,,,,consumer_tech,消费科技,all,1h,1小时,631
sig_contrarian_views,sum,sig_contrarian_views_sum,反转 × log(views),ind_ret_1h,0,2,,,,consumer_tech,消费科技,all,1h,1小时,631
sig_contrarian_views,wmean,sig_contrarian_views_wmean,反转 × log(views),ind_ret_1h,0,2,,,,consumer_tech,消费科技,all,1h,1小时,631
sig_contrarian,wmean,sig_contrarian_wmean,−Sentiment × Influence（反转）,ind_ret_1h,0,2,,,,consumer_tech,消费科技,all,1h,1小时,631
sig_contrarian_x_viral,sum,sig_contrarian_x_viral_sum,反转 × 互动惊喜度（连续加权）,ind_ret_1h,0,2,,,,consumer_tech,消费科技,all,1h,1小时,631
sig_contrarian_x_viral,wmean,sig_contrarian_x_viral_wmean,反转 × 互动惊喜度（连续加权）,ind_ret_1h,0,2,,,,consumer_tech,消费科技,all,1h,1小时,631
sig_disagreement,sum,sig_disagreement_sum,sig_disagreement,ind_ret_1h,0,2,,,,consumer_tech,消费科技,all,1h,1小时,631
sig_dispersion_contrarian,sum,sig_dispersion_contrarian_sum,高分歧日 × 情绪反转,ind_ret_1h,0,2,,,,consumer_tech,消费科技,all,1h,1小时,631
sig_dual_confirm_contra,sum,sig_dual_confirm_contra_sum,看空 + 高互动双重确认反转,ind_ret_1h,0,2,,,,consumer_tech,消费科技,all,1h,1小时,631
sig_dual_confirm_contra,wmean,sig_dual_confirm_contra_wmean,看空 + 高互动双重确认反转,ind_ret_1h,0,2,,,,consumer_tech,消费科技,all,1h,1小时,631
sig_engagement,sum,sig_engagement_sum,情绪 × 相对自身互动惊喜度,ind_ret_1h,0,2,,,,consumer_tech,消费科技,all,1h,1小时,631
sig_engagement,wmean,sig_engagement_wmean,情绪 × 相对自身互动惊喜度,ind_ret_1h,0,2,,,,consumer_tech,消费科技,all,1h,1小时,631
sig_extreme_contrarian,sum,sig_extreme_contrarian_sum,仅极端情绪帖（|s|≥0.2）反转,ind_ret_1h,0,2,,,,consumer_tech,消费科技,all,1h,1小时,631
sig_extreme_contrarian,wmean,sig_extreme_contrarian_wmean,仅极端情绪帖（|s|≥0.2）反转,ind_ret_1h,0,2,,,,consumer_tech,消费科技,all,1h,1小时,631
sig_imbalance_contrarian,sum,sig_imbalance_contrarian_sum,情绪方向 × 影响力反转,ind_ret_1h,0,2,,,,consumer_tech,消费科技,all,1h,1小时,631
sig_imbalance_contrarian,wmean,sig_imbalance_contrarian_wmean,情绪方向 × 影响力反转,ind_ret_1h,0,2,,,,consumer_tech,消费科技,all,1h,1小时,631
sig_kol_breadth_contrarian,sum,sig_kol_breadth_contrarian_sum,参与 KOL 数 × 情绪反转,ind_ret_1h,0,2,,,,consumer_tech,消费科技,all,1h,1小时,631
sig_momentum_daily,sum,sig_momentum_daily_sum,跟随行业情绪动量（非反转）,ind_ret_1h,0,2,,,,consumer_tech,消费科技,all,1h,1小时,631
sig_momentum,sum,sig_momentum_sum,跟随情绪 × 影响力（非反转）,ind_ret_1h,0,2,,,,consumer_tech,消费科技,all,1h,1小时,631
sig_momentum,wmean,sig_momentum_wmean,跟随情绪 × 影响力（非反转）,ind_ret_1h,0,2,,,,consumer_tech,消费科技,all,1h,1小时,631
sig_net_crowd_contrarian,sum,sig_net_crowd_contrarian_sum,(看空占比−看多占比) × 情绪反转,ind_ret_1h,0,2,,,,consumer_tech,消费科技,all,1h,1小时,631
sig_nlp_lex_disagree,sum,sig_nlp_lex_disagree_sum,NLP 与词典情绪不一致时反转,ind_ret_1h,0,2,,,,consumer_tech,消费科技,all,1h,1小时,631
sig_nlp_lex_disagree,wmean,sig_nlp_lex_disagree_wmean,NLP 与词典情绪不一致时反转,ind_ret_1h,0,2,,,,consumer_tech,消费科技,all,1h,1小时,631
sig_nlp_minus_lex,sum,sig_nlp_minus_lex_sum,NLP 与词典差 × 反转,ind_ret_1h,0,2,,,,consumer_tech,消费科技,all,1h,1小时,631
sig_nlp_minus_lex,wmean,sig_nlp_minus_lex_wmean,NLP 与词典差 × 反转,ind_ret_1h,0,2,,,,consumer_tech,消费科技,all,1h,1小时,631
sig_original_post,sum,sig_original_post_sum,非转发帖 × Sentiment × Influence,ind_ret_1h,0,2,,,,consumer_tech,消费科技,all,1h,1小时,631
sig_original_post,wmean,sig_original_post_wmean,非转发帖 × Sentiment × Influence,ind_ret_1h,0,2,,,,consumer_tech,消费科技,all,1h,1小时,631
sig_post_burst_contrarian,sum,sig_post_burst_contrarian_sum,发帖密集日 × 情绪反转,ind_ret_1h,0,2,,,,consumer_tech,消费科技,all,1h,1小时,631
sig_rank1_contrarian,sum,sig_rank1_contrarian_sum,仅行业 #1 KOL 反转,ind_ret_1h,0,2,,,,consumer_tech,消费科技,all,1h,1小时,631
sig_rank1_contrarian,wmean,sig_rank1_contrarian_wmean,仅行业 #1 KOL 反转,ind_ret_1h,0,2,,,,consumer_tech,消费科技,all,1h,1小时,631
sig_rank1_momentum,sum,sig_rank1_momentum_sum,仅行业 #1 KOL 跟随,ind_ret_1h,0,2,,,,consumer_tech,消费科技,all,1h,1小时,631
sig_rank1_momentum,wmean,sig_rank1_momentum_wmean,仅行业 #1 KOL 跟随,ind_ret_1h,0,2,,,,consumer_tech,消费科技,all,1h,1小时,631
sig_rank_weighted,sum,sig_rank_weighted_sum,Sentiment × Influence × Top排名权重,ind_ret_1h,0,2,,,,consumer_tech,消费科技,all,1h,1小时,631
sig_rank_weighted,wmean,sig_rank_weighted_wmean,Sentiment × Influence × Top排名权重,ind_ret_1h,0,2,,,,consumer_tech,消费科技,all,1h,1小时,631
sig_rt_contrarian,sum,sig_rt_contrarian_sum,仅转发帖反转,ind_ret_1h,0,2,,,,consumer_tech,消费科技,all,1h,1小时,631
sig_rt_contrarian,wmean,sig_rt_contrarian_wmean,仅转发帖反转,ind_ret_1h,0,2,,,,consumer_tech,消费科技,all,1h,1小时,631
sig_sentiment_delta_contra,sum,sig_sentiment_delta_contra_sum,情绪突变反转 × 影响力,ind_ret_1h,0,0,,,,consumer_tech,消费科技,all,1h,1小时,631
sig_sentiment_delta,sum,sig_sentiment_delta_sum,情绪相对5日均值突变 × 当日影响力,ind_ret_1h,0,0,,,,consumer_tech,消费科技,all,1h,1小时,631
sig_sentiment_x_likes,sum,sig_sentiment_x_likes_sum,Sentiment × log(1+likes),ind_ret_1h,0,2,,,,consumer_tech,消费科技,all,1h,1小时,631
sig_sentiment_x_likes,wmean,sig_sentiment_x_likes_wmean,Sentiment × log(1+likes),ind_ret_1h,0,2,,,,consumer_tech,消费科技,all,1h,1小时,631
sig_strong_bear_only,sum,sig_strong_bear_only_sum,强看空 (s<-0.2) 反转,ind_ret_1h,0,2,,,,consumer_tech,消费科技,all,1h,1小时,631
sig_strong_bear_only,wmean,sig_strong_bear_only_wmean,强看空 (s<-0.2) 反转,ind_ret_1h,0,2,,,,consumer_tech,消费科技,all,1h,1小时,631
sig_strong_bull_fade,sum,sig_strong_bull_fade_sum,强看多 (s>0.2) 反转,ind_ret_1h,0,2,,,,consumer_tech,消费科技,all,1h,1小时,631
sig_strong_bull_fade,wmean,sig_strong_bull_fade_wmean,强看多 (s>0.2) 反转,ind_ret_1h,0,2,,,,consumer_tech,消费科技,all,1h,1小时,631
sig_surprise_contrarian,sum,sig_surprise_contrarian_sum,相对该 KOL 历史情绪的意外 × 反转,ind_ret_1h,0,2,,,,consumer_tech,消费科技,all,1h,1小时,631
sig_surprise_contrarian,wmean,sig_surprise_contrarian_wmean,相对该 KOL 历史情绪的意外 × 反转,ind_ret_1h,0,2,,,,consumer_tech,消费科技,all,1h,1小时,631
sig_top_rank_only,sum,sig_top_rank_only_sum,仅行业排名前3 KOL,ind_ret_1h,0,2,,,,consumer_tech,消费科技,all,1h,1小时,631
sig_top_rank_only,wmean,sig_top_rank_only_wmean,仅行业排名前3 KOL,ind_ret_1h,0,2,,,,consumer_tech,消费科技,all,1h,1小时,631
sig_unanimity_contrarian,sum,sig_unanimity_contrarian_sum,低分歧时加强反转（一致预期）,ind_ret_1h,0,2,,,,consumer_tech,消费科技,all,1h,1小时,631
sig_views_weighted,sum,sig_views_weighted_sum,情绪 × log(views),ind_ret_1h,0,2,,,,consumer_tech,消费科技,all,1h,1小时,631
sig_views_weighted,wmean,sig_views_weighted_wmean,情绪 × log(views),ind_ret_1h,0,2,,,,consumer_tech,消费科技,all,1h,1小时,631
sig_viral_contrarian,sum,sig_viral_contrarian_sum,高互动惊喜帖才做情绪反转,ind_ret_1h,0,2,,,,consumer_tech,消费科技,all,1h,1小时,631
sig_viral_contrarian,wmean,sig_viral_contrarian_wmean,高互动惊喜帖才做情绪反转,ind_ret_1h,0,2,,,,consumer_tech,消费科技,all,1h,1小时,631
sig_rt_contrarian,wmean,sig_rt_contrarian_wmean,仅转发帖反转,ind_ret_1h,0,23,0.0925,0.000992,-0.002683,crypto,加密,all,1h,1小时,631
sig_sentiment_x_likes,wmean,sig_sentiment_x_likes_wmean,Sentiment × log(1+likes),ind_ret_1h,0,23,0.0495,-9.3e-05,-0.00882,crypto,加密,all,1h,1小时,631
sig_consensus_contrarian,sum,sig_consensus_contrarian_sum,行业共识情绪反转（|均值|×影响力）,ind_ret_1h,0,23,0.0475,0.000763,-0.000478,crypto,加密,all,1h,1小时,631
sig_viral_contrarian,sum,sig_viral_contrarian_sum,高互动惊喜帖才做情绪反转,ind_ret_1h,0,23,0.0446,0.000142,0.003589,crypto,加密,all,1h,1小时,631
sig_contrarian,wmean,sig_contrarian_wmean,−Sentiment × Influence（反转）,ind_ret_1h,0,23,0.0445,0.000903,-0.000478,crypto,加密,all,1h,1小时,631
sig_rt_contrarian,sum,sig_rt_contrarian_sum,仅转发帖反转,ind_ret_1h,0,23,0.0419,-0.000288,-0.002683,crypto,加密,all,1h,1小时,631
sig_bull_fade,wmean,sig_bull_fade_wmean,仅明显看多帖反转（拥挤做多）,ind_ret_1h,0,23,0.0394,0.000633,0.013704,crypto,加密,all,1h,1小时,631
sig_contrarian_x_viral,wmean,sig_contrarian_x_viral_wmean,反转 × 互动惊喜度（连续加权）,ind_ret_1h,0,23,0.0382,0.000475,-0.000478,crypto,加密,all,1h,1小时,631
sig_unanimity_contrarian,sum,sig_unanimity_contrarian_sum,低分歧时加强反转（一致预期）,ind_ret_1h,0,23,0.0373,0.000763,-0.000478,crypto,加密,all,1h,1小时,631
sig_top_rank_only,wmean,sig_top_rank_only_wmean,仅行业排名前3 KOL,ind_ret_1h,0,23,0.0358,7.7e-05,0.000177,crypto,加密,all,1h,1小时,631
sig_imbalance_contrarian,wmean,sig_imbalance_contrarian_wmean,情绪方向 × 影响力反转,ind_ret_1h,0,23,0.0346,0.000703,0.010417,crypto,加密,all,1h,1小时,631
sig_views_weighted,wmean,sig_views_weighted_wmean,情绪 × log(views),ind_ret_1h,0,23,0.033,-0.000122,-0.009245,crypto,加密,all,1h,1小时,631
sig_rank1_momentum,wmean,sig_rank1_momentum_wmean,仅行业 #1 KOL 跟随,ind_ret_1h,0,23,0.0296,7.7e-05,0.000177,crypto,加密,all,1h,1小时,631
sig_bear_x_eng,sum,sig_bear_x_eng_sum,看空帖 × 互动惊喜 × 反转,ind_ret_1h,0,23,0.0273,-0.000171,-0.005617,crypto,加密,all,1h,1小时,631
sig_dual_confirm_contra,sum,sig_dual_confirm_contra_sum,看空 + 高互动双重确认反转,ind_ret_1h,0,23,0.0264,-9.9e-05,-0.004053,crypto,加密,all,1h,1小时,631
sig_post_burst_contrarian,sum,sig_post_burst_contrarian_sum,发帖密集日 × 情绪反转,ind_ret_1h,0,23,0.0252,-0.000761,-0.000478,crypto,加密,all,1h,1小时,631
sig_strong_bear_only,wmean,sig_strong_bear_only_wmean,强看空 (s<-0.2) 反转,ind_ret_1h,0,23,0.0244,0.000439,-0.008341,crypto,加密,all,1h,1小时,631
sig_extreme_contrarian,wmean,sig_extreme_contrarian_wmean,仅极端情绪帖（|s|≥0.2）反转,ind_ret_1h,0,23,0.0224,0.000702,-8.1e-05,crypto,加密,all,1h,1小时,631
sig_contrarian_x_viral,sum,sig_contrarian_x_viral_sum,反转 × 互动惊喜度（连续加权）,ind_ret_1h,0,23,0.0219,0.000991,-0.000478,crypto,加密,all,1h,1小时,631
sig_sentiment_delta_contra,sum,sig_sentiment_delta_contra_sum,情绪突变反转 × 影响力,ind_ret_1h,0,21,0.0205,0.000599,0.005879,crypto,加密,all,1h,1小时,631
sig_contrarian,sum,sig_contrarian_sum,−Sentiment × Influence（反转）,ind_ret_1h,0,23,0.0197,-0.000698,-0.000478,crypto,加密,all,1h,1小时,631
sig_top_rank_only,sum,sig_top_rank_only_sum,仅行业排名前3 KOL,ind_ret_1h,0,23,0.0186,7.7e-05,0.000177,crypto,加密,all,1h,1小时,631
sig_extreme_contrarian,sum,sig_extreme_contrarian_sum,仅极端情绪帖（|s|≥0.2）反转,ind_ret_1h,0,23,0.0181,-0.001285,-8.1e-05,crypto,加密,all,1h,1小时,631
sig_rank1_momentum,sum,sig_rank1_momentum_sum,仅行业 #1 KOL 跟随,ind_ret_1h,0,23,0.0174,7.7e-05,0.000177,crypto,加密,all,1h,1小时,631
sig_contrarian_orig,sum,sig_contrarian_orig_sum,仅原创帖（非 RT）反转,ind_ret_1h,0,23,0.0167,0.000302,0.009245,crypto,加密,all,1h,1小时,631
sig_strong_bull_fade,wmean,sig_strong_bull_fade_wmean,强看多 (s>0.2) 反转,ind_ret_1h,0,23,0.0163,-5.4e-05,0.007199,crypto,加密,all,1h,1小时,631
sig_bull_fade,sum,sig_bull_fade_sum,仅明显看多帖反转（拥挤做多）,ind_ret_1h,0,23,0.0154,0.000908,0.013704,crypto,加密,all,1h,1小时,631
sig_nlp_minus_lex,sum,sig_nlp_minus_lex_sum,NLP 与词典差 × 反转,ind_ret_1h,0,23,0.0152,-0.00145,-0.017617,crypto,加密,all,1h,1小时,631
sig_contrarian_orig,wmean,sig_contrarian_orig_wmean,仅原创帖（非 RT）反转,ind_ret_1h,0,23,0.0149,0.0006,0.009245,crypto,加密,all,1h,1小时,631
sig_contrarian_views,sum,sig_contrarian_views_sum,反转 × log(views),ind_ret_1h,0,23,0.0146,0.000302,0.009245,crypto,加密,all,1h,1小时,631
sig_strong_bull_fade,sum,sig_strong_bull_fade_sum,强看多 (s>0.2) 反转,ind_ret_1h,0,23,0.0136,0.000461,0.007199,crypto,加密,all,1h,1小时,631
sig_bear_bounce,wmean,sig_bear_bounce_wmean,仅明显看空帖反转（恐慌反弹）,ind_ret_1h,0,23,0.0135,0.000301,-0.007656,crypto,加密,all,1h,1小时,631
sig_dispersion_contrarian,sum,sig_dispersion_contrarian_sum,高分歧日 × 情绪反转,ind_ret_1h,0,23,0.013,-0.000291,-0.003872,crypto,加密,all,1h,1小时,631
sig_surprise_contrarian,wmean,sig_surprise_contrarian_wmean,相对该 KOL 历史情绪的意外 × 反转,ind_ret_1h,0,23,0.0113,7.1e-05,0.00223,crypto,加密,all,1h,1小时,631
sig_strong_bear_only,sum,sig_strong_bear_only_sum,强看空 (s<-0.2) 反转,ind_ret_1h,0,23,0.0111,-0.000306,-0.008341,crypto,加密,all,1h,1小时,631
sig_imbalance_contrarian,sum,sig_imbalance_contrarian_sum,情绪方向 × 影响力反转,ind_ret_1h,0,23,0.0104,0.001216,0.010417,crypto,加密,all,1h,1小时,631
sig_bear_bounce,sum,sig_bear_bounce_sum,仅明显看空帖反转（恐慌反弹）,ind_ret_1h,0,23,0.008,-0.000175,-0.007656,crypto,加密,all,1h,1小时,631
sig_viral_contrarian,wmean,sig_viral_contrarian_wmean,高互动惊喜帖才做情绪反转,ind_ret_1h,0,23,0.0031,0.000142,0.003589,crypto,加密,all,1h,1小时,631
sig_rank_weighted,sum,sig_rank_weighted_sum,Sentiment × Influence × Top排名权重,ind_ret_1h,0,23,0.0013,0.000461,0.000478,crypto,加密,all,1h,1小时,631
sig_nlp_lex_disagree,wmean,sig_nlp_lex_disagree_wmean,NLP 与词典情绪不一致时反转,ind_ret_1h,0,23,-0.0005,-0.0,0.000445,crypto,加密,all,1h,1小时,631
sig_nlp_lex_disagree,sum,sig_nlp_lex_disagree_sum,NLP 与词典情绪不一致时反转,ind_ret_1h,0,23,-0.0005,-0.0,0.000445,crypto,加密,all,1h,1小时,631
sig_kol_breadth_contrarian,sum,sig_kol_breadth_contrarian_sum,参与 KOL 数 × 情绪反转,ind_ret_1h,0,23,-0.0031,0.000216,-0.000478,crypto,加密,all,1h,1小时,631
sig_attention_raw,sum,sig_attention_raw_sum,纯 Influence（无情绪）,ind_ret_1h,0,23,-0.0078,-0.001361,-0.010417,crypto,加密,all,1h,1小时,631
sig_bull_x_eng,sum,sig_bull_x_eng_sum,看多帖 × 互动惊喜（对照）,ind_ret_1h,0,23,-0.0099,-0.000384,-0.013704,crypto,加密,all,1h,1小时,631
sig_bear_only,sum,sig_bear_only_sum,仅看空情绪 × Influence,ind_ret_1h,0,23,-0.01,0.0003,0.006842,crypto,加密,all,1h,1小时,631
sig_engagement,wmean,sig_engagement_wmean,情绪 × 相对自身互动惊喜度,ind_ret_1h,0,23,-0.0124,-0.000669,-0.009245,crypto,加密,all,1h,1小时,631
sig_bull_only,sum,sig_bull_only_sum,仅看多情绪 × Influence,ind_ret_1h,0,23,-0.0143,-0.001299,-0.013704,crypto,加密,all,1h,1小时,631
sig_views_weighted,sum,sig_views_weighted_sum,情绪 × log(views),ind_ret_1h,0,23,-0.0146,-0.000302,-0.009245,crypto,加密,all,1h,1小时,631
sig_original_post,wmean,sig_original_post_wmean,非转发帖 × Sentiment × Influence,ind_ret_1h,0,23,-0.0149,-0.0006,-0.009245,crypto,加密,all,1h,1小时,631
sig_original_post,sum,sig_original_post_sum,非转发帖 × Sentiment × Influence,ind_ret_1h,0,23,-0.0167,-0.000302,-0.009245,crypto,加密,all,1h,1小时,631
sig_rank1_contrarian,sum,sig_rank1_contrarian_sum,仅行业 #1 KOL 反转,ind_ret_1h,0,23,-0.0174,-7.7e-05,-0.000177,crypto,加密,all,1h,1小时,631
sig_contrarian_top3,sum,sig_contrarian_top3_sum,仅Top3 KOL的反转信号（日频 sum）,ind_ret_1h,0,23,-0.0186,-7.7e-05,-0.000177,crypto,加密,all,1h,1小时,631
sig_momentum,sum,sig_momentum_sum,跟随情绪 × 影响力（非反转）,ind_ret_1h,0,23,-0.0197,0.000698,0.000478,crypto,加密,all,1h,1小时,631
sig_baseline,sum,sig_baseline_sum,Sentiment × Influence（原版）,ind_ret_1h,0,23,-0.0197,0.000698,0.000478,crypto,加密,all,1h,1小时,631
sig_surprise_contrarian,sum,sig_surprise_contrarian_sum,相对该 KOL 历史情绪的意外 × 反转,ind_ret_1h,0,23,-0.0204,-7.5e-05,0.00223,crypto,加密,all,1h,1小时,631
sig_sentiment_delta,sum,sig_sentiment_delta_sum,情绪相对5日均值突变 × 当日影响力,ind_ret_1h,0,21,-0.0205,-0.000599,-0.005879,crypto,加密,all,1h,1小时,631
sig_momentum_daily,sum,sig_momentum_daily_sum,跟随行业情绪动量（非反转）,ind_ret_1h,0,23,-0.0222,0.001067,0.000478,crypto,加密,all,1h,1小时,631
sig_engagement,sum,sig_engagement_sum,情绪 × 相对自身互动惊喜度,ind_ret_1h,0,23,-0.0229,-0.000302,-0.009245,crypto,加密,all,1h,1小时,631
sig_bear_crowd,sum,sig_bear_crowd_sum,看空帖占比 × 情绪反转（恐慌反弹）,ind_ret_1h,0,23,-0.0254,0.000377,-0.005291,crypto,加密,all,1h,1小时,631
sig_sentiment_x_likes,sum,sig_sentiment_x_likes_sum,Sentiment × log(1+likes),ind_ret_1h,0,23,-0.0254,0.000274,-0.00882,crypto,加密,all,1h,1小时,631
sig_rank_weighted,wmean,sig_rank_weighted_wmean,Sentiment × Influence × Top排名权重,ind_ret_1h,0,23,-0.0286,-0.001017,-0.00398,crypto,加密,all,1h,1小时,631
sig_rank1_contrarian,wmean,sig_rank1_contrarian_wmean,仅行业 #1 KOL 反转,ind_ret_1h,0,23,-0.0296,-7.7e-05,-0.000177,crypto,加密,all,1h,1小时,631
sig_bull_x_eng,wmean,sig_bull_x_eng_wmean,看多帖 × 互动惊喜（对照）,ind_ret_1h,0,23,-0.0317,-0.000633,-0.013704,crypto,加密,all,1h,1小时,631
sig_bear_only,wmean,sig_bear_only_wmean,仅看空情绪 × Influence,ind_ret_1h,0,23,-0.0327,-0.000301,0.006842,crypto,加密,all,1h,1小时,631
sig_contrarian_views,wmean,sig_contrarian_views_wmean,反转 × log(views),ind_ret_1h,0,23,-0.033,0.000122,0.009245,crypto,加密,all,1h,1小时,631
sig_contrarian_top3,wmean,sig_contrarian_top3_wmean,仅Top3 KOL的反转信号（日频 sum）,ind_ret_1h,0,23,-0.0358,-7.7e-05,-0.000177,crypto,加密,all,1h,1小时,631
sig_bull_crowd,sum,sig_bull_crowd_sum,看多帖占比 × 情绪（拥挤做多，对照）,ind_ret_1h,0,23,-0.0366,-6e-05,0.003765,crypto,加密,all,1h,1小时,631
sig_attention,sum,sig_attention_sum,Influence × sign(Sentiment),ind_ret_1h,0,23,-0.0401,-0.000219,0.000478,crypto,加密,all,1h,1小时,631
sig_bull_only,wmean,sig_bull_only_wmean,仅看多情绪 × Influence,ind_ret_1h,0,23,-0.0428,-0.000851,-0.013704,crypto,加密,all,1h,1小时,631
sig_momentum,wmean,sig_momentum_wmean,跟随情绪 × 影响力（非反转）,ind_ret_1h,0,23,-0.0445,-0.000903,0.000478,crypto,加密,all,1h,1小时,631
sig_baseline,wmean,sig_baseline_wmean,Sentiment × Influence（原版）,ind_ret_1h,0,23,-0.0445,-0.000903,0.000478,crypto,加密,all,1h,1小时,631
sig_dual_confirm_contra,wmean,sig_dual_confirm_contra_wmean,看空 + 高互动双重确认反转,ind_ret_1h,0,23,-0.0469,-9.9e-05,-0.004053,crypto,加密,all,1h,1小时,631
sig_bear_x_eng,wmean,sig_bear_x_eng_wmean,看空帖 × 互动惊喜 × 反转,ind_ret_1h,0,23,-0.055,-0.000171,-0.005617,crypto,加密,all,1h,1小时,631
sig_net_crowd_contrarian,sum,sig_net_crowd_contrarian_sum,(看空占比−看多占比) × 情绪反转,ind_ret_1h,0,23,-0.0582,0.000424,-0.009986,crypto,加密,all,1h,1小时,631
sig_attention_raw,wmean,sig_attention_raw_wmean,纯 Influence（无情绪）,ind_ret_1h,0,23,-0.0604,-0.000612,-0.010417,crypto,加密,all,1h,1小时,631
sig_bear_crowd_strict,sum,sig_bear_crowd_strict_sum,严格恐慌：bear_ratio>0.5 才 bear_crowd,ind_ret_1h,0,23,-0.0618,0.000511,-0.006473,crypto,加密,all,1h,1小时,631
sig_attention,wmean,sig_attention_wmean,Influence × sign(Sentiment),ind_ret_1h,0,23,-0.0952,-0.000859,0.000478,crypto,加密,all,1h,1小时,631
sig_nlp_minus_lex,wmean,sig_nlp_minus_lex_wmean,NLP 与词典差 × 反转,ind_ret_1h,0,23,-0.1036,-0.000416,-0.017617,crypto,加密,all,1h,1小时,631
sig_disagreement,sum,sig_disagreement_sum,sig_disagreement,ind_ret_1h,0,23,-0.1166,-0.001231,-0.013009,crypto,加密,all,1h,1小时,631
sig_attention_raw,sum,sig_attention_raw_sum,纯 Influence（无情绪）,ind_ret_1h,0,2,,,,semiconductor,半导体,all,1h,1小时,631
sig_attention_raw,wmean,sig_attention_raw_wmean,纯 Influence（无情绪）,ind_ret_1h,0,2,,,,semiconductor,半导体,all,1h,1小时,631
sig_attention,sum,sig_attention_sum,Influence × sign(Sentiment),ind_ret_1h,0,2,,,,semiconductor,半导体,all,1h,1小时,631
sig_attention,wmean,sig_attention_wmean,Influence × sign(Sentiment),ind_ret_1h,0,2,,,,semiconductor,半导体,all,1h,1小时,631
sig_baseline,sum,sig_baseline_sum,Sentiment × Influence（原版）,ind_ret_1h,0,2,,,,semiconductor,半导体,all,1h,1小时,631
sig_baseline,wmean,sig_baseline_wmean,Sentiment × Influence（原版）,ind_ret_1h,0,2,,,,semiconductor,半导体,all,1h,1小时,631
sig_bear_bounce,sum,sig_bear_bounce_sum,仅明显看空帖反转（恐慌反弹）,ind_ret_1h,0,2,,,,semiconductor,半导体,all,1h,1小时,631
sig_bear_bounce,wmean,sig_bear_bounce_wmean,仅明显看空帖反转（恐慌反弹）,ind_ret_1h,0,2,,,,semiconductor,半导体,all,1h,1小时,631
sig_bear_crowd_strict,sum,sig_bear_crowd_strict_sum,严格恐慌：bear_ratio>0.5 才 bear_crowd,ind_ret_1h,0,2,,,,semiconductor,半导体,all,1h,1小时,631
sig_bear_crowd,sum,sig_bear_crowd_sum,看空帖占比 × 情绪反转（恐慌反弹）,ind_ret_1h,0,2,,,,semiconductor,半导体,all,1h,1小时,631
sig_bear_only,sum,sig_bear_only_sum,仅看空情绪 × Influence,ind_ret_1h,0,2,,,,semiconductor,半导体,all,1h,1小时,631
sig_bear_only,wmean,sig_bear_only_wmean,仅看空情绪 × Influence,ind_ret_1h,0,2,,,,semiconductor,半导体,all,1h,1小时,631
sig_bear_x_eng,sum,sig_bear_x_eng_sum,看空帖 × 互动惊喜 × 反转,ind_ret_1h,0,2,,,,semiconductor,半导体,all,1h,1小时,631
sig_bear_x_eng,wmean,sig_bear_x_eng_wmean,看空帖 × 互动惊喜 × 反转,ind_ret_1h,0,2,,,,semiconductor,半导体,all,1h,1小时,631
sig_bull_crowd,sum,sig_bull_crowd_sum,看多帖占比 × 情绪（拥挤做多，对照）,ind_ret_1h,0,2,,,,semiconductor,半导体,all,1h,1小时,631
sig_bull_fade,sum,sig_bull_fade_sum,仅明显看多帖反转（拥挤做多）,ind_ret_1h,0,2,,,,semiconductor,半导体,all,1h,1小时,631
sig_bull_fade,wmean,sig_bull_fade_wmean,仅明显看多帖反转（拥挤做多）,ind_ret_1h,0,2,,,,semiconductor,半导体,all,1h,1小时,631
sig_bull_only,sum,sig_bull_only_sum,仅看多情绪 × Influence,ind_ret_1h,0,2,,,,semiconductor,半导体,all,1h,1小时,631
sig_bull_only,wmean,sig_bull_only_wmean,仅看多情绪 × Influence,ind_ret_1h,0,2,,,,semiconductor,半导体,all,1h,1小时,631
sig_bull_x_eng,sum,sig_bull_x_eng_sum,看多帖 × 互动惊喜（对照）,ind_ret_1h,0,2,,,,semiconductor,半导体,all,1h,1小时,631
sig_bull_x_eng,wmean,sig_bull_x_eng_wmean,看多帖 × 互动惊喜（对照）,ind_ret_1h,0,2,,,,semiconductor,半导体,all,1h,1小时,631
sig_consensus_contrarian,sum,sig_consensus_contrarian_sum,行业共识情绪反转（|均值|×影响力）,ind_ret_1h,0,2,,,,semiconductor,半导体,all,1h,1小时,631
sig_contrarian_orig,sum,sig_contrarian_orig_sum,仅原创帖（非 RT）反转,ind_ret_1h,0,2,,,,semiconductor,半导体,all,1h,1小时,631
sig_contrarian_orig,wmean,sig_contrarian_orig_wmean,仅原创帖（非 RT）反转,ind_ret_1h,0,2,,,,semiconductor,半导体,all,1h,1小时,631
sig_contrarian,sum,sig_contrarian_sum,−Sentiment × Influence（反转）,ind_ret_1h,0,2,,,,semiconductor,半导体,all,1h,1小时,631
sig_contrarian_top3,sum,sig_contrarian_top3_sum,仅Top3 KOL的反转信号（日频 sum）,ind_ret_1h,0,2,,,,semiconductor,半导体,all,1h,1小时,631
sig_contrarian_top3,wmean,sig_contrarian_top3_wmean,仅Top3 KOL的反转信号（日频 sum）,ind_ret_1h,0,2,,,,semiconductor,半导体,all,1h,1小时,631
sig_contrarian_views,sum,sig_contrarian_views_sum,反转 × log(views),ind_ret_1h,0,2,,,,semiconductor,半导体,all,1h,1小时,631
sig_contrarian_views,wmean,sig_contrarian_views_wmean,反转 × log(views),ind_ret_1h,0,2,,,,semiconductor,半导体,all,1h,1小时,631
sig_contrarian,wmean,sig_contrarian_wmean,−Sentiment × Influence（反转）,ind_ret_1h,0,2,,,,semiconductor,半导体,all,1h,1小时,631
sig_contrarian_x_viral,sum,sig_contrarian_x_viral_sum,反转 × 互动惊喜度（连续加权）,ind_ret_1h,0,2,,,,semiconductor,半导体,all,1h,1小时,631
sig_contrarian_x_viral,wmean,sig_contrarian_x_viral_wmean,反转 × 互动惊喜度（连续加权）,ind_ret_1h,0,2,,,,semiconductor,半导体,all,1h,1小时,631
sig_disagreement,sum,sig_disagreement_sum,sig_disagreement,ind_ret_1h,0,2,,,,semiconductor,半导体,all,1h,1小时,631
sig_dispersion_contrarian,sum,sig_dispersion_contrarian_sum,高分歧日 × 情绪反转,ind_ret_1h,0,2,,,,semiconductor,半导体,all,1h,1小时,631
sig_dual_confirm_contra,sum,sig_dual_confirm_contra_sum,看空 + 高互动双重确认反转,ind_ret_1h,0,2,,,,semiconductor,半导体,all,1h,1小时,631
sig_dual_confirm_contra,wmean,sig_dual_confirm_contra_wmean,看空 + 高互动双重确认反转,ind_ret_1h,0,2,,,,semiconductor,半导体,all,1h,1小时,631
sig_engagement,sum,sig_engagement_sum,情绪 × 相对自身互动惊喜度,ind_ret_1h,0,2,,,,semiconductor,半导体,all,1h,1小时,631
sig_engagement,wmean,sig_engagement_wmean,情绪 × 相对自身互动惊喜度,ind_ret_1h,0,2,,,,semiconductor,半导体,all,1h,1小时,631
sig_extreme_contrarian,sum,sig_extreme_contrarian_sum,仅极端情绪帖（|s|≥0.2）反转,ind_ret_1h,0,2,,,,semiconductor,半导体,all,1h,1小时,631
sig_extreme_contrarian,wmean,sig_extreme_contrarian_wmean,仅极端情绪帖（|s|≥0.2）反转,ind_ret_1h,0,2,,,,semiconductor,半导体,all,1h,1小时,631
sig_imbalance_contrarian,sum,sig_imbalance_contrarian_sum,情绪方向 × 影响力反转,ind_ret_1h,0,2,,,,semiconductor,半导体,all,1h,1小时,631
sig_imbalance_contrarian,wmean,sig_imbalance_contrarian_wmean,情绪方向 × 影响力反转,ind_ret_1h,0,2,,,,semiconductor,半导体,all,1h,1小时,631
sig_kol_breadth_contrarian,sum,sig_kol_breadth_contrarian_sum,参与 KOL 数 × 情绪反转,ind_ret_1h,0,2,,,,semiconductor,半导体,all,1h,1小时,631
sig_momentum_daily,sum,sig_momentum_daily_sum,跟随行业情绪动量（非反转）,ind_ret_1h,0,2,,,,semiconductor,半导体,all,1h,1小时,631
sig_momentum,sum,sig_momentum_sum,跟随情绪 × 影响力（非反转）,ind_ret_1h,0,2,,,,semiconductor,半导体,all,1h,1小时,631
sig_momentum,wmean,sig_momentum_wmean,跟随情绪 × 影响力（非反转）,ind_ret_1h,0,2,,,,semiconductor,半导体,all,1h,1小时,631
sig_net_crowd_contrarian,sum,sig_net_crowd_contrarian_sum,(看空占比−看多占比) × 情绪反转,ind_ret_1h,0,2,,,,semiconductor,半导体,all,1h,1小时,631
sig_nlp_lex_disagree,sum,sig_nlp_lex_disagree_sum,NLP 与词典情绪不一致时反转,ind_ret_1h,0,2,,,,semiconductor,半导体,all,1h,1小时,631
sig_nlp_lex_disagree,wmean,sig_nlp_lex_disagree_wmean,NLP 与词典情绪不一致时反转,ind_ret_1h,0,2,,,,semiconductor,半导体,all,1h,1小时,631
sig_nlp_minus_lex,sum,sig_nlp_minus_lex_sum,NLP 与词典差 × 反转,ind_ret_1h,0,2,,,,semiconductor,半导体,all,1h,1小时,631
sig_nlp_minus_lex,wmean,sig_nlp_minus_lex_wmean,NLP 与词典差 × 反转,ind_ret_1h,0,2,,,,semiconductor,半导体,all,1h,1小时,631
sig_original_post,sum,sig_original_post_sum,非转发帖 × Sentiment × Influence,ind_ret_1h,0,2,,,,semiconductor,半导体,all,1h,1小时,631
sig_original_post,wmean,sig_original_post_wmean,非转发帖 × Sentiment × Influence,ind_ret_1h,0,2,,,,semiconductor,半导体,all,1h,1小时,631
sig_post_burst_contrarian,sum,sig_post_burst_contrarian_sum,发帖密集日 × 情绪反转,ind_ret_1h,0,2,,,,semiconductor,半导体,all,1h,1小时,631
sig_rank1_contrarian,sum,sig_rank1_contrarian_sum,仅行业 #1 KOL 反转,ind_ret_1h,0,2,,,,semiconductor,半导体,all,1h,1小时,631
sig_rank1_contrarian,wmean,sig_rank1_contrarian_wmean,仅行业 #1 KOL 反转,ind_ret_1h,0,2,,,,semiconductor,半导体,all,1h,1小时,631
sig_rank1_momentum,sum,sig_rank1_momentum_sum,仅行业 #1 KOL 跟随,ind_ret_1h,0,2,,,,semiconductor,半导体,all,1h,1小时,631
sig_rank1_momentum,wmean,sig_rank1_momentum_wmean,仅行业 #1 KOL 跟随,ind_ret_1h,0,2,,,,semiconductor,半导体,all,1h,1小时,631
sig_rank_weighted,sum,sig_rank_weighted_sum,Sentiment × Influence × Top排名权重,ind_ret_1h,0,2,,,,semiconductor,半导体,all,1h,1小时,631
sig_rank_weighted,wmean,sig_rank_weighted_wmean,Sentiment × Influence × Top排名权重,ind_ret_1h,0,2,,,,semiconductor,半导体,all,1h,1小时,631
sig_rt_contrarian,sum,sig_rt_contrarian_sum,仅转发帖反转,ind_ret_1h,0,2,,,,semiconductor,半导体,all,1h,1小时,631
sig_rt_contrarian,wmean,sig_rt_contrarian_wmean,仅转发帖反转,ind_ret_1h,0,2,,,,semiconductor,半导体,all,1h,1小时,631
sig_sentiment_delta_contra,sum,sig_sentiment_delta_contra_sum,情绪突变反转 × 影响力,ind_ret_1h,0,0,,,,semiconductor,半导体,all,1h,1小时,631
sig_sentiment_delta,sum,sig_sentiment_delta_sum,情绪相对5日均值突变 × 当日影响力,ind_ret_1h,0,0,,,,semiconductor,半导体,all,1h,1小时,631
sig_sentiment_x_likes,sum,sig_sentiment_x_likes_sum,Sentiment × log(1+likes),ind_ret_1h,0,2,,,,semiconductor,半导体,all,1h,1小时,631
sig_sentiment_x_likes,wmean,sig_sentiment_x_likes_wmean,Sentiment × log(1+likes),ind_ret_1h,0,2,,,,semiconductor,半导体,all,1h,1小时,631
sig_strong_bear_only,sum,sig_strong_bear_only_sum,强看空 (s<-0.2) 反转,ind_ret_1h,0,2,,,,semiconductor,半导体,all,1h,1小时,631
sig_strong_bear_only,wmean,sig_strong_bear_only_wmean,强看空 (s<-0.2) 反转,ind_ret_1h,0,2,,,,semiconductor,半导体,all,1h,1小时,631
sig_strong_bull_fade,sum,sig_strong_bull_fade_sum,强看多 (s>0.2) 反转,ind_ret_1h,0,2,,,,semiconductor,半导体,all,1h,1小时,631
sig_strong_bull_fade,wmean,sig_strong_bull_fade_wmean,强看多 (s>0.2) 反转,ind_ret_1h,0,2,,,,semiconductor,半导体,all,1h,1小时,631
sig_surprise_contrarian,sum,sig_surprise_contrarian_sum,相对该 KOL 历史情绪的意外 × 反转,ind_ret_1h,0,2,,,,semiconductor,半导体,all,1h,1小时,631
sig_surprise_contrarian,wmean,sig_surprise_contrarian_wmean,相对该 KOL 历史情绪的意外 × 反转,ind_ret_1h,0,2,,,,semiconductor,半导体,all,1h,1小时,631
sig_top_rank_only,sum,sig_top_rank_only_sum,仅行业排名前3 KOL,ind_ret_1h,0,2,,,,semiconductor,半导体,all,1h,1小时,631
sig_top_rank_only,wmean,sig_top_rank_only_wmean,仅行业排名前3 KOL,ind_ret_1h,0,2,,,,semiconductor,半导体,all,1h,1小时,631
sig_unanimity_contrarian,sum,sig_unanimity_contrarian_sum,低分歧时加强反转（一致预期）,ind_ret_1h,0,2,,,,semiconductor,半导体,all,1h,1小时,631
sig_views_weighted,sum,sig_views_weighted_sum,情绪 × log(views),ind_ret_1h,0,2,,,,semiconductor,半导体,all,1h,1小时,631
sig_views_weighted,wmean,sig_views_weighted_wmean,情绪 × log(views),ind_ret_1h,0,2,,,,semiconductor,半导体,all,1h,1小时,631
sig_viral_contrarian,sum,sig_viral_contrarian_sum,高互动惊喜帖才做情绪反转,ind_ret_1h,0,2,,,,semiconductor,半导体,all,1h,1小时,631
sig_viral_contrarian,wmean,sig_viral_contrarian_wmean,高互动惊喜帖才做情绪反转,ind_ret_1h,0,2,,,,semiconductor,半导体,all,1h,1小时,631
sig_attention_raw,sum,sig_attention_raw_sum,纯 Influence（无情绪）,ind_ret_1h,0,0,,,,unclassified,未分类,all,1h,1小时,631
sig_attention_raw,wmean,sig_attention_raw_wmean,纯 Influence（无情绪）,ind_ret_1h,0,0,,,,unclassified,未分类,all,1h,1小时,631
sig_attention,sum,sig_attention_sum,Influence × sign(Sentiment),ind_ret_1h,0,0,,,,unclassified,未分类,all,1h,1小时,631
sig_attention,wmean,sig_attention_wmean,Influence × sign(Sentiment),ind_ret_1h,0,0,,,,unclassified,未分类,all,1h,1小时,631
sig_baseline,sum,sig_baseline_sum,Sentiment × Influence（原版）,ind_ret_1h,0,0,,,,unclassified,未分类,all,1h,1小时,631
sig_baseline,wmean,sig_baseline_wmean,Sentiment × Influence（原版）,ind_ret_1h,0,0,,,,unclassified,未分类,all,1h,1小时,631
sig_bear_bounce,sum,sig_bear_bounce_sum,仅明显看空帖反转（恐慌反弹）,ind_ret_1h,0,0,,,,unclassified,未分类,all,1h,1小时,631
sig_bear_bounce,wmean,sig_bear_bounce_wmean,仅明显看空帖反转（恐慌反弹）,ind_ret_1h,0,0,,,,unclassified,未分类,all,1h,1小时,631
sig_bear_crowd_strict,sum,sig_bear_crowd_strict_sum,严格恐慌：bear_ratio>0.5 才 bear_crowd,ind_ret_1h,0,0,,,,unclassified,未分类,all,1h,1小时,631
sig_bear_crowd,sum,sig_bear_crowd_sum,看空帖占比 × 情绪反转（恐慌反弹）,ind_ret_1h,0,0,,,,unclassified,未分类,all,1h,1小时,631
sig_bear_only,sum,sig_bear_only_sum,仅看空情绪 × Influence,ind_ret_1h,0,0,,,,unclassified,未分类,all,1h,1小时,631
sig_bear_only,wmean,sig_bear_only_wmean,仅看空情绪 × Influence,ind_ret_1h,0,0,,,,unclassified,未分类,all,1h,1小时,631
sig_bear_x_eng,sum,sig_bear_x_eng_sum,看空帖 × 互动惊喜 × 反转,ind_ret_1h,0,0,,,,unclassified,未分类,all,1h,1小时,631
sig_bear_x_eng,wmean,sig_bear_x_eng_wmean,看空帖 × 互动惊喜 × 反转,ind_ret_1h,0,0,,,,unclassified,未分类,all,1h,1小时,631
sig_bull_crowd,sum,sig_bull_crowd_sum,看多帖占比 × 情绪（拥挤做多，对照）,ind_ret_1h,0,0,,,,unclassified,未分类,all,1h,1小时,631
sig_bull_fade,sum,sig_bull_fade_sum,仅明显看多帖反转（拥挤做多）,ind_ret_1h,0,0,,,,unclassified,未分类,all,1h,1小时,631
sig_bull_fade,wmean,sig_bull_fade_wmean,仅明显看多帖反转（拥挤做多）,ind_ret_1h,0,0,,,,unclassified,未分类,all,1h,1小时,631
sig_bull_only,sum,sig_bull_only_sum,仅看多情绪 × Influence,ind_ret_1h,0,0,,,,unclassified,未分类,all,1h,1小时,631
sig_bull_only,wmean,sig_bull_only_wmean,仅看多情绪 × Influence,ind_ret_1h,0,0,,,,unclassified,未分类,all,1h,1小时,631
sig_bull_x_eng,sum,sig_bull_x_eng_sum,看多帖 × 互动惊喜（对照）,ind_ret_1h,0,0,,,,unclassified,未分类,all,1h,1小时,631
sig_bull_x_eng,wmean,sig_bull_x_eng_wmean,看多帖 × 互动惊喜（对照）,ind_ret_1h,0,0,,,,unclassified,未分类,all,1h,1小时,631
sig_consensus_contrarian,sum,sig_consensus_contrarian_sum,行业共识情绪反转（|均值|×影响力）,ind_ret_1h,0,0,,,,unclassified,未分类,all,1h,1小时,631
sig_contrarian_orig,sum,sig_contrarian_orig_sum,仅原创帖（非 RT）反转,ind_ret_1h,0,0,,,,unclassified,未分类,all,1h,1小时,631
sig_contrarian_orig,wmean,sig_contrarian_orig_wmean,仅原创帖（非 RT）反转,ind_ret_1h,0,0,,,,unclassified,未分类,all,1h,1小时,631
sig_contrarian,sum,sig_contrarian_sum,−Sentiment × Influence（反转）,ind_ret_1h,0,0,,,,unclassified,未分类,all,1h,1小时,631
sig_contrarian_top3,sum,sig_contrarian_top3_sum,仅Top3 KOL的反转信号（日频 sum）,ind_ret_1h,0,0,,,,unclassified,未分类,all,1h,1小时,631
sig_contrarian_top3,wmean,sig_contrarian_top3_wmean,仅Top3 KOL的反转信号（日频 sum）,ind_ret_1h,0,0,,,,unclassified,未分类,all,1h,1小时,631
sig_contrarian_views,sum,sig_contrarian_views_sum,反转 × log(views),ind_ret_1h,0,0,,,,unclassified,未分类,all,1h,1小时,631
sig_contrarian_views,wmean,sig_contrarian_views_wmean,反转 × log(views),ind_ret_1h,0,0,,,,unclassified,未分类,all,1h,1小时,631
sig_contrarian,wmean,sig_contrarian_wmean,−Sentiment × Influence（反转）,ind_ret_1h,0,0,,,,unclassified,未分类,all,1h,1小时,631
sig_contrarian_x_viral,sum,sig_contrarian_x_viral_sum,反转 × 互动惊喜度（连续加权）,ind_ret_1h,0,0,,,,unclassified,未分类,all,1h,1小时,631
sig_contrarian_x_viral,wmean,sig_contrarian_x_viral_wmean,反转 × 互动惊喜度（连续加权）,ind_ret_1h,0,0,,,,unclassified,未分类,all,1h,1小时,631
sig_disagreement,sum,sig_disagreement_sum,sig_disagreement,ind_ret_1h,0,0,,,,unclassified,未分类,all,1h,1小时,631
sig_dispersion_contrarian,sum,sig_dispersion_contrarian_sum,高分歧日 × 情绪反转,ind_ret_1h,0,0,,,,unclassified,未分类,all,1h,1小时,631
sig_dual_confirm_contra,sum,sig_dual_confirm_contra_sum,看空 + 高互动双重确认反转,ind_ret_1h,0,0,,,,unclassified,未分类,all,1h,1小时,631
sig_dual_confirm_contra,wmean,sig_dual_confirm_contra_wmean,看空 + 高互动双重确认反转,ind_ret_1h,0,0,,,,unclassified,未分类,all,1h,1小时,631
sig_engagement,sum,sig_engagement_sum,情绪 × 相对自身互动惊喜度,ind_ret_1h,0,0,,,,unclassified,未分类,all,1h,1小时,631
sig_engagement,wmean,sig_engagement_wmean,情绪 × 相对自身互动惊喜度,ind_ret_1h,0,0,,,,unclassified,未分类,all,1h,1小时,631
sig_extreme_contrarian,sum,sig_extreme_contrarian_sum,仅极端情绪帖（|s|≥0.2）反转,ind_ret_1h,0,0,,,,unclassified,未分类,all,1h,1小时,631
sig_extreme_contrarian,wmean,sig_extreme_contrarian_wmean,仅极端情绪帖（|s|≥0.2）反转,ind_ret_1h,0,0,,,,unclassified,未分类,all,1h,1小时,631
sig_imbalance_contrarian,sum,sig_imbalance_contrarian_sum,情绪方向 × 影响力反转,ind_ret_1h,0,0,,,,unclassified,未分类,all,1h,1小时,631
sig_imbalance_contrarian,wmean,sig_imbalance_contrarian_wmean,情绪方向 × 影响力反转,ind_ret_1h,0,0,,,,unclassified,未分类,all,1h,1小时,631
sig_kol_breadth_contrarian,sum,sig_kol_breadth_contrarian_sum,参与 KOL 数 × 情绪反转,ind_ret_1h,0,0,,,,unclassified,未分类,all,1h,1小时,631
sig_momentum_daily,sum,sig_momentum_daily_sum,跟随行业情绪动量（非反转）,ind_ret_1h,0,0,,,,unclassified,未分类,all,1h,1小时,631
sig_momentum,sum,sig_momentum_sum,跟随情绪 × 影响力（非反转）,ind_ret_1h,0,0,,,,unclassified,未分类,all,1h,1小时,631
sig_momentum,wmean,sig_momentum_wmean,跟随情绪 × 影响力（非反转）,ind_ret_1h,0,0,,,,unclassified,未分类,all,1h,1小时,631
sig_net_crowd_contrarian,sum,sig_net_crowd_contrarian_sum,(看空占比−看多占比) × 情绪反转,ind_ret_1h,0,0,,,,unclassified,未分类,all,1h,1小时,631
sig_nlp_lex_disagree,sum,sig_nlp_lex_disagree_sum,NLP 与词典情绪不一致时反转,ind_ret_1h,0,0,,,,unclassified,未分类,all,1h,1小时,631
sig_nlp_lex_disagree,wmean,sig_nlp_lex_disagree_wmean,NLP 与词典情绪不一致时反转,ind_ret_1h,0,0,,,,unclassified,未分类,all,1h,1小时,631
sig_nlp_minus_lex,sum,sig_nlp_minus_lex_sum,NLP 与词典差 × 反转,ind_ret_1h,0,0,,,,unclassified,未分类,all,1h,1小时,631
sig_nlp_minus_lex,wmean,sig_nlp_minus_lex_wmean,NLP 与词典差 × 反转,ind_ret_1h,0,0,,,,unclassified,未分类,all,1h,1小时,631
sig_original_post,sum,sig_original_post_sum,非转发帖 × Sentiment × Influence,ind_ret_1h,0,0,,,,unclassified,未分类,all,1h,1小时,631
sig_original_post,wmean,sig_original_post_wmean,非转发帖 × Sentiment × Influence,ind_ret_1h,0,0,,,,unclassified,未分类,all,1h,1小时,631
sig_post_burst_contrarian,sum,sig_post_burst_contrarian_sum,发帖密集日 × 情绪反转,ind_ret_1h,0,0,,,,unclassified,未分类,all,1h,1小时,631
sig_rank1_contrarian,sum,sig_rank1_contrarian_sum,仅行业 #1 KOL 反转,ind_ret_1h,0,0,,,,unclassified,未分类,all,1h,1小时,631
sig_rank1_contrarian,wmean,sig_rank1_contrarian_wmean,仅行业 #1 KOL 反转,ind_ret_1h,0,0,,,,unclassified,未分类,all,1h,1小时,631
sig_rank1_momentum,sum,sig_rank1_momentum_sum,仅行业 #1 KOL 跟随,ind_ret_1h,0,0,,,,unclassified,未分类,all,1h,1小时,631
sig_rank1_momentum,wmean,sig_rank1_momentum_wmean,仅行业 #1 KOL 跟随,ind_ret_1h,0,0,,,,unclassified,未分类,all,1h,1小时,631
sig_rank_weighted,sum,sig_rank_weighted_sum,Sentiment × Influence × Top排名权重,ind_ret_1h,0,0,,,,unclassified,未分类,all,1h,1小时,631
sig_rank_weighted,wmean,sig_rank_weighted_wmean,Sentiment × Influence × Top排名权重,ind_ret_1h,0,0,,,,unclassified,未分类,all,1h,1小时,631
sig_rt_contrarian,sum,sig_rt_contrarian_sum,仅转发帖反转,ind_ret_1h,0,0,,,,unclassified,未分类,all,1h,1小时,631
sig_rt_contrarian,wmean,sig_rt_contrarian_wmean,仅转发帖反转,ind_ret_1h,0,0,,,,unclassified,未分类,all,1h,1小时,631
sig_sentiment_delta_contra,sum,sig_sentiment_delta_contra_sum,情绪突变反转 × 影响力,ind_ret_1h,0,0,,,,unclassified,未分类,all,1h,1小时,631
sig_sentiment_delta,sum,sig_sentiment_delta_sum,情绪相对5日均值突变 × 当日影响力,ind_ret_1h,0,0,,,,unclassified,未分类,all,1h,1小时,631
sig_sentiment_x_likes,sum,sig_sentiment_x_likes_sum,Sentiment × log(1+likes),ind_ret_1h,0,0,,,,unclassified,未分类,all,1h,1小时,631
sig_sentiment_x_likes,wmean,sig_sentiment_x_likes_wmean,Sentiment × log(1+likes),ind_ret_1h,0,0,,,,unclassified,未分类,all,1h,1小时,631
sig_strong_bear_only,sum,sig_strong_bear_only_sum,强看空 (s<-0.2) 反转,ind_ret_1h,0,0,,,,unclassified,未分类,all,1h,1小时,631
sig_strong_bear_only,wmean,sig_strong_bear_only_wmean,强看空 (s<-0.2) 反转,ind_ret_1h,0,0,,,,unclassified,未分类,all,1h,1小时,631
sig_strong_bull_fade,sum,sig_strong_bull_fade_sum,强看多 (s>0.2) 反转,ind_ret_1h,0,0,,,,unclassified,未分类,all,1h,1小时,631
sig_strong_bull_fade,wmean,sig_strong_bull_fade_wmean,强看多 (s>0.2) 反转,ind_ret_1h,0,0,,,,unclassified,未分类,all,1h,1小时,631
sig_surprise_contrarian,sum,sig_surprise_contrarian_sum,相对该 KOL 历史情绪的意外 × 反转,ind_ret_1h,0,0,,,,unclassified,未分类,all,1h,1小时,631
sig_surprise_contrarian,wmean,sig_surprise_contrarian_wmean,相对该 KOL 历史情绪的意外 × 反转,ind_ret_1h,0,0,,,,unclassified,未分类,all,1h,1小时,631
sig_top_rank_only,sum,sig_top_rank_only_sum,仅行业排名前3 KOL,ind_ret_1h,0,0,,,,unclassified,未分类,all,1h,1小时,631
sig_top_rank_only,wmean,sig_top_rank_only_wmean,仅行业排名前3 KOL,ind_ret_1h,0,0,,,,unclassified,未分类,all,1h,1小时,631
sig_unanimity_contrarian,sum,sig_unanimity_contrarian_sum,低分歧时加强反转（一致预期）,ind_ret_1h,0,0,,,,unclassified,未分类,all,1h,1小时,631
sig_views_weighted,sum,sig_views_weighted_sum,情绪 × log(views),ind_ret_1h,0,0,,,,unclassified,未分类,all,1h,1小时,631
sig_views_weighted,wmean,sig_views_weighted_wmean,情绪 × log(views),ind_ret_1h,0,0,,,,unclassified,未分类,all,1h,1小时,631
sig_viral_contrarian,sum,sig_viral_contrarian_sum,高互动惊喜帖才做情绪反转,ind_ret_1h,0,0,,,,unclassified,未分类,all,1h,1小时,631
sig_viral_contrarian,wmean,sig_viral_contrarian_wmean,高互动惊喜帖才做情绪反转,ind_ret_1h,0,0,,,,unclassified,未分类,all,1h,1小时,631
sig_unanimity_contrarian,sum,sig_unanimity_contrarian_sum,低分歧时加强反转（一致预期）,ind_ret_1d,1,38,0.4388,0.008261,0.072593,ai_tech,AI / 大模型,all,1d,1日,543
sig_post_burst_contrarian,sum,sig_post_burst_contrarian_sum,发帖密集日 × 情绪反转,ind_ret_1d,1,38,0.411,0.007628,0.072593,ai_tech,AI / 大模型,all,1d,1日,543
sig_bear_crowd,sum,sig_bear_crowd_sum,看空帖占比 × 情绪反转（恐慌反弹）,ind_ret_1d,1,38,0.4084,0.004133,0.051341,ai_tech,AI / 大模型,all,1d,1日,543
sig_contrarian_views,sum,sig_contrarian_views_sum,反转 × log(views),ind_ret_1d,1,38,0.3978,0.005601,0.016563,ai_tech,AI / 大模型,all,1d,1日,543
sig_dispersion_contrarian,sum,sig_dispersion_contrarian_sum,高分歧日 × 情绪反转,ind_ret_1d,1,38,0.3977,0.005391,0.016442,ai_tech,AI / 大模型,all,1d,1日,543
sig_kol_breadth_contrarian,sum,sig_kol_breadth_contrarian_sum,参与 KOL 数 × 情绪反转,ind_ret_1d,1,38,0.3962,0.009439,0.072593,ai_tech,AI / 大模型,all,1d,1日,543
sig_contrarian_x_viral,sum,sig_contrarian_x_viral_sum,反转 × 互动惊喜度（连续加权）,ind_ret_1d,1,38,0.3923,0.007527,0.069933,ai_tech,AI / 大模型,all,1d,1日,543
sig_consensus_contrarian,sum,sig_consensus_contrarian_sum,行业共识情绪反转（|均值|×影响力）,ind_ret_1d,1,38,0.3794,0.009546,0.072593,ai_tech,AI / 大模型,all,1d,1日,543
sig_bull_fade,sum,sig_bull_fade_sum,仅明显看多帖反转（拥挤做多）,ind_ret_1d,1,38,0.3754,0.005648,-0.062678,ai_tech,AI / 大模型,all,1d,1日,543
sig_strong_bull_fade,sum,sig_strong_bull_fade_sum,强看多 (s>0.2) 反转,ind_ret_1d,1,38,0.372,0.005648,-0.070321,ai_tech,AI / 大模型,all,1d,1日,543
sig_nlp_minus_lex,sum,sig_nlp_minus_lex_sum,NLP 与词典差 × 反转,ind_ret_1d,1,38,0.3599,0.007337,0.076282,ai_tech,AI / 大模型,all,1d,1日,543
sig_contrarian,sum,sig_contrarian_sum,−Sentiment × Influence（反转）,ind_ret_1d,1,38,0.3408,0.008959,0.076282,ai_tech,AI / 大模型,all,1d,1日,543
sig_contrarian_orig,sum,sig_contrarian_orig_sum,仅原创帖（非 RT）反转,ind_ret_1d,1,38,0.3404,0.009256,0.062283,ai_tech,AI / 大模型,all,1d,1日,543
sig_imbalance_contrarian,sum,sig_imbalance_contrarian_sum,情绪方向 × 影响力反转,ind_ret_1d,1,38,0.3364,0.000842,-0.094425,ai_tech,AI / 大模型,all,1d,1日,543
sig_extreme_contrarian,sum,sig_extreme_contrarian_sum,仅极端情绪帖（|s|≥0.2）反转,ind_ret_1d,1,38,0.3337,0.006667,0.044432,ai_tech,AI / 大模型,all,1d,1日,543
sig_viral_contrarian,sum,sig_viral_contrarian_sum,高互动惊喜帖才做情绪反转,ind_ret_1d,1,38,0.3271,0.003438,0.047943,ai_tech,AI / 大模型,all,1d,1日,543
sig_contrarian_top3,sum,sig_contrarian_top3_sum,仅Top3 KOL的反转信号（日频 sum）,ind_ret_1d,1,38,0.3071,0.00184,0.048778,ai_tech,AI / 大模型,all,1d,1日,543
sig_contrarian_x_viral,wmean,sig_contrarian_x_viral_wmean,反转 × 互动惊喜度（连续加权）,ind_ret_1d,1,38,0.2857,0.006852,0.09442,ai_tech,AI / 大模型,all,1d,1日,543
sig_sentiment_delta_contra,sum,sig_sentiment_delta_contra_sum,情绪突变反转 × 影响力,ind_ret_1d,1,36,0.2828,0.007562,0.145402,ai_tech,AI / 大模型,all,1d,1日,543
sig_contrarian_views,wmean,sig_contrarian_views_wmean,反转 × log(views),ind_ret_1d,1,38,0.2626,0.007666,0.062283,ai_tech,AI / 大模型,all,1d,1日,543
sig_bull_fade,wmean,sig_bull_fade_wmean,仅明显看多帖反转（拥挤做多）,ind_ret_1d,1,38,0.2488,0.004694,-0.062678,ai_tech,AI / 大模型,all,1d,1日,543
sig_strong_bull_fade,wmean,sig_strong_bull_fade_wmean,强看多 (s>0.2) 反转,ind_ret_1d,1,38,0.2411,0.003634,-0.070321,ai_tech,AI / 大模型,all,1d,1日,543
sig_contrarian_top3,wmean,sig_contrarian_top3_wmean,仅Top3 KOL的反转信号（日频 sum）,ind_ret_1d,1,38,0.2407,0.00184,0.048778,ai_tech,AI / 大模型,all,1d,1日,543
sig_contrarian_orig,wmean,sig_contrarian_orig_wmean,仅原创帖（非 RT）反转,ind_ret_1d,1,38,0.2321,0.006812,0.072335,ai_tech,AI / 大模型,all,1d,1日,543
sig_contrarian,wmean,sig_contrarian_wmean,−Sentiment × Influence（反转）,ind_ret_1d,1,38,0.2264,0.006859,0.086335,ai_tech,AI / 大模型,all,1d,1日,543
sig_nlp_minus_lex,wmean,sig_nlp_minus_lex_wmean,NLP 与词典差 × 反转,ind_ret_1d,1,38,0.221,0.005682,0.061847,ai_tech,AI / 大模型,all,1d,1日,543
sig_extreme_contrarian,wmean,sig_extreme_contrarian_wmean,仅极端情绪帖（|s|≥0.2）反转,ind_ret_1d,1,38,0.2142,0.005055,0.029997,ai_tech,AI / 大模型,all,1d,1日,543
sig_viral_contrarian,wmean,sig_viral_contrarian_wmean,高互动惊喜帖才做情绪反转,ind_ret_1d,1,38,0.1982,0.00438,0.047943,ai_tech,AI / 大模型,all,1d,1日,543
sig_dual_confirm_contra,wmean,sig_dual_confirm_contra_wmean,看空 + 高互动双重确认反转,ind_ret_1d,1,38,0.1614,0.003548,0.081054,ai_tech,AI / 大模型,all,1d,1日,543
sig_bear_only,sum,sig_bear_only_sum,仅看空情绪 × Influence,ind_ret_1d,1,38,0.1464,-0.00394,-0.110737,ai_tech,AI / 大模型,all,1d,1日,543
sig_surprise_contrarian,wmean,sig_surprise_contrarian_wmean,相对该 KOL 历史情绪的意外 × 反转,ind_ret_1d,1,38,0.1335,0.005866,0.081678,ai_tech,AI / 大模型,all,1d,1日,543
sig_bear_crowd_strict,sum,sig_bear_crowd_strict_sum,严格恐慌：bear_ratio>0.5 才 bear_crowd,ind_ret_1d,1,38,0.1288,0.001714,0.07207,ai_tech,AI / 大模型,all,1d,1日,543
sig_rt_contrarian,sum,sig_rt_contrarian_sum,仅转发帖反转,ind_ret_1d,1,38,0.1168,0.002449,0.083247,ai_tech,AI / 大模型,all,1d,1日,543
sig_bear_x_eng,wmean,sig_bear_x_eng_wmean,看空帖 × 互动惊喜 × 反转,ind_ret_1d,1,38,0.1132,0.002805,0.089562,ai_tech,AI / 大模型,all,1d,1日,543
sig_imbalance_contrarian,wmean,sig_imbalance_contrarian_wmean,情绪方向 × 影响力反转,ind_ret_1d,1,38,0.1066,0.001272,-0.094425,ai_tech,AI / 大模型,all,1d,1日,543
sig_bear_bounce,wmean,sig_bear_bounce_wmean,仅明显看空帖反转（恐慌反弹）,ind_ret_1d,1,38,0.0944,0.003477,0.087678,ai_tech,AI / 大模型,all,1d,1日,543
sig_strong_bear_only,wmean,sig_strong_bear_only_wmean,强看空 (s<-0.2) 反转,ind_ret_1d,1,38,0.0846,0.001254,0.070568,ai_tech,AI / 大模型,all,1d,1日,543
sig_surprise_contrarian,sum,sig_surprise_contrarian_sum,相对该 KOL 历史情绪的意外 × 反转,ind_ret_1d,1,38,0.0732,0.0026,0.08938,ai_tech,AI / 大模型,all,1d,1日,543
sig_rank1_momentum,sum,sig_rank1_momentum_sum,仅行业 #1 KOL 跟随,ind_ret_1d,1,38,0.057,0.000284,0.005247,ai_tech,AI / 大模型,all,1d,1日,543
sig_rank1_contrarian,wmean,sig_rank1_contrarian_wmean,仅行业 #1 KOL 反转,ind_ret_1d,1,38,0.0124,-0.000284,-0.005247,ai_tech,AI / 大模型,all,1d,1日,543
sig_rank1_momentum,wmean,sig_rank1_momentum_wmean,仅行业 #1 KOL 跟随,ind_ret_1d,1,38,-0.0124,0.000284,0.005247,ai_tech,AI / 大模型,all,1d,1日,543
sig_rt_contrarian,wmean,sig_rt_contrarian_wmean,仅转发帖反转,ind_ret_1d,1,38,-0.0154,0.002449,0.083247,ai_tech,AI / 大模型,all,1d,1日,543
sig_dual_confirm_contra,sum,sig_dual_confirm_contra_sum,看空 + 高互动双重确认反转,ind_ret_1d,1,38,-0.0235,0.003033,0.081054,ai_tech,AI / 大模型,all,1d,1日,543
sig_rank1_contrarian,sum,sig_rank1_contrarian_sum,仅行业 #1 KOL 反转,ind_ret_1d,1,38,-0.057,-0.000284,-0.005247,ai_tech,AI / 大模型,all,1d,1日,543
sig_disagreement,sum,sig_disagreement_sum,sig_disagreement,ind_ret_1d,1,38,-0.0867,-0.003282,0.053674,ai_tech,AI / 大模型,all,1d,1日,543
sig_bear_only,wmean,sig_bear_only_wmean,仅看空情绪 × Influence,ind_ret_1d,1,38,-0.097,-0.005315,-0.110737,ai_tech,AI / 大模型,all,1d,1日,543
sig_attention_raw,wmean,sig_attention_raw_wmean,纯 Influence（无情绪）,ind_ret_1d,1,38,-0.1237,-0.003042,0.094425,ai_tech,AI / 大模型,all,1d,1日,543
sig_bear_x_eng,sum,sig_bear_x_eng_sum,看空帖 × 互动惊喜 × 反转,ind_ret_1d,1,38,-0.1385,0.002453,0.089562,ai_tech,AI / 大模型,all,1d,1日,543
sig_strong_bear_only,sum,sig_strong_bear_only_sum,强看空 (s<-0.2) 反转,ind_ret_1d,1,38,-0.1451,0.000375,0.070568,ai_tech,AI / 大模型,all,1d,1日,543
sig_bear_bounce,sum,sig_bear_bounce_sum,仅明显看空帖反转（恐慌反弹）,ind_ret_1d,1,38,-0.1463,0.003028,0.087678,ai_tech,AI / 大模型,all,1d,1日,543
sig_rank_weighted,wmean,sig_rank_weighted_wmean,Sentiment × Influence × Top排名权重,ind_ret_1d,1,38,-0.2152,-0.00653,-0.092127,ai_tech,AI / 大模型,all,1d,1日,543
sig_baseline,wmean,sig_baseline_wmean,Sentiment × Influence（原版）,ind_ret_1d,1,38,-0.2264,-0.006859,-0.086335,ai_tech,AI / 大模型,all,1d,1日,543
sig_momentum,wmean,sig_momentum_wmean,跟随情绪 × 影响力（非反转）,ind_ret_1d,1,38,-0.2264,-0.006859,-0.086335,ai_tech,AI / 大模型,all,1d,1日,543
sig_sentiment_x_likes,wmean,sig_sentiment_x_likes_wmean,Sentiment × log(1+likes),ind_ret_1d,1,38,-0.2309,-0.003829,-0.055933,ai_tech,AI / 大模型,all,1d,1日,543
sig_original_post,wmean,sig_original_post_wmean,非转发帖 × Sentiment × Influence,ind_ret_1d,1,38,-0.2321,-0.006812,-0.072335,ai_tech,AI / 大模型,all,1d,1日,543
sig_top_rank_only,wmean,sig_top_rank_only_wmean,仅行业排名前3 KOL,ind_ret_1d,1,38,-0.2407,-0.00184,-0.048778,ai_tech,AI / 大模型,all,1d,1日,543
sig_bull_only,wmean,sig_bull_only_wmean,仅看多情绪 × Influence,ind_ret_1d,1,38,-0.2497,-0.003556,0.044827,ai_tech,AI / 大模型,all,1d,1日,543
sig_views_weighted,wmean,sig_views_weighted_wmean,情绪 × log(views),ind_ret_1d,1,38,-0.2626,-0.007666,-0.062283,ai_tech,AI / 大模型,all,1d,1日,543
sig_sentiment_delta,sum,sig_sentiment_delta_sum,情绪相对5日均值突变 × 当日影响力,ind_ret_1d,1,36,-0.2828,-0.007562,-0.145402,ai_tech,AI / 大模型,all,1d,1日,543
sig_rank_weighted,sum,sig_rank_weighted_sum,Sentiment × Influence × Top排名权重,ind_ret_1d,1,38,-0.2946,-0.00691,-0.092127,ai_tech,AI / 大模型,all,1d,1日,543
sig_attention,wmean,sig_attention_wmean,Influence × sign(Sentiment),ind_ret_1d,1,38,-0.2949,-0.007387,-0.096227,ai_tech,AI / 大模型,all,1d,1日,543
sig_top_rank_only,sum,sig_top_rank_only_sum,仅行业排名前3 KOL,ind_ret_1d,1,38,-0.3071,-0.00184,-0.048778,ai_tech,AI / 大模型,all,1d,1日,543
sig_engagement,wmean,sig_engagement_wmean,情绪 × 相对自身互动惊喜度,ind_ret_1d,1,38,-0.3155,-0.006914,-0.055933,ai_tech,AI / 大模型,all,1d,1日,543
sig_bull_x_eng,wmean,sig_bull_x_eng_wmean,看多帖 × 互动惊喜（对照）,ind_ret_1d,1,38,-0.3194,-0.004143,0.068695,ai_tech,AI / 大模型,all,1d,1日,543
sig_original_post,sum,sig_original_post_sum,非转发帖 × Sentiment × Influence,ind_ret_1d,1,38,-0.3404,-0.009256,-0.062283,ai_tech,AI / 大模型,all,1d,1日,543
sig_baseline,sum,sig_baseline_sum,Sentiment × Influence（原版）,ind_ret_1d,1,38,-0.3408,-0.008959,-0.076282,ai_tech,AI / 大模型,all,1d,1日,543
sig_momentum,sum,sig_momentum_sum,跟随情绪 × 影响力（非反转）,ind_ret_1d,1,38,-0.3408,-0.008959,-0.076282,ai_tech,AI / 大模型,all,1d,1日,543
sig_sentiment_x_likes,sum,sig_sentiment_x_likes_sum,Sentiment × log(1+likes),ind_ret_1d,1,38,-0.359,-0.007736,-0.036161,ai_tech,AI / 大模型,all,1d,1日,543
sig_attention_raw,sum,sig_attention_raw_sum,纯 Influence（无情绪）,ind_ret_1d,1,38,-0.3632,-0.002591,0.094425,ai_tech,AI / 大模型,all,1d,1日,543
sig_net_crowd_contrarian,sum,sig_net_crowd_contrarian_sum,(看空占比−看多占比) × 情绪反转,ind_ret_1d,1,38,-0.3694,-0.003762,0.087438,ai_tech,AI / 大模型,all,1d,1日,543
sig_bull_only,sum,sig_bull_only_sum,仅看多情绪 × Influence,ind_ret_1d,1,38,-0.3757,-0.005648,0.044827,ai_tech,AI / 大模型,all,1d,1日,543
sig_attention,sum,sig_attention_sum,Influence × sign(Sentiment),ind_ret_1d,1,38,-0.3939,-0.006184,-0.09282,ai_tech,AI / 大模型,all,1d,1日,543
sig_views_weighted,sum,sig_views_weighted_sum,情绪 × log(views),ind_ret_1d,1,38,-0.3978,-0.005601,-0.016563,ai_tech,AI / 大模型,all,1d,1日,543
sig_engagement,sum,sig_engagement_sum,情绪 × 相对自身互动惊喜度,ind_ret_1d,1,38,-0.3981,-0.005324,-0.025995,ai_tech,AI / 大模型,all,1d,1日,543
sig_bull_x_eng,sum,sig_bull_x_eng_sum,看多帖 × 互动惊喜（对照）,ind_ret_1d,1,38,-0.4014,-0.006254,0.068695,ai_tech,AI / 大模型,all,1d,1日,543
sig_momentum_daily,sum,sig_momentum_daily_sum,跟随行业情绪动量（非反转）,ind_ret_1d,1,38,-0.4202,-0.008805,-0.072593,ai_tech,AI / 大模型,all,1d,1日,543
sig_bull_crowd,sum,sig_bull_crowd_sum,看多帖占比 × 情绪（拥挤做多，对照）,ind_ret_1d,1,38,-0.4313,-0.006233,0.000873,ai_tech,AI / 大模型,all,1d,1日,543
sig_nlp_lex_disagree,sum,sig_nlp_lex_disagree_sum,NLP 与词典情绪不一致时反转,ind_ret_1d,1,38,,,,ai_tech,AI / 大模型,all,1d,1日,543
sig_nlp_lex_disagree,wmean,sig_nlp_lex_disagree_wmean,NLP 与词典情绪不一致时反转,ind_ret_1d,1,38,,,,ai_tech,AI / 大模型,all,1d,1日,543
sig_rank1_momentum,wmean,sig_rank1_momentum_wmean,仅行业 #1 KOL 跟随,ind_ret_1d,1,22,0.605,0.014589,0.088362,ai_tools,AI 工具 / Agent,all,1d,1日,543
sig_attention,wmean,sig_attention_wmean,Influence × sign(Sentiment),ind_ret_1d,1,22,0.5105,0.015416,0.093958,ai_tools,AI 工具 / Agent,all,1d,1日,543
sig_bear_only,sum,sig_bear_only_sum,仅看空情绪 × Influence,ind_ret_1d,1,22,0.4757,0.010495,0.032271,ai_tools,AI 工具 / Agent,all,1d,1日,543
sig_bear_only,wmean,sig_bear_only_wmean,仅看空情绪 × Influence,ind_ret_1d,1,22,0.3928,0.011011,0.032271,ai_tools,AI 工具 / Agent,all,1d,1日,543
sig_attention_raw,wmean,sig_attention_raw_wmean,纯 Influence（无情绪）,ind_ret_1d,1,22,0.3759,0.012535,0.042086,ai_tools,AI 工具 / Agent,all,1d,1日,543
sig_imbalance_contrarian,sum,sig_imbalance_contrarian_sum,情绪方向 × 影响力反转,ind_ret_1d,1,22,0.3474,0.004413,-0.042086,ai_tools,AI 工具 / Agent,all,1d,1日,543
sig_dispersion_contrarian,sum,sig_dispersion_contrarian_sum,高分歧日 × 情绪反转,ind_ret_1d,1,22,0.3418,4.3e-05,-0.001637,ai_tools,AI 工具 / Agent,all,1d,1日,543
sig_sentiment_delta_contra,sum,sig_sentiment_delta_contra_sum,情绪突变反转 × 影响力,ind_ret_1d,1,20,0.3373,0.006467,0.016152,ai_tools,AI 工具 / Agent,all,1d,1日,543
sig_rank1_momentum,sum,sig_rank1_momentum_sum,仅行业 #1 KOL 跟随,ind_ret_1d,1,22,0.325,0.010897,0.088362,ai_tools,AI 工具 / Agent,all,1d,1日,543
sig_post_burst_contrarian,sum,sig_post_burst_contrarian_sum,发帖密集日 × 情绪反转,ind_ret_1d,1,22,0.2988,-0.005942,-0.077506,ai_tools,AI 工具 / Agent,all,1d,1日,543
sig_rank_weighted,wmean,sig_rank_weighted_wmean,Sentiment × Influence × Top排名权重,ind_ret_1d,1,22,0.2914,0.009795,0.094485,ai_tools,AI 工具 / Agent,all,1d,1日,543
sig_attention,sum,sig_attention_sum,Influence × sign(Sentiment),ind_ret_1d,1,22,0.2863,0.012062,0.093958,ai_tools,AI 工具 / Agent,all,1d,1日,543
sig_bull_fade,sum,sig_bull_fade_sum,仅明显看多帖反转（拥挤做多）,ind_ret_1d,1,22,0.2645,-0.004055,-0.046592,ai_tools,AI 工具 / Agent,all,1d,1日,543
sig_strong_bull_fade,sum,sig_strong_bull_fade_sum,强看多 (s>0.2) 反转,ind_ret_1d,1,22,0.2554,-0.004055,-0.046592,ai_tools,AI 工具 / Agent,all,1d,1日,543
sig_consensus_contrarian,sum,sig_consensus_contrarian_sum,行业共识情绪反转（|均值|×影响力）,ind_ret_1d,1,22,0.2431,-0.006302,-0.077506,ai_tools,AI 工具 / Agent,all,1d,1日,543
sig_contrarian_views,sum,sig_contrarian_views_sum,反转 × log(views),ind_ret_1d,1,22,0.2152,-0.001335,-0.03592,ai_tools,AI 工具 / Agent,all,1d,1日,543
sig_original_post,wmean,sig_original_post_wmean,非转发帖 × Sentiment × Influence,ind_ret_1d,1,22,0.195,0.006669,0.083075,ai_tools,AI 工具 / Agent,all,1d,1日,543
sig_bear_crowd,sum,sig_bear_crowd_sum,看空帖占比 × 情绪反转（恐慌反弹）,ind_ret_1d,1,22,0.1747,-0.00121,-0.00803,ai_tools,AI 工具 / Agent,all,1d,1日,543
sig_extreme_contrarian,sum,sig_extreme_contrarian_sum,仅极端情绪帖（|s|≥0.2）反转,ind_ret_1d,1,22,0.1644,-0.005861,-0.072115,ai_tools,AI 工具 / Agent,all,1d,1日,543
sig_contrarian,sum,sig_contrarian_sum,−Sentiment × Influence（反转）,ind_ret_1d,1,22,0.1594,-0.005942,-0.094485,ai_tools,AI 工具 / Agent,all,1d,1日,543
sig_nlp_minus_lex,sum,sig_nlp_minus_lex_sum,NLP 与词典差 × 反转,ind_ret_1d,1,22,0.1594,-0.005942,-0.094485,ai_tools,AI 工具 / Agent,all,1d,1日,543
sig_engagement,wmean,sig_engagement_wmean,情绪 × 相对自身互动惊喜度,ind_ret_1d,1,22,0.1505,0.006939,0.067199,ai_tools,AI 工具 / Agent,all,1d,1日,543
sig_contrarian_top3,sum,sig_contrarian_top3_sum,仅Top3 KOL的反转信号（日频 sum）,ind_ret_1d,1,22,0.1431,-0.006741,-0.087868,ai_tools,AI 工具 / Agent,all,1d,1日,543
sig_contrarian_orig,sum,sig_contrarian_orig_sum,仅原创帖（非 RT）反转,ind_ret_1d,1,22,0.1424,-0.005412,-0.083075,ai_tools,AI 工具 / Agent,all,1d,1日,543
sig_contrarian_x_viral,sum,sig_contrarian_x_viral_sum,反转 × 互动惊喜度（连续加权）,ind_ret_1d,1,22,0.1421,-0.005386,-0.094485,ai_tools,AI 工具 / Agent,all,1d,1日,543
sig_momentum,wmean,sig_momentum_wmean,跟随情绪 × 影响力（非反转）,ind_ret_1d,1,22,0.1364,0.006269,0.094485,ai_tools,AI 工具 / Agent,all,1d,1日,543
sig_baseline,wmean,sig_baseline_wmean,Sentiment × Influence（原版）,ind_ret_1d,1,22,0.1364,0.006269,0.094485,ai_tools,AI 工具 / Agent,all,1d,1日,543
sig_top_rank_only,wmean,sig_top_rank_only_wmean,仅行业排名前3 KOL,ind_ret_1d,1,22,0.1357,0.006269,0.087868,ai_tools,AI 工具 / Agent,all,1d,1日,543
sig_views_weighted,wmean,sig_views_weighted_wmean,情绪 × log(views),ind_ret_1d,1,22,0.1297,0.0069,0.083075,ai_tools,AI 工具 / Agent,all,1d,1日,543
sig_imbalance_contrarian,wmean,sig_imbalance_contrarian_wmean,情绪方向 × 影响力反转,ind_ret_1d,1,22,0.1225,-0.002569,-0.042086,ai_tools,AI 工具 / Agent,all,1d,1日,543
sig_bull_x_eng,wmean,sig_bull_x_eng_wmean,看多帖 × 互动惊喜（对照）,ind_ret_1d,1,22,0.109,0.00624,0.054295,ai_tools,AI 工具 / Agent,all,1d,1日,543
sig_surprise_contrarian,sum,sig_surprise_contrarian_sum,相对该 KOL 历史情绪的意外 × 反转,ind_ret_1d,1,22,0.0953,-0.001339,-0.070105,ai_tools,AI 工具 / Agent,all,1d,1日,543
sig_rt_contrarian,wmean,sig_rt_contrarian_wmean,仅转发帖反转,ind_ret_1d,1,22,0.076,-0.001036,-0.018009,ai_tools,AI 工具 / Agent,all,1d,1日,543
sig_sentiment_x_likes,wmean,sig_sentiment_x_likes_wmean,Sentiment × log(1+likes),ind_ret_1d,1,22,0.075,0.004763,0.067199,ai_tools,AI 工具 / Agent,all,1d,1日,543
sig_rt_contrarian,sum,sig_rt_contrarian_sum,仅转发帖反转,ind_ret_1d,1,22,0.064,-0.001036,-0.018009,ai_tools,AI 工具 / Agent,all,1d,1日,543
sig_viral_contrarian,sum,sig_viral_contrarian_sum,高互动惊喜帖才做情绪反转,ind_ret_1d,1,22,0.0516,-0.006487,-0.058424,ai_tools,AI 工具 / Agent,all,1d,1日,543
sig_bull_only,wmean,sig_bull_only_wmean,仅看多情绪 × Influence,ind_ret_1d,1,22,0.0304,0.006269,0.056094,ai_tools,AI 工具 / Agent,all,1d,1日,543
sig_kol_breadth_contrarian,sum,sig_kol_breadth_contrarian_sum,参与 KOL 数 × 情绪反转,ind_ret_1d,1,22,-0.0051,-0.00547,-0.077506,ai_tools,AI 工具 / Agent,all,1d,1日,543
sig_bull_fade,wmean,sig_bull_fade_wmean,仅明显看多帖反转（拥挤做多）,ind_ret_1d,1,22,-0.0312,-0.003583,-0.046592,ai_tools,AI 工具 / Agent,all,1d,1日,543
sig_unanimity_contrarian,sum,sig_unanimity_contrarian_sum,低分歧时加强反转（一致预期）,ind_ret_1d,1,22,-0.0404,-0.006302,-0.077506,ai_tools,AI 工具 / Agent,all,1d,1日,543
sig_strong_bull_fade,wmean,sig_strong_bull_fade_wmean,强看多 (s>0.2) 反转,ind_ret_1d,1,22,-0.0412,-0.003583,-0.046592,ai_tools,AI 工具 / Agent,all,1d,1日,543
sig_rank_weighted,sum,sig_rank_weighted_sum,Sentiment × Influence × Top排名权重,ind_ret_1d,1,22,-0.08,0.006741,0.094485,ai_tools,AI 工具 / Agent,all,1d,1日,543
sig_surprise_contrarian,wmean,sig_surprise_contrarian_wmean,相对该 KOL 历史情绪的意外 × 反转,ind_ret_1d,1,22,-0.0891,-0.003337,-0.070105,ai_tools,AI 工具 / Agent,all,1d,1日,543
sig_extreme_contrarian,wmean,sig_extreme_contrarian_wmean,仅极端情绪帖（|s|≥0.2）反转,ind_ret_1d,1,22,-0.117,-0.008916,-0.072115,ai_tools,AI 工具 / Agent,all,1d,1日,543
sig_net_crowd_contrarian,sum,sig_net_crowd_contrarian_sum,(看空占比−看多占比) × 情绪反转,ind_ret_1d,1,22,-0.1236,0.006595,0.052293,ai_tools,AI 工具 / Agent,all,1d,1日,543
sig_contrarian_views,wmean,sig_contrarian_views_wmean,反转 × log(views),ind_ret_1d,1,22,-0.1297,-0.0069,-0.083075,ai_tools,AI 工具 / Agent,all,1d,1日,543
sig_contrarian_top3,wmean,sig_contrarian_top3_wmean,仅Top3 KOL的反转信号（日频 sum）,ind_ret_1d,1,22,-0.1357,-0.006269,-0.087868,ai_tools,AI 工具 / Agent,all,1d,1日,543
sig_nlp_minus_lex,wmean,sig_nlp_minus_lex_wmean,NLP 与词典差 × 反转,ind_ret_1d,1,22,-0.1364,-0.006269,-0.094485,ai_tools,AI 工具 / Agent,all,1d,1日,543
sig_contrarian,wmean,sig_contrarian_wmean,−Sentiment × Influence（反转）,ind_ret_1d,1,22,-0.1364,-0.006269,-0.094485,ai_tools,AI 工具 / Agent,all,1d,1日,543
sig_bear_crowd_strict,sum,sig_bear_crowd_strict_sum,严格恐慌：bear_ratio>0.5 才 bear_crowd,ind_ret_1d,1,22,-0.1401,-0.001004,-0.007503,ai_tools,AI 工具 / Agent,all,1d,1日,543
sig_original_post,sum,sig_original_post_sum,非转发帖 × Sentiment × Influence,ind_ret_1d,1,22,-0.1424,0.005412,0.083075,ai_tools,AI 工具 / Agent,all,1d,1日,543
sig_top_rank_only,sum,sig_top_rank_only_sum,仅行业排名前3 KOL,ind_ret_1d,1,22,-0.1431,0.006741,0.087868,ai_tools,AI 工具 / Agent,all,1d,1日,543
sig_engagement,sum,sig_engagement_sum,情绪 × 相对自身互动惊喜度,ind_ret_1d,1,22,-0.1462,0.002153,0.05022,ai_tools,AI 工具 / Agent,all,1d,1日,543
sig_bull_crowd,sum,sig_bull_crowd_sum,看多帖占比 × 情绪（拥挤做多，对照）,ind_ret_1d,1,22,-0.1533,0.006302,0.071987,ai_tools,AI 工具 / Agent,all,1d,1日,543
sig_momentum,sum,sig_momentum_sum,跟随情绪 × 影响力（非反转）,ind_ret_1d,1,22,-0.1594,0.005942,0.094485,ai_tools,AI 工具 / Agent,all,1d,1日,543
sig_baseline,sum,sig_baseline_sum,Sentiment × Influence（原版）,ind_ret_1d,1,22,-0.1594,0.005942,0.094485,ai_tools,AI 工具 / Agent,all,1d,1日,543
sig_sentiment_x_likes,sum,sig_sentiment_x_likes_sum,Sentiment × log(1+likes),ind_ret_1d,1,22,-0.1861,0.004282,0.067199,ai_tools,AI 工具 / Agent,all,1d,1日,543
sig_momentum_daily,sum,sig_momentum_daily_sum,跟随行业情绪动量（非反转）,ind_ret_1d,1,22,-0.1884,0.005942,0.077506,ai_tools,AI 工具 / Agent,all,1d,1日,543
sig_contrarian_orig,wmean,sig_contrarian_orig_wmean,仅原创帖（非 RT）反转,ind_ret_1d,1,22,-0.195,-0.006669,-0.083075,ai_tools,AI 工具 / Agent,all,1d,1日,543
sig_views_weighted,sum,sig_views_weighted_sum,情绪 × log(views),ind_ret_1d,1,22,-0.2152,0.001335,0.03592,ai_tools,AI 工具 / Agent,all,1d,1日,543
sig_contrarian_x_viral,wmean,sig_contrarian_x_viral_wmean,反转 × 互动惊喜度（连续加权）,ind_ret_1d,1,22,-0.219,-0.008043,-0.094485,ai_tools,AI 工具 / Agent,all,1d,1日,543
sig_attention_raw,sum,sig_attention_raw_sum,纯 Influence（无情绪）,ind_ret_1d,1,22,-0.2236,0.007521,0.042086,ai_tools,AI 工具 / Agent,all,1d,1日,543
sig_bull_x_eng,sum,sig_bull_x_eng_sum,看多帖 × 互动惊喜（对照）,ind_ret_1d,1,22,-0.2417,0.003583,0.054295,ai_tools,AI 工具 / Agent,all,1d,1日,543
sig_dual_confirm_contra,wmean,sig_dual_confirm_contra_wmean,看空 + 高互动双重确认反转,ind_ret_1d,1,22,-0.2567,-0.001738,-0.027279,ai_tools,AI 工具 / Agent,all,1d,1日,543
sig_bull_only,sum,sig_bull_only_sum,仅看多情绪 × Influence,ind_ret_1d,1,22,-0.2675,0.006741,0.056094,ai_tools,AI 工具 / Agent,all,1d,1日,543
sig_strong_bear_only,wmean,sig_strong_bear_only_wmean,强看空 (s<-0.2) 反转,ind_ret_1d,1,22,-0.2904,-0.002313,-0.025523,ai_tools,AI 工具 / Agent,all,1d,1日,543
sig_bear_x_eng,wmean,sig_bear_x_eng_wmean,看空帖 × 互动惊喜 × 反转,ind_ret_1d,1,22,-0.3193,-0.001637,-0.018262,ai_tools,AI 工具 / Agent,all,1d,1日,543
sig_rank1_contrarian,sum,sig_rank1_contrarian_sum,仅行业 #1 KOL 反转,ind_ret_1d,1,22,-0.325,-0.010897,-0.088362,ai_tools,AI 工具 / Agent,all,1d,1日,543
sig_sentiment_delta,sum,sig_sentiment_delta_sum,情绪相对5日均值突变 × 当日影响力,ind_ret_1d,1,20,-0.3373,-0.006467,-0.016152,ai_tools,AI 工具 / Agent,all,1d,1日,543
sig_viral_contrarian,wmean,sig_viral_contrarian_wmean,高互动惊喜帖才做情绪反转,ind_ret_1d,1,22,-0.3566,-0.006487,-0.058424,ai_tools,AI 工具 / Agent,all,1d,1日,543
sig_disagreement,sum,sig_disagreement_sum,sig_disagreement,ind_ret_1d,1,22,-0.3615,-0.004014,-0.005766,ai_tools,AI 工具 / Agent,all,1d,1日,543
sig_bear_bounce,wmean,sig_bear_bounce_wmean,仅明显看空帖反转（恐慌反弹）,ind_ret_1d,1,22,-0.3912,-0.01218,-0.037151,ai_tools,AI 工具 / Agent,all,1d,1日,543
sig_dual_confirm_contra,sum,sig_dual_confirm_contra_sum,看空 + 高互动双重确认反转,ind_ret_1d,1,22,-0.3968,-0.001738,-0.027279,ai_tools,AI 工具 / Agent,all,1d,1日,543
sig_strong_bear_only,sum,sig_strong_bear_only_sum,强看空 (s<-0.2) 反转,ind_ret_1d,1,22,-0.4103,-0.002313,-0.025523,ai_tools,AI 工具 / Agent,all,1d,1日,543
sig_bear_x_eng,sum,sig_bear_x_eng_sum,看空帖 × 互动惊喜 × 反转,ind_ret_1d,1,22,-0.4451,-0.001637,-0.018262,ai_tools,AI 工具 / Agent,all,1d,1日,543
sig_bear_bounce,sum,sig_bear_bounce_sum,仅明显看空帖反转（恐慌反弹）,ind_ret_1d,1,22,-0.4717,-0.010436,-0.037151,ai_tools,AI 工具 / Agent,all,1d,1日,543
sig_rank1_contrarian,wmean,sig_rank1_contrarian_wmean,仅行业 #1 KOL 反转,ind_ret_1d,1,22,-0.605,-0.014589,-0.088362,ai_tools,AI 工具 / Agent,all,1d,1日,543
sig_nlp_lex_disagree,sum,sig_nlp_lex_disagree_sum,NLP 与词典情绪不一致时反转,ind_ret_1d,1,22,,,,ai_tools,AI 工具 / Agent,all,1d,1日,543
sig_nlp_lex_disagree,wmean,sig_nlp_lex_disagree_wmean,NLP 与词典情绪不一致时反转,ind_ret_1d,1,22,,,,ai_tools,AI 工具 / Agent,all,1d,1日,543
sig_attention_raw,sum,sig_attention_raw_sum,纯 Influence（无情绪）,ind_ret_1d,1,1,,,,consumer_tech,消费科技,all,1d,1日,543
sig_attention_raw,wmean,sig_attention_raw_wmean,纯 Influence（无情绪）,ind_ret_1d,1,1,,,,consumer_tech,消费科技,all,1d,1日,543
sig_attention,sum,sig_attention_sum,Influence × sign(Sentiment),ind_ret_1d,1,1,,,,consumer_tech,消费科技,all,1d,1日,543
sig_attention,wmean,sig_attention_wmean,Influence × sign(Sentiment),ind_ret_1d,1,1,,,,consumer_tech,消费科技,all,1d,1日,543
sig_baseline,sum,sig_baseline_sum,Sentiment × Influence（原版）,ind_ret_1d,1,1,,,,consumer_tech,消费科技,all,1d,1日,543
sig_baseline,wmean,sig_baseline_wmean,Sentiment × Influence（原版）,ind_ret_1d,1,1,,,,consumer_tech,消费科技,all,1d,1日,543
sig_bear_bounce,sum,sig_bear_bounce_sum,仅明显看空帖反转（恐慌反弹）,ind_ret_1d,1,1,,,,consumer_tech,消费科技,all,1d,1日,543
sig_bear_bounce,wmean,sig_bear_bounce_wmean,仅明显看空帖反转（恐慌反弹）,ind_ret_1d,1,1,,,,consumer_tech,消费科技,all,1d,1日,543
sig_bear_crowd_strict,sum,sig_bear_crowd_strict_sum,严格恐慌：bear_ratio>0.5 才 bear_crowd,ind_ret_1d,1,1,,,,consumer_tech,消费科技,all,1d,1日,543
sig_bear_crowd,sum,sig_bear_crowd_sum,看空帖占比 × 情绪反转（恐慌反弹）,ind_ret_1d,1,1,,,,consumer_tech,消费科技,all,1d,1日,543
sig_bear_only,sum,sig_bear_only_sum,仅看空情绪 × Influence,ind_ret_1d,1,1,,,,consumer_tech,消费科技,all,1d,1日,543
sig_bear_only,wmean,sig_bear_only_wmean,仅看空情绪 × Influence,ind_ret_1d,1,1,,,,consumer_tech,消费科技,all,1d,1日,543
sig_bear_x_eng,sum,sig_bear_x_eng_sum,看空帖 × 互动惊喜 × 反转,ind_ret_1d,1,1,,,,consumer_tech,消费科技,all,1d,1日,543
sig_bear_x_eng,wmean,sig_bear_x_eng_wmean,看空帖 × 互动惊喜 × 反转,ind_ret_1d,1,1,,,,consumer_tech,消费科技,all,1d,1日,543
sig_bull_crowd,sum,sig_bull_crowd_sum,看多帖占比 × 情绪（拥挤做多，对照）,ind_ret_1d,1,1,,,,consumer_tech,消费科技,all,1d,1日,543
sig_bull_fade,sum,sig_bull_fade_sum,仅明显看多帖反转（拥挤做多）,ind_ret_1d,1,1,,,,consumer_tech,消费科技,all,1d,1日,543
sig_bull_fade,wmean,sig_bull_fade_wmean,仅明显看多帖反转（拥挤做多）,ind_ret_1d,1,1,,,,consumer_tech,消费科技,all,1d,1日,543
sig_bull_only,sum,sig_bull_only_sum,仅看多情绪 × Influence,ind_ret_1d,1,1,,,,consumer_tech,消费科技,all,1d,1日,543
sig_bull_only,wmean,sig_bull_only_wmean,仅看多情绪 × Influence,ind_ret_1d,1,1,,,,consumer_tech,消费科技,all,1d,1日,543
sig_bull_x_eng,sum,sig_bull_x_eng_sum,看多帖 × 互动惊喜（对照）,ind_ret_1d,1,1,,,,consumer_tech,消费科技,all,1d,1日,543
sig_bull_x_eng,wmean,sig_bull_x_eng_wmean,看多帖 × 互动惊喜（对照）,ind_ret_1d,1,1,,,,consumer_tech,消费科技,all,1d,1日,543
sig_consensus_contrarian,sum,sig_consensus_contrarian_sum,行业共识情绪反转（|均值|×影响力）,ind_ret_1d,1,1,,,,consumer_tech,消费科技,all,1d,1日,543
sig_contrarian_orig,sum,sig_contrarian_orig_sum,仅原创帖（非 RT）反转,ind_ret_1d,1,1,,,,consumer_tech,消费科技,all,1d,1日,543
sig_contrarian_orig,wmean,sig_contrarian_orig_wmean,仅原创帖（非 RT）反转,ind_ret_1d,1,1,,,,consumer_tech,消费科技,all,1d,1日,543
sig_contrarian,sum,sig_contrarian_sum,−Sentiment × Influence（反转）,ind_ret_1d,1,1,,,,consumer_tech,消费科技,all,1d,1日,543
sig_contrarian_top3,sum,sig_contrarian_top3_sum,仅Top3 KOL的反转信号（日频 sum）,ind_ret_1d,1,1,,,,consumer_tech,消费科技,all,1d,1日,543
sig_contrarian_top3,wmean,sig_contrarian_top3_wmean,仅Top3 KOL的反转信号（日频 sum）,ind_ret_1d,1,1,,,,consumer_tech,消费科技,all,1d,1日,543
sig_contrarian_views,sum,sig_contrarian_views_sum,反转 × log(views),ind_ret_1d,1,1,,,,consumer_tech,消费科技,all,1d,1日,543
sig_contrarian_views,wmean,sig_contrarian_views_wmean,反转 × log(views),ind_ret_1d,1,1,,,,consumer_tech,消费科技,all,1d,1日,543
sig_contrarian,wmean,sig_contrarian_wmean,−Sentiment × Influence（反转）,ind_ret_1d,1,1,,,,consumer_tech,消费科技,all,1d,1日,543
sig_contrarian_x_viral,sum,sig_contrarian_x_viral_sum,反转 × 互动惊喜度（连续加权）,ind_ret_1d,1,1,,,,consumer_tech,消费科技,all,1d,1日,543
sig_contrarian_x_viral,wmean,sig_contrarian_x_viral_wmean,反转 × 互动惊喜度（连续加权）,ind_ret_1d,1,1,,,,consumer_tech,消费科技,all,1d,1日,543
sig_disagreement,sum,sig_disagreement_sum,sig_disagreement,ind_ret_1d,1,1,,,,consumer_tech,消费科技,all,1d,1日,543
sig_dispersion_contrarian,sum,sig_dispersion_contrarian_sum,高分歧日 × 情绪反转,ind_ret_1d,1,1,,,,consumer_tech,消费科技,all,1d,1日,543
sig_dual_confirm_contra,sum,sig_dual_confirm_contra_sum,看空 + 高互动双重确认反转,ind_ret_1d,1,1,,,,consumer_tech,消费科技,all,1d,1日,543
sig_dual_confirm_contra,wmean,sig_dual_confirm_contra_wmean,看空 + 高互动双重确认反转,ind_ret_1d,1,1,,,,consumer_tech,消费科技,all,1d,1日,543
sig_engagement,sum,sig_engagement_sum,情绪 × 相对自身互动惊喜度,ind_ret_1d,1,1,,,,consumer_tech,消费科技,all,1d,1日,543
sig_engagement,wmean,sig_engagement_wmean,情绪 × 相对自身互动惊喜度,ind_ret_1d,1,1,,,,consumer_tech,消费科技,all,1d,1日,543
sig_extreme_contrarian,sum,sig_extreme_contrarian_sum,仅极端情绪帖（|s|≥0.2）反转,ind_ret_1d,1,1,,,,consumer_tech,消费科技,all,1d,1日,543
sig_extreme_contrarian,wmean,sig_extreme_contrarian_wmean,仅极端情绪帖（|s|≥0.2）反转,ind_ret_1d,1,1,,,,consumer_tech,消费科技,all,1d,1日,543
sig_imbalance_contrarian,sum,sig_imbalance_contrarian_sum,情绪方向 × 影响力反转,ind_ret_1d,1,1,,,,consumer_tech,消费科技,all,1d,1日,543
sig_imbalance_contrarian,wmean,sig_imbalance_contrarian_wmean,情绪方向 × 影响力反转,ind_ret_1d,1,1,,,,consumer_tech,消费科技,all,1d,1日,543
sig_kol_breadth_contrarian,sum,sig_kol_breadth_contrarian_sum,参与 KOL 数 × 情绪反转,ind_ret_1d,1,1,,,,consumer_tech,消费科技,all,1d,1日,543
sig_momentum_daily,sum,sig_momentum_daily_sum,跟随行业情绪动量（非反转）,ind_ret_1d,1,1,,,,consumer_tech,消费科技,all,1d,1日,543
sig_momentum,sum,sig_momentum_sum,跟随情绪 × 影响力（非反转）,ind_ret_1d,1,1,,,,consumer_tech,消费科技,all,1d,1日,543
sig_momentum,wmean,sig_momentum_wmean,跟随情绪 × 影响力（非反转）,ind_ret_1d,1,1,,,,consumer_tech,消费科技,all,1d,1日,543
sig_net_crowd_contrarian,sum,sig_net_crowd_contrarian_sum,(看空占比−看多占比) × 情绪反转,ind_ret_1d,1,1,,,,consumer_tech,消费科技,all,1d,1日,543
sig_nlp_lex_disagree,sum,sig_nlp_lex_disagree_sum,NLP 与词典情绪不一致时反转,ind_ret_1d,1,1,,,,consumer_tech,消费科技,all,1d,1日,543
sig_nlp_lex_disagree,wmean,sig_nlp_lex_disagree_wmean,NLP 与词典情绪不一致时反转,ind_ret_1d,1,1,,,,consumer_tech,消费科技,all,1d,1日,543
sig_nlp_minus_lex,sum,sig_nlp_minus_lex_sum,NLP 与词典差 × 反转,ind_ret_1d,1,1,,,,consumer_tech,消费科技,all,1d,1日,543
sig_nlp_minus_lex,wmean,sig_nlp_minus_lex_wmean,NLP 与词典差 × 反转,ind_ret_1d,1,1,,,,consumer_tech,消费科技,all,1d,1日,543
sig_original_post,sum,sig_original_post_sum,非转发帖 × Sentiment × Influence,ind_ret_1d,1,1,,,,consumer_tech,消费科技,all,1d,1日,543
sig_original_post,wmean,sig_original_post_wmean,非转发帖 × Sentiment × Influence,ind_ret_1d,1,1,,,,consumer_tech,消费科技,all,1d,1日,543
sig_post_burst_contrarian,sum,sig_post_burst_contrarian_sum,发帖密集日 × 情绪反转,ind_ret_1d,1,1,,,,consumer_tech,消费科技,all,1d,1日,543
sig_rank1_contrarian,sum,sig_rank1_contrarian_sum,仅行业 #1 KOL 反转,ind_ret_1d,1,1,,,,consumer_tech,消费科技,all,1d,1日,543
sig_rank1_contrarian,wmean,sig_rank1_contrarian_wmean,仅行业 #1 KOL 反转,ind_ret_1d,1,1,,,,consumer_tech,消费科技,all,1d,1日,543
sig_rank1_momentum,sum,sig_rank1_momentum_sum,仅行业 #1 KOL 跟随,ind_ret_1d,1,1,,,,consumer_tech,消费科技,all,1d,1日,543
sig_rank1_momentum,wmean,sig_rank1_momentum_wmean,仅行业 #1 KOL 跟随,ind_ret_1d,1,1,,,,consumer_tech,消费科技,all,1d,1日,543
sig_rank_weighted,sum,sig_rank_weighted_sum,Sentiment × Influence × Top排名权重,ind_ret_1d,1,1,,,,consumer_tech,消费科技,all,1d,1日,543
sig_rank_weighted,wmean,sig_rank_weighted_wmean,Sentiment × Influence × Top排名权重,ind_ret_1d,1,1,,,,consumer_tech,消费科技,all,1d,1日,543
sig_rt_contrarian,sum,sig_rt_contrarian_sum,仅转发帖反转,ind_ret_1d,1,1,,,,consumer_tech,消费科技,all,1d,1日,543
sig_rt_contrarian,wmean,sig_rt_contrarian_wmean,仅转发帖反转,ind_ret_1d,1,1,,,,consumer_tech,消费科技,all,1d,1日,543
sig_sentiment_delta_contra,sum,sig_sentiment_delta_contra_sum,情绪突变反转 × 影响力,ind_ret_1d,1,0,,,,consumer_tech,消费科技,all,1d,1日,543
sig_sentiment_delta,sum,sig_sentiment_delta_sum,情绪相对5日均值突变 × 当日影响力,ind_ret_1d,1,0,,,,consumer_tech,消费科技,all,1d,1日,543
sig_sentiment_x_likes,sum,sig_sentiment_x_likes_sum,Sentiment × log(1+likes),ind_ret_1d,1,1,,,,consumer_tech,消费科技,all,1d,1日,543
sig_sentiment_x_likes,wmean,sig_sentiment_x_likes_wmean,Sentiment × log(1+likes),ind_ret_1d,1,1,,,,consumer_tech,消费科技,all,1d,1日,543
sig_strong_bear_only,sum,sig_strong_bear_only_sum,强看空 (s<-0.2) 反转,ind_ret_1d,1,1,,,,consumer_tech,消费科技,all,1d,1日,543
sig_strong_bear_only,wmean,sig_strong_bear_only_wmean,强看空 (s<-0.2) 反转,ind_ret_1d,1,1,,,,consumer_tech,消费科技,all,1d,1日,543
sig_strong_bull_fade,sum,sig_strong_bull_fade_sum,强看多 (s>0.2) 反转,ind_ret_1d,1,1,,,,consumer_tech,消费科技,all,1d,1日,543
sig_strong_bull_fade,wmean,sig_strong_bull_fade_wmean,强看多 (s>0.2) 反转,ind_ret_1d,1,1,,,,consumer_tech,消费科技,all,1d,1日,543
sig_surprise_contrarian,sum,sig_surprise_contrarian_sum,相对该 KOL 历史情绪的意外 × 反转,ind_ret_1d,1,1,,,,consumer_tech,消费科技,all,1d,1日,543
sig_surprise_contrarian,wmean,sig_surprise_contrarian_wmean,相对该 KOL 历史情绪的意外 × 反转,ind_ret_1d,1,1,,,,consumer_tech,消费科技,all,1d,1日,543
sig_top_rank_only,sum,sig_top_rank_only_sum,仅行业排名前3 KOL,ind_ret_1d,1,1,,,,consumer_tech,消费科技,all,1d,1日,543
sig_top_rank_only,wmean,sig_top_rank_only_wmean,仅行业排名前3 KOL,ind_ret_1d,1,1,,,,consumer_tech,消费科技,all,1d,1日,543
sig_unanimity_contrarian,sum,sig_unanimity_contrarian_sum,低分歧时加强反转（一致预期）,ind_ret_1d,1,1,,,,consumer_tech,消费科技,all,1d,1日,543
sig_views_weighted,sum,sig_views_weighted_sum,情绪 × log(views),ind_ret_1d,1,1,,,,consumer_tech,消费科技,all,1d,1日,543
sig_views_weighted,wmean,sig_views_weighted_wmean,情绪 × log(views),ind_ret_1d,1,1,,,,consumer_tech,消费科技,all,1d,1日,543
sig_viral_contrarian,sum,sig_viral_contrarian_sum,高互动惊喜帖才做情绪反转,ind_ret_1d,1,1,,,,consumer_tech,消费科技,all,1d,1日,543
sig_viral_contrarian,wmean,sig_viral_contrarian_wmean,高互动惊喜帖才做情绪反转,ind_ret_1d,1,1,,,,consumer_tech,消费科技,all,1d,1日,543
sig_bear_crowd_strict,sum,sig_bear_crowd_strict_sum,严格恐慌：bear_ratio>0.5 才 bear_crowd,ind_ret_1d,1,22,0.458,0.009132,0.068986,crypto,加密,all,1d,1日,543
sig_contrarian_views,wmean,sig_contrarian_views_wmean,反转 × log(views),ind_ret_1d,1,22,0.4358,0.007445,0.040277,crypto,加密,all,1d,1日,543
sig_nlp_minus_lex,wmean,sig_nlp_minus_lex_wmean,NLP 与词典差 × 反转,ind_ret_1d,1,22,0.3715,0.006967,0.134833,crypto,加密,all,1d,1日,543
sig_contrarian_orig,wmean,sig_contrarian_orig_wmean,仅原创帖（非 RT）反转,ind_ret_1d,1,22,0.3548,0.007002,0.040277,crypto,加密,all,1d,1日,543
sig_extreme_contrarian,wmean,sig_extreme_contrarian_wmean,仅极端情绪帖（|s|≥0.2）反转,ind_ret_1d,1,22,0.3392,0.008129,0.10817,crypto,加密,all,1d,1日,543
sig_contrarian,wmean,sig_contrarian_wmean,−Sentiment × Influence（反转）,ind_ret_1d,1,22,0.3268,0.004608,0.114043,crypto,加密,all,1d,1日,543
sig_contrarian_x_viral,wmean,sig_contrarian_x_viral_wmean,反转 × 互动惊喜度（连续加权）,ind_ret_1d,1,22,0.3034,0.008129,0.114043,crypto,加密,all,1d,1日,543
sig_strong_bull_fade,wmean,sig_strong_bull_fade_wmean,强看多 (s>0.2) 反转,ind_ret_1d,1,22,0.2998,0.007277,0.020655,crypto,加密,all,1d,1日,543
sig_bull_fade,wmean,sig_bull_fade_wmean,仅明显看多帖反转（拥挤做多）,ind_ret_1d,1,22,0.2983,0.002729,-0.004481,crypto,加密,all,1d,1日,543
sig_bear_bounce,wmean,sig_bear_bounce_wmean,仅明显看空帖反转（恐慌反弹）,ind_ret_1d,1,22,0.2955,0.0073,0.055498,crypto,加密,all,1d,1日,543
sig_kol_breadth_contrarian,sum,sig_kol_breadth_contrarian_sum,参与 KOL 数 × 情绪反转,ind_ret_1d,1,22,0.2898,0.012606,0.114043,crypto,加密,all,1d,1日,543
sig_strong_bear_only,wmean,sig_strong_bear_only_wmean,强看空 (s<-0.2) 反转,ind_ret_1d,1,22,0.27,0.00652,0.035228,crypto,加密,all,1d,1日,543
sig_dual_confirm_contra,wmean,sig_dual_confirm_contra_wmean,看空 + 高互动双重确认反转,ind_ret_1d,1,22,0.2637,0.001489,0.031884,crypto,加密,all,1d,1日,543
sig_viral_contrarian,wmean,sig_viral_contrarian_wmean,高互动惊喜帖才做情绪反转,ind_ret_1d,1,22,0.2147,0.001761,0.024643,crypto,加密,all,1d,1日,543
sig_bear_x_eng,wmean,sig_bear_x_eng_wmean,看空帖 × 互动惊喜 × 反转,ind_ret_1d,1,22,0.2128,6e-05,0.007386,crypto,加密,all,1d,1日,543
sig_imbalance_contrarian,wmean,sig_imbalance_contrarian_wmean,情绪方向 × 影响力反转,ind_ret_1d,1,22,0.2066,0.012119,-0.027975,crypto,加密,all,1d,1日,543
sig_rt_contrarian,wmean,sig_rt_contrarian_wmean,仅转发帖反转,ind_ret_1d,1,22,0.2024,0.005622,0.055792,crypto,加密,all,1d,1日,543
sig_bear_crowd,sum,sig_bear_crowd_sum,看空帖占比 × 情绪反转（恐慌反弹）,ind_ret_1d,1,22,0.1965,0.009132,0.082473,crypto,加密,all,1d,1日,543
sig_rank1_contrarian,wmean,sig_rank1_contrarian_wmean,仅行业 #1 KOL 反转,ind_ret_1d,1,22,0.1765,0.000566,0.008775,crypto,加密,all,1d,1日,543
sig_surprise_contrarian,wmean,sig_surprise_contrarian_wmean,相对该 KOL 历史情绪的意外 × 反转,ind_ret_1d,1,22,0.1647,0.000318,0.00746,crypto,加密,all,1d,1日,543
sig_contrarian_top3,wmean,sig_contrarian_top3_wmean,仅Top3 KOL的反转信号（日频 sum）,ind_ret_1d,1,22,0.147,0.000566,0.008775,crypto,加密,all,1d,1日,543
sig_rank1_contrarian,sum,sig_rank1_contrarian_sum,仅行业 #1 KOL 反转,ind_ret_1d,1,22,0.1359,0.000566,0.008775,crypto,加密,all,1d,1日,543
sig_surprise_contrarian,sum,sig_surprise_contrarian_sum,相对该 KOL 历史情绪的意外 × 反转,ind_ret_1d,1,22,0.1207,-0.002601,0.00746,crypto,加密,all,1d,1日,543
sig_contrarian_views,sum,sig_contrarian_views_sum,反转 × log(views),ind_ret_1d,1,22,0.1067,0.006946,0.040277,crypto,加密,all,1d,1日,543
sig_unanimity_contrarian,sum,sig_unanimity_contrarian_sum,低分歧时加强反转（一致预期）,ind_ret_1d,1,22,0.1059,0.012606,0.114043,crypto,加密,all,1d,1日,543
sig_contrarian_top3,sum,sig_contrarian_top3_sum,仅Top3 KOL的反转信号（日频 sum）,ind_ret_1d,1,22,0.104,0.000566,0.008775,crypto,加密,all,1d,1日,543
sig_rt_contrarian,sum,sig_rt_contrarian_sum,仅转发帖反转,ind_ret_1d,1,22,0.0862,0.010682,0.055792,crypto,加密,all,1d,1日,543
sig_contrarian,sum,sig_contrarian_sum,−Sentiment × Influence（反转）,ind_ret_1d,1,22,0.0769,0.008168,0.114043,crypto,加密,all,1d,1日,543
sig_contrarian_orig,sum,sig_contrarian_orig_sum,仅原创帖（非 RT）反转,ind_ret_1d,1,22,0.075,0.00465,0.040277,crypto,加密,all,1d,1日,543
sig_dispersion_contrarian,sum,sig_dispersion_contrarian_sum,高分歧日 × 情绪反转,ind_ret_1d,1,22,0.0707,0.010816,0.092595,crypto,加密,all,1d,1日,543
sig_extreme_contrarian,sum,sig_extreme_contrarian_sum,仅极端情绪帖（|s|≥0.2）反转,ind_ret_1d,1,22,0.0706,0.008168,0.10817,crypto,加密,all,1d,1日,543
sig_nlp_minus_lex,sum,sig_nlp_minus_lex_sum,NLP 与词典差 × 反转,ind_ret_1d,1,22,0.0669,0.008407,0.134833,crypto,加密,all,1d,1日,543
sig_bull_fade,sum,sig_bull_fade_sum,仅明显看多帖反转（拥挤做多）,ind_ret_1d,1,22,0.0636,0.008519,-0.004481,crypto,加密,all,1d,1日,543
sig_imbalance_contrarian,sum,sig_imbalance_contrarian_sum,情绪方向 × 影响力反转,ind_ret_1d,1,22,0.0611,0.001102,-0.027975,crypto,加密,all,1d,1日,543
sig_contrarian_x_viral,sum,sig_contrarian_x_viral_sum,反转 × 互动惊喜度（连续加权）,ind_ret_1d,1,22,0.0606,0.005778,0.114043,crypto,加密,all,1d,1日,543
sig_strong_bull_fade,sum,sig_strong_bull_fade_sum,强看多 (s>0.2) 反转,ind_ret_1d,1,22,0.0605,0.010772,0.020655,crypto,加密,all,1d,1日,543
sig_sentiment_delta_contra,sum,sig_sentiment_delta_contra_sum,情绪突变反转 × 影响力,ind_ret_1d,1,20,0.0594,0.002479,-0.013673,crypto,加密,all,1d,1日,543
sig_disagreement,sum,sig_disagreement_sum,sig_disagreement,ind_ret_1d,1,22,0.0451,0.009506,0.037136,crypto,加密,all,1d,1日,543
sig_consensus_contrarian,sum,sig_consensus_contrarian_sum,行业共识情绪反转（|均值|×影响力）,ind_ret_1d,1,22,0.0444,0.012606,0.114043,crypto,加密,all,1d,1日,543
sig_post_burst_contrarian,sum,sig_post_burst_contrarian_sum,发帖密集日 × 情绪反转,ind_ret_1d,1,22,0.0414,0.014013,0.114043,crypto,加密,all,1d,1日,543
sig_bear_only,sum,sig_bear_only_sum,仅看空情绪 × Influence,ind_ret_1d,1,22,0.0144,-0.002866,-0.052522,crypto,加密,all,1d,1日,543
sig_viral_contrarian,sum,sig_viral_contrarian_sum,高互动惊喜帖才做情绪反转,ind_ret_1d,1,22,0.013,0.001761,0.024643,crypto,加密,all,1d,1日,543
sig_net_crowd_contrarian,sum,sig_net_crowd_contrarian_sum,(看空占比−看多占比) × 情绪反转,ind_ret_1d,1,22,0.0052,-0.002711,0.015748,crypto,加密,all,1d,1日,543
sig_strong_bear_only,sum,sig_strong_bear_only_sum,强看空 (s<-0.2) 反转,ind_ret_1d,1,22,0.0044,0.005709,0.035228,crypto,加密,all,1d,1日,543
sig_bear_bounce,sum,sig_bear_bounce_sum,仅明显看空帖反转（恐慌反弹）,ind_ret_1d,1,22,-0.0029,0.006592,0.055498,crypto,加密,all,1d,1日,543
sig_dual_confirm_contra,sum,sig_dual_confirm_contra_sum,看空 + 高互动双重确认反转,ind_ret_1d,1,22,-0.0196,0.001489,0.031884,crypto,加密,all,1d,1日,543
sig_bear_x_eng,sum,sig_bear_x_eng_sum,看空帖 × 互动惊喜 × 反转,ind_ret_1d,1,22,-0.0441,6e-05,0.007386,crypto,加密,all,1d,1日,543
sig_bull_crowd,sum,sig_bull_crowd_sum,看多帖占比 × 情绪（拥挤做多，对照）,ind_ret_1d,1,22,-0.0465,-0.013347,-0.090548,crypto,加密,all,1d,1日,543
sig_bull_x_eng,sum,sig_bull_x_eng_sum,看多帖 × 互动惊喜（对照）,ind_ret_1d,1,22,-0.0573,-0.002674,0.004481,crypto,加密,all,1d,1日,543
sig_sentiment_delta,sum,sig_sentiment_delta_sum,情绪相对5日均值突变 × 当日影响力,ind_ret_1d,1,20,-0.0594,-0.002479,0.013673,crypto,加密,all,1d,1日,543
sig_bull_only,sum,sig_bull_only_sum,仅看多情绪 × Influence,ind_ret_1d,1,22,-0.0682,-0.008519,0.004481,crypto,加密,all,1d,1日,543
sig_original_post,sum,sig_original_post_sum,非转发帖 × Sentiment × Influence,ind_ret_1d,1,22,-0.075,-0.00465,-0.040277,crypto,加密,all,1d,1日,543
sig_momentum,sum,sig_momentum_sum,跟随情绪 × 影响力（非反转）,ind_ret_1d,1,22,-0.0769,-0.008168,-0.114043,crypto,加密,all,1d,1日,543
sig_baseline,sum,sig_baseline_sum,Sentiment × Influence（原版）,ind_ret_1d,1,22,-0.0769,-0.008168,-0.114043,crypto,加密,all,1d,1日,543
sig_sentiment_x_likes,sum,sig_sentiment_x_likes_sum,Sentiment × log(1+likes),ind_ret_1d,1,22,-0.0805,-0.010425,-0.030279,crypto,加密,all,1d,1日,543
sig_attention,sum,sig_attention_sum,Influence × sign(Sentiment),ind_ret_1d,1,22,-0.0815,-0.009918,-0.114043,crypto,加密,all,1d,1日,543
sig_momentum_daily,sum,sig_momentum_daily_sum,跟随行业情绪动量（非反转）,ind_ret_1d,1,22,-0.0844,-0.014996,-0.114043,crypto,加密,all,1d,1日,543
sig_engagement,sum,sig_engagement_sum,情绪 × 相对自身互动惊喜度,ind_ret_1d,1,22,-0.0851,-0.00465,-0.040277,crypto,加密,all,1d,1日,543
sig_attention_raw,sum,sig_attention_raw_sum,纯 Influence（无情绪）,ind_ret_1d,1,22,-0.0853,-0.001102,0.027975,crypto,加密,all,1d,1日,543
sig_rank_weighted,sum,sig_rank_weighted_sum,Sentiment × Influence × Top排名权重,ind_ret_1d,1,22,-0.0893,-0.012597,-0.114043,crypto,加密,all,1d,1日,543
sig_top_rank_only,sum,sig_top_rank_only_sum,仅行业排名前3 KOL,ind_ret_1d,1,22,-0.104,-0.000566,-0.008775,crypto,加密,all,1d,1日,543
sig_views_weighted,sum,sig_views_weighted_sum,情绪 × log(views),ind_ret_1d,1,22,-0.1067,-0.006946,-0.040277,crypto,加密,all,1d,1日,543
sig_rank1_momentum,sum,sig_rank1_momentum_sum,仅行业 #1 KOL 跟随,ind_ret_1d,1,22,-0.1359,-0.000566,-0.008775,crypto,加密,all,1d,1日,543
sig_top_rank_only,wmean,sig_top_rank_only_wmean,仅行业排名前3 KOL,ind_ret_1d,1,22,-0.147,-0.000566,-0.008775,crypto,加密,all,1d,1日,543
sig_rank1_momentum,wmean,sig_rank1_momentum_wmean,仅行业 #1 KOL 跟随,ind_ret_1d,1,22,-0.1765,-0.000566,-0.008775,crypto,加密,all,1d,1日,543
sig_bull_x_eng,wmean,sig_bull_x_eng_wmean,看多帖 × 互动惊喜（对照）,ind_ret_1d,1,22,-0.2155,-0.002729,0.004481,crypto,加密,all,1d,1日,543
sig_rank_weighted,wmean,sig_rank_weighted_wmean,Sentiment × Influence × Top排名权重,ind_ret_1d,1,22,-0.2403,-0.005372,-0.069285,crypto,加密,all,1d,1日,543
sig_attention,wmean,sig_attention_wmean,Influence × sign(Sentiment),ind_ret_1d,1,22,-0.2507,-0.004051,-0.114043,crypto,加密,all,1d,1日,543
sig_attention_raw,wmean,sig_attention_raw_wmean,纯 Influence（无情绪）,ind_ret_1d,1,22,-0.2769,-0.008999,0.027975,crypto,加密,all,1d,1日,543
sig_bear_only,wmean,sig_bear_only_wmean,仅看空情绪 × Influence,ind_ret_1d,1,22,-0.2943,-0.0073,-0.052522,crypto,加密,all,1d,1日,543
sig_bull_only,wmean,sig_bull_only_wmean,仅看多情绪 × Influence,ind_ret_1d,1,22,-0.3024,-0.005025,0.004481,crypto,加密,all,1d,1日,543
sig_baseline,wmean,sig_baseline_wmean,Sentiment × Influence（原版）,ind_ret_1d,1,22,-0.3268,-0.004608,-0.114043,crypto,加密,all,1d,1日,543
sig_momentum,wmean,sig_momentum_wmean,跟随情绪 × 影响力（非反转）,ind_ret_1d,1,22,-0.3268,-0.004608,-0.114043,crypto,加密,all,1d,1日,543
sig_original_post,wmean,sig_original_post_wmean,非转发帖 × Sentiment × Influence,ind_ret_1d,1,22,-0.3548,-0.007002,-0.040277,crypto,加密,all,1d,1日,543
sig_engagement,wmean,sig_engagement_wmean,情绪 × 相对自身互动惊喜度,ind_ret_1d,1,22,-0.3707,-0.007445,-0.040277,crypto,加密,all,1d,1日,543
sig_sentiment_x_likes,wmean,sig_sentiment_x_likes_wmean,Sentiment × log(1+likes),ind_ret_1d,1,22,-0.3849,-0.006573,-0.030279,crypto,加密,all,1d,1日,543
sig_views_weighted,wmean,sig_views_weighted_wmean,情绪 × log(views),ind_ret_1d,1,22,-0.4358,-0.007445,-0.040277,crypto,加密,all,1d,1日,543
sig_nlp_lex_disagree,sum,sig_nlp_lex_disagree_sum,NLP 与词典情绪不一致时反转,ind_ret_1d,1,22,,,,crypto,加密,all,1d,1日,543
sig_nlp_lex_disagree,wmean,sig_nlp_lex_disagree_wmean,NLP 与词典情绪不一致时反转,ind_ret_1d,1,22,,,,crypto,加密,all,1d,1日,543
sig_attention_raw,sum,sig_attention_raw_sum,纯 Influence（无情绪）,ind_ret_1d,1,1,,,,semiconductor,半导体,all,1d,1日,543
sig_attention_raw,wmean,sig_attention_raw_wmean,纯 Influence（无情绪）,ind_ret_1d,1,1,,,,semiconductor,半导体,all,1d,1日,543
sig_attention,sum,sig_attention_sum,Influence × sign(Sentiment),ind_ret_1d,1,1,,,,semiconductor,半导体,all,1d,1日,543
sig_attention,wmean,sig_attention_wmean,Influence × sign(Sentiment),ind_ret_1d,1,1,,,,semiconductor,半导体,all,1d,1日,543
sig_baseline,sum,sig_baseline_sum,Sentiment × Influence（原版）,ind_ret_1d,1,1,,,,semiconductor,半导体,all,1d,1日,543
sig_baseline,wmean,sig_baseline_wmean,Sentiment × Influence（原版）,ind_ret_1d,1,1,,,,semiconductor,半导体,all,1d,1日,543
sig_bear_bounce,sum,sig_bear_bounce_sum,仅明显看空帖反转（恐慌反弹）,ind_ret_1d,1,1,,,,semiconductor,半导体,all,1d,1日,543
sig_bear_bounce,wmean,sig_bear_bounce_wmean,仅明显看空帖反转（恐慌反弹）,ind_ret_1d,1,1,,,,semiconductor,半导体,all,1d,1日,543
sig_bear_crowd_strict,sum,sig_bear_crowd_strict_sum,严格恐慌：bear_ratio>0.5 才 bear_crowd,ind_ret_1d,1,1,,,,semiconductor,半导体,all,1d,1日,543
sig_bear_crowd,sum,sig_bear_crowd_sum,看空帖占比 × 情绪反转（恐慌反弹）,ind_ret_1d,1,1,,,,semiconductor,半导体,all,1d,1日,543
sig_bear_only,sum,sig_bear_only_sum,仅看空情绪 × Influence,ind_ret_1d,1,1,,,,semiconductor,半导体,all,1d,1日,543
sig_bear_only,wmean,sig_bear_only_wmean,仅看空情绪 × Influence,ind_ret_1d,1,1,,,,semiconductor,半导体,all,1d,1日,543
sig_bear_x_eng,sum,sig_bear_x_eng_sum,看空帖 × 互动惊喜 × 反转,ind_ret_1d,1,1,,,,semiconductor,半导体,all,1d,1日,543
sig_bear_x_eng,wmean,sig_bear_x_eng_wmean,看空帖 × 互动惊喜 × 反转,ind_ret_1d,1,1,,,,semiconductor,半导体,all,1d,1日,543
sig_bull_crowd,sum,sig_bull_crowd_sum,看多帖占比 × 情绪（拥挤做多，对照）,ind_ret_1d,1,1,,,,semiconductor,半导体,all,1d,1日,543
sig_bull_fade,sum,sig_bull_fade_sum,仅明显看多帖反转（拥挤做多）,ind_ret_1d,1,1,,,,semiconductor,半导体,all,1d,1日,543
sig_bull_fade,wmean,sig_bull_fade_wmean,仅明显看多帖反转（拥挤做多）,ind_ret_1d,1,1,,,,semiconductor,半导体,all,1d,1日,543
sig_bull_only,sum,sig_bull_only_sum,仅看多情绪 × Influence,ind_ret_1d,1,1,,,,semiconductor,半导体,all,1d,1日,543
sig_bull_only,wmean,sig_bull_only_wmean,仅看多情绪 × Influence,ind_ret_1d,1,1,,,,semiconductor,半导体,all,1d,1日,543
sig_bull_x_eng,sum,sig_bull_x_eng_sum,看多帖 × 互动惊喜（对照）,ind_ret_1d,1,1,,,,semiconductor,半导体,all,1d,1日,543
sig_bull_x_eng,wmean,sig_bull_x_eng_wmean,看多帖 × 互动惊喜（对照）,ind_ret_1d,1,1,,,,semiconductor,半导体,all,1d,1日,543
sig_consensus_contrarian,sum,sig_consensus_contrarian_sum,行业共识情绪反转（|均值|×影响力）,ind_ret_1d,1,1,,,,semiconductor,半导体,all,1d,1日,543
sig_contrarian_orig,sum,sig_contrarian_orig_sum,仅原创帖（非 RT）反转,ind_ret_1d,1,1,,,,semiconductor,半导体,all,1d,1日,543
sig_contrarian_orig,wmean,sig_contrarian_orig_wmean,仅原创帖（非 RT）反转,ind_ret_1d,1,1,,,,semiconductor,半导体,all,1d,1日,543
sig_contrarian,sum,sig_contrarian_sum,−Sentiment × Influence（反转）,ind_ret_1d,1,1,,,,semiconductor,半导体,all,1d,1日,543
sig_contrarian_top3,sum,sig_contrarian_top3_sum,仅Top3 KOL的反转信号（日频 sum）,ind_ret_1d,1,1,,,,semiconductor,半导体,all,1d,1日,543
sig_contrarian_top3,wmean,sig_contrarian_top3_wmean,仅Top3 KOL的反转信号（日频 sum）,ind_ret_1d,1,1,,,,semiconductor,半导体,all,1d,1日,543
sig_contrarian_views,sum,sig_contrarian_views_sum,反转 × log(views),ind_ret_1d,1,1,,,,semiconductor,半导体,all,1d,1日,543
sig_contrarian_views,wmean,sig_contrarian_views_wmean,反转 × log(views),ind_ret_1d,1,1,,,,semiconductor,半导体,all,1d,1日,543
sig_contrarian,wmean,sig_contrarian_wmean,−Sentiment × Influence（反转）,ind_ret_1d,1,1,,,,semiconductor,半导体,all,1d,1日,543
sig_contrarian_x_viral,sum,sig_contrarian_x_viral_sum,反转 × 互动惊喜度（连续加权）,ind_ret_1d,1,1,,,,semiconductor,半导体,all,1d,1日,543
sig_contrarian_x_viral,wmean,sig_contrarian_x_viral_wmean,反转 × 互动惊喜度（连续加权）,ind_ret_1d,1,1,,,,semiconductor,半导体,all,1d,1日,543
sig_disagreement,sum,sig_disagreement_sum,sig_disagreement,ind_ret_1d,1,1,,,,semiconductor,半导体,all,1d,1日,543
sig_dispersion_contrarian,sum,sig_dispersion_contrarian_sum,高分歧日 × 情绪反转,ind_ret_1d,1,1,,,,semiconductor,半导体,all,1d,1日,543
sig_dual_confirm_contra,sum,sig_dual_confirm_contra_sum,看空 + 高互动双重确认反转,ind_ret_1d,1,1,,,,semiconductor,半导体,all,1d,1日,543
sig_dual_confirm_contra,wmean,sig_dual_confirm_contra_wmean,看空 + 高互动双重确认反转,ind_ret_1d,1,1,,,,semiconductor,半导体,all,1d,1日,543
sig_engagement,sum,sig_engagement_sum,情绪 × 相对自身互动惊喜度,ind_ret_1d,1,1,,,,semiconductor,半导体,all,1d,1日,543
sig_engagement,wmean,sig_engagement_wmean,情绪 × 相对自身互动惊喜度,ind_ret_1d,1,1,,,,semiconductor,半导体,all,1d,1日,543
sig_extreme_contrarian,sum,sig_extreme_contrarian_sum,仅极端情绪帖（|s|≥0.2）反转,ind_ret_1d,1,1,,,,semiconductor,半导体,all,1d,1日,543
sig_extreme_contrarian,wmean,sig_extreme_contrarian_wmean,仅极端情绪帖（|s|≥0.2）反转,ind_ret_1d,1,1,,,,semiconductor,半导体,all,1d,1日,543
sig_imbalance_contrarian,sum,sig_imbalance_contrarian_sum,情绪方向 × 影响力反转,ind_ret_1d,1,1,,,,semiconductor,半导体,all,1d,1日,543
sig_imbalance_contrarian,wmean,sig_imbalance_contrarian_wmean,情绪方向 × 影响力反转,ind_ret_1d,1,1,,,,semiconductor,半导体,all,1d,1日,543
sig_kol_breadth_contrarian,sum,sig_kol_breadth_contrarian_sum,参与 KOL 数 × 情绪反转,ind_ret_1d,1,1,,,,semiconductor,半导体,all,1d,1日,543
sig_momentum_daily,sum,sig_momentum_daily_sum,跟随行业情绪动量（非反转）,ind_ret_1d,1,1,,,,semiconductor,半导体,all,1d,1日,543
sig_momentum,sum,sig_momentum_sum,跟随情绪 × 影响力（非反转）,ind_ret_1d,1,1,,,,semiconductor,半导体,all,1d,1日,543
sig_momentum,wmean,sig_momentum_wmean,跟随情绪 × 影响力（非反转）,ind_ret_1d,1,1,,,,semiconductor,半导体,all,1d,1日,543
sig_net_crowd_contrarian,sum,sig_net_crowd_contrarian_sum,(看空占比−看多占比) × 情绪反转,ind_ret_1d,1,1,,,,semiconductor,半导体,all,1d,1日,543
sig_nlp_lex_disagree,sum,sig_nlp_lex_disagree_sum,NLP 与词典情绪不一致时反转,ind_ret_1d,1,1,,,,semiconductor,半导体,all,1d,1日,543
sig_nlp_lex_disagree,wmean,sig_nlp_lex_disagree_wmean,NLP 与词典情绪不一致时反转,ind_ret_1d,1,1,,,,semiconductor,半导体,all,1d,1日,543
sig_nlp_minus_lex,sum,sig_nlp_minus_lex_sum,NLP 与词典差 × 反转,ind_ret_1d,1,1,,,,semiconductor,半导体,all,1d,1日,543
sig_nlp_minus_lex,wmean,sig_nlp_minus_lex_wmean,NLP 与词典差 × 反转,ind_ret_1d,1,1,,,,semiconductor,半导体,all,1d,1日,543
sig_original_post,sum,sig_original_post_sum,非转发帖 × Sentiment × Influence,ind_ret_1d,1,1,,,,semiconductor,半导体,all,1d,1日,543
sig_original_post,wmean,sig_original_post_wmean,非转发帖 × Sentiment × Influence,ind_ret_1d,1,1,,,,semiconductor,半导体,all,1d,1日,543
sig_post_burst_contrarian,sum,sig_post_burst_contrarian_sum,发帖密集日 × 情绪反转,ind_ret_1d,1,1,,,,semiconductor,半导体,all,1d,1日,543
sig_rank1_contrarian,sum,sig_rank1_contrarian_sum,仅行业 #1 KOL 反转,ind_ret_1d,1,1,,,,semiconductor,半导体,all,1d,1日,543
sig_rank1_contrarian,wmean,sig_rank1_contrarian_wmean,仅行业 #1 KOL 反转,ind_ret_1d,1,1,,,,semiconductor,半导体,all,1d,1日,543
sig_rank1_momentum,sum,sig_rank1_momentum_sum,仅行业 #1 KOL 跟随,ind_ret_1d,1,1,,,,semiconductor,半导体,all,1d,1日,543
sig_rank1_momentum,wmean,sig_rank1_momentum_wmean,仅行业 #1 KOL 跟随,ind_ret_1d,1,1,,,,semiconductor,半导体,all,1d,1日,543
sig_rank_weighted,sum,sig_rank_weighted_sum,Sentiment × Influence × Top排名权重,ind_ret_1d,1,1,,,,semiconductor,半导体,all,1d,1日,543
sig_rank_weighted,wmean,sig_rank_weighted_wmean,Sentiment × Influence × Top排名权重,ind_ret_1d,1,1,,,,semiconductor,半导体,all,1d,1日,543
sig_rt_contrarian,sum,sig_rt_contrarian_sum,仅转发帖反转,ind_ret_1d,1,1,,,,semiconductor,半导体,all,1d,1日,543
sig_rt_contrarian,wmean,sig_rt_contrarian_wmean,仅转发帖反转,ind_ret_1d,1,1,,,,semiconductor,半导体,all,1d,1日,543
sig_sentiment_delta_contra,sum,sig_sentiment_delta_contra_sum,情绪突变反转 × 影响力,ind_ret_1d,1,0,,,,semiconductor,半导体,all,1d,1日,543
sig_sentiment_delta,sum,sig_sentiment_delta_sum,情绪相对5日均值突变 × 当日影响力,ind_ret_1d,1,0,,,,semiconductor,半导体,all,1d,1日,543
sig_sentiment_x_likes,sum,sig_sentiment_x_likes_sum,Sentiment × log(1+likes),ind_ret_1d,1,1,,,,semiconductor,半导体,all,1d,1日,543
sig_sentiment_x_likes,wmean,sig_sentiment_x_likes_wmean,Sentiment × log(1+likes),ind_ret_1d,1,1,,,,semiconductor,半导体,all,1d,1日,543
sig_strong_bear_only,sum,sig_strong_bear_only_sum,强看空 (s<-0.2) 反转,ind_ret_1d,1,1,,,,semiconductor,半导体,all,1d,1日,543
sig_strong_bear_only,wmean,sig_strong_bear_only_wmean,强看空 (s<-0.2) 反转,ind_ret_1d,1,1,,,,semiconductor,半导体,all,1d,1日,543
sig_strong_bull_fade,sum,sig_strong_bull_fade_sum,强看多 (s>0.2) 反转,ind_ret_1d,1,1,,,,semiconductor,半导体,all,1d,1日,543
sig_strong_bull_fade,wmean,sig_strong_bull_fade_wmean,强看多 (s>0.2) 反转,ind_ret_1d,1,1,,,,semiconductor,半导体,all,1d,1日,543
sig_surprise_contrarian,sum,sig_surprise_contrarian_sum,相对该 KOL 历史情绪的意外 × 反转,ind_ret_1d,1,1,,,,semiconductor,半导体,all,1d,1日,543
sig_surprise_contrarian,wmean,sig_surprise_contrarian_wmean,相对该 KOL 历史情绪的意外 × 反转,ind_ret_1d,1,1,,,,semiconductor,半导体,all,1d,1日,543
sig_top_rank_only,sum,sig_top_rank_only_sum,仅行业排名前3 KOL,ind_ret_1d,1,1,,,,semiconductor,半导体,all,1d,1日,543
sig_top_rank_only,wmean,sig_top_rank_only_wmean,仅行业排名前3 KOL,ind_ret_1d,1,1,,,,semiconductor,半导体,all,1d,1日,543
sig_unanimity_contrarian,sum,sig_unanimity_contrarian_sum,低分歧时加强反转（一致预期）,ind_ret_1d,1,1,,,,semiconductor,半导体,all,1d,1日,543
sig_views_weighted,sum,sig_views_weighted_sum,情绪 × log(views),ind_ret_1d,1,1,,,,semiconductor,半导体,all,1d,1日,543
sig_views_weighted,wmean,sig_views_weighted_wmean,情绪 × log(views),ind_ret_1d,1,1,,,,semiconductor,半导体,all,1d,1日,543
sig_viral_contrarian,sum,sig_viral_contrarian_sum,高互动惊喜帖才做情绪反转,ind_ret_1d,1,1,,,,semiconductor,半导体,all,1d,1日,543
sig_viral_contrarian,wmean,sig_viral_contrarian_wmean,高互动惊喜帖才做情绪反转,ind_ret_1d,1,1,,,,semiconductor,半导体,all,1d,1日,543
sig_attention_raw,sum,sig_attention_raw_sum,纯 Influence（无情绪）,ind_ret_1d,1,0,,,,unclassified,未分类,all,1d,1日,543
sig_attention_raw,wmean,sig_attention_raw_wmean,纯 Influence（无情绪）,ind_ret_1d,1,0,,,,unclassified,未分类,all,1d,1日,543
sig_attention,sum,sig_attention_sum,Influence × sign(Sentiment),ind_ret_1d,1,0,,,,unclassified,未分类,all,1d,1日,543
sig_attention,wmean,sig_attention_wmean,Influence × sign(Sentiment),ind_ret_1d,1,0,,,,unclassified,未分类,all,1d,1日,543
sig_baseline,sum,sig_baseline_sum,Sentiment × Influence（原版）,ind_ret_1d,1,0,,,,unclassified,未分类,all,1d,1日,543
sig_baseline,wmean,sig_baseline_wmean,Sentiment × Influence（原版）,ind_ret_1d,1,0,,,,unclassified,未分类,all,1d,1日,543
sig_bear_bounce,sum,sig_bear_bounce_sum,仅明显看空帖反转（恐慌反弹）,ind_ret_1d,1,0,,,,unclassified,未分类,all,1d,1日,543
sig_bear_bounce,wmean,sig_bear_bounce_wmean,仅明显看空帖反转（恐慌反弹）,ind_ret_1d,1,0,,,,unclassified,未分类,all,1d,1日,543
sig_bear_crowd_strict,sum,sig_bear_crowd_strict_sum,严格恐慌：bear_ratio>0.5 才 bear_crowd,ind_ret_1d,1,0,,,,unclassified,未分类,all,1d,1日,543
sig_bear_crowd,sum,sig_bear_crowd_sum,看空帖占比 × 情绪反转（恐慌反弹）,ind_ret_1d,1,0,,,,unclassified,未分类,all,1d,1日,543
sig_bear_only,sum,sig_bear_only_sum,仅看空情绪 × Influence,ind_ret_1d,1,0,,,,unclassified,未分类,all,1d,1日,543
sig_bear_only,wmean,sig_bear_only_wmean,仅看空情绪 × Influence,ind_ret_1d,1,0,,,,unclassified,未分类,all,1d,1日,543
sig_bear_x_eng,sum,sig_bear_x_eng_sum,看空帖 × 互动惊喜 × 反转,ind_ret_1d,1,0,,,,unclassified,未分类,all,1d,1日,543
sig_bear_x_eng,wmean,sig_bear_x_eng_wmean,看空帖 × 互动惊喜 × 反转,ind_ret_1d,1,0,,,,unclassified,未分类,all,1d,1日,543
sig_bull_crowd,sum,sig_bull_crowd_sum,看多帖占比 × 情绪（拥挤做多，对照）,ind_ret_1d,1,0,,,,unclassified,未分类,all,1d,1日,543
sig_bull_fade,sum,sig_bull_fade_sum,仅明显看多帖反转（拥挤做多）,ind_ret_1d,1,0,,,,unclassified,未分类,all,1d,1日,543
sig_bull_fade,wmean,sig_bull_fade_wmean,仅明显看多帖反转（拥挤做多）,ind_ret_1d,1,0,,,,unclassified,未分类,all,1d,1日,543
sig_bull_only,sum,sig_bull_only_sum,仅看多情绪 × Influence,ind_ret_1d,1,0,,,,unclassified,未分类,all,1d,1日,543
sig_bull_only,wmean,sig_bull_only_wmean,仅看多情绪 × Influence,ind_ret_1d,1,0,,,,unclassified,未分类,all,1d,1日,543
sig_bull_x_eng,sum,sig_bull_x_eng_sum,看多帖 × 互动惊喜（对照）,ind_ret_1d,1,0,,,,unclassified,未分类,all,1d,1日,543
sig_bull_x_eng,wmean,sig_bull_x_eng_wmean,看多帖 × 互动惊喜（对照）,ind_ret_1d,1,0,,,,unclassified,未分类,all,1d,1日,543
sig_consensus_contrarian,sum,sig_consensus_contrarian_sum,行业共识情绪反转（|均值|×影响力）,ind_ret_1d,1,0,,,,unclassified,未分类,all,1d,1日,543
sig_contrarian_orig,sum,sig_contrarian_orig_sum,仅原创帖（非 RT）反转,ind_ret_1d,1,0,,,,unclassified,未分类,all,1d,1日,543
sig_contrarian_orig,wmean,sig_contrarian_orig_wmean,仅原创帖（非 RT）反转,ind_ret_1d,1,0,,,,unclassified,未分类,all,1d,1日,543
sig_contrarian,sum,sig_contrarian_sum,−Sentiment × Influence（反转）,ind_ret_1d,1,0,,,,unclassified,未分类,all,1d,1日,543
sig_contrarian_top3,sum,sig_contrarian_top3_sum,仅Top3 KOL的反转信号（日频 sum）,ind_ret_1d,1,0,,,,unclassified,未分类,all,1d,1日,543
sig_contrarian_top3,wmean,sig_contrarian_top3_wmean,仅Top3 KOL的反转信号（日频 sum）,ind_ret_1d,1,0,,,,unclassified,未分类,all,1d,1日,543
sig_contrarian_views,sum,sig_contrarian_views_sum,反转 × log(views),ind_ret_1d,1,0,,,,unclassified,未分类,all,1d,1日,543
sig_contrarian_views,wmean,sig_contrarian_views_wmean,反转 × log(views),ind_ret_1d,1,0,,,,unclassified,未分类,all,1d,1日,543
sig_contrarian,wmean,sig_contrarian_wmean,−Sentiment × Influence（反转）,ind_ret_1d,1,0,,,,unclassified,未分类,all,1d,1日,543
sig_contrarian_x_viral,sum,sig_contrarian_x_viral_sum,反转 × 互动惊喜度（连续加权）,ind_ret_1d,1,0,,,,unclassified,未分类,all,1d,1日,543
sig_contrarian_x_viral,wmean,sig_contrarian_x_viral_wmean,反转 × 互动惊喜度（连续加权）,ind_ret_1d,1,0,,,,unclassified,未分类,all,1d,1日,543
sig_disagreement,sum,sig_disagreement_sum,sig_disagreement,ind_ret_1d,1,0,,,,unclassified,未分类,all,1d,1日,543
sig_dispersion_contrarian,sum,sig_dispersion_contrarian_sum,高分歧日 × 情绪反转,ind_ret_1d,1,0,,,,unclassified,未分类,all,1d,1日,543
sig_dual_confirm_contra,sum,sig_dual_confirm_contra_sum,看空 + 高互动双重确认反转,ind_ret_1d,1,0,,,,unclassified,未分类,all,1d,1日,543
sig_dual_confirm_contra,wmean,sig_dual_confirm_contra_wmean,看空 + 高互动双重确认反转,ind_ret_1d,1,0,,,,unclassified,未分类,all,1d,1日,543
sig_engagement,sum,sig_engagement_sum,情绪 × 相对自身互动惊喜度,ind_ret_1d,1,0,,,,unclassified,未分类,all,1d,1日,543
sig_engagement,wmean,sig_engagement_wmean,情绪 × 相对自身互动惊喜度,ind_ret_1d,1,0,,,,unclassified,未分类,all,1d,1日,543
sig_extreme_contrarian,sum,sig_extreme_contrarian_sum,仅极端情绪帖（|s|≥0.2）反转,ind_ret_1d,1,0,,,,unclassified,未分类,all,1d,1日,543
sig_extreme_contrarian,wmean,sig_extreme_contrarian_wmean,仅极端情绪帖（|s|≥0.2）反转,ind_ret_1d,1,0,,,,unclassified,未分类,all,1d,1日,543
sig_imbalance_contrarian,sum,sig_imbalance_contrarian_sum,情绪方向 × 影响力反转,ind_ret_1d,1,0,,,,unclassified,未分类,all,1d,1日,543
sig_imbalance_contrarian,wmean,sig_imbalance_contrarian_wmean,情绪方向 × 影响力反转,ind_ret_1d,1,0,,,,unclassified,未分类,all,1d,1日,543
sig_kol_breadth_contrarian,sum,sig_kol_breadth_contrarian_sum,参与 KOL 数 × 情绪反转,ind_ret_1d,1,0,,,,unclassified,未分类,all,1d,1日,543
sig_momentum_daily,sum,sig_momentum_daily_sum,跟随行业情绪动量（非反转）,ind_ret_1d,1,0,,,,unclassified,未分类,all,1d,1日,543
sig_momentum,sum,sig_momentum_sum,跟随情绪 × 影响力（非反转）,ind_ret_1d,1,0,,,,unclassified,未分类,all,1d,1日,543
sig_momentum,wmean,sig_momentum_wmean,跟随情绪 × 影响力（非反转）,ind_ret_1d,1,0,,,,unclassified,未分类,all,1d,1日,543
sig_net_crowd_contrarian,sum,sig_net_crowd_contrarian_sum,(看空占比−看多占比) × 情绪反转,ind_ret_1d,1,0,,,,unclassified,未分类,all,1d,1日,543
sig_nlp_lex_disagree,sum,sig_nlp_lex_disagree_sum,NLP 与词典情绪不一致时反转,ind_ret_1d,1,0,,,,unclassified,未分类,all,1d,1日,543
sig_nlp_lex_disagree,wmean,sig_nlp_lex_disagree_wmean,NLP 与词典情绪不一致时反转,ind_ret_1d,1,0,,,,unclassified,未分类,all,1d,1日,543
sig_nlp_minus_lex,sum,sig_nlp_minus_lex_sum,NLP 与词典差 × 反转,ind_ret_1d,1,0,,,,unclassified,未分类,all,1d,1日,543
sig_nlp_minus_lex,wmean,sig_nlp_minus_lex_wmean,NLP 与词典差 × 反转,ind_ret_1d,1,0,,,,unclassified,未分类,all,1d,1日,543
sig_original_post,sum,sig_original_post_sum,非转发帖 × Sentiment × Influence,ind_ret_1d,1,0,,,,unclassified,未分类,all,1d,1日,543
sig_original_post,wmean,sig_original_post_wmean,非转发帖 × Sentiment × Influence,ind_ret_1d,1,0,,,,unclassified,未分类,all,1d,1日,543
sig_post_burst_contrarian,sum,sig_post_burst_contrarian_sum,发帖密集日 × 情绪反转,ind_ret_1d,1,0,,,,unclassified,未分类,all,1d,1日,543
sig_rank1_contrarian,sum,sig_rank1_contrarian_sum,仅行业 #1 KOL 反转,ind_ret_1d,1,0,,,,unclassified,未分类,all,1d,1日,543
sig_rank1_contrarian,wmean,sig_rank1_contrarian_wmean,仅行业 #1 KOL 反转,ind_ret_1d,1,0,,,,unclassified,未分类,all,1d,1日,543
sig_rank1_momentum,sum,sig_rank1_momentum_sum,仅行业 #1 KOL 跟随,ind_ret_1d,1,0,,,,unclassified,未分类,all,1d,1日,543
sig_rank1_momentum,wmean,sig_rank1_momentum_wmean,仅行业 #1 KOL 跟随,ind_ret_1d,1,0,,,,unclassified,未分类,all,1d,1日,543
sig_rank_weighted,sum,sig_rank_weighted_sum,Sentiment × Influence × Top排名权重,ind_ret_1d,1,0,,,,unclassified,未分类,all,1d,1日,543
sig_rank_weighted,wmean,sig_rank_weighted_wmean,Sentiment × Influence × Top排名权重,ind_ret_1d,1,0,,,,unclassified,未分类,all,1d,1日,543
sig_rt_contrarian,sum,sig_rt_contrarian_sum,仅转发帖反转,ind_ret_1d,1,0,,,,unclassified,未分类,all,1d,1日,543
sig_rt_contrarian,wmean,sig_rt_contrarian_wmean,仅转发帖反转,ind_ret_1d,1,0,,,,unclassified,未分类,all,1d,1日,543
sig_sentiment_delta_contra,sum,sig_sentiment_delta_contra_sum,情绪突变反转 × 影响力,ind_ret_1d,1,0,,,,unclassified,未分类,all,1d,1日,543
sig_sentiment_delta,sum,sig_sentiment_delta_sum,情绪相对5日均值突变 × 当日影响力,ind_ret_1d,1,0,,,,unclassified,未分类,all,1d,1日,543
sig_sentiment_x_likes,sum,sig_sentiment_x_likes_sum,Sentiment × log(1+likes),ind_ret_1d,1,0,,,,unclassified,未分类,all,1d,1日,543
sig_sentiment_x_likes,wmean,sig_sentiment_x_likes_wmean,Sentiment × log(1+likes),ind_ret_1d,1,0,,,,unclassified,未分类,all,1d,1日,543
sig_strong_bear_only,sum,sig_strong_bear_only_sum,强看空 (s<-0.2) 反转,ind_ret_1d,1,0,,,,unclassified,未分类,all,1d,1日,543
sig_strong_bear_only,wmean,sig_strong_bear_only_wmean,强看空 (s<-0.2) 反转,ind_ret_1d,1,0,,,,unclassified,未分类,all,1d,1日,543
sig_strong_bull_fade,sum,sig_strong_bull_fade_sum,强看多 (s>0.2) 反转,ind_ret_1d,1,0,,,,unclassified,未分类,all,1d,1日,543
sig_strong_bull_fade,wmean,sig_strong_bull_fade_wmean,强看多 (s>0.2) 反转,ind_ret_1d,1,0,,,,unclassified,未分类,all,1d,1日,543
sig_surprise_contrarian,sum,sig_surprise_contrarian_sum,相对该 KOL 历史情绪的意外 × 反转,ind_ret_1d,1,0,,,,unclassified,未分类,all,1d,1日,543
sig_surprise_contrarian,wmean,sig_surprise_contrarian_wmean,相对该 KOL 历史情绪的意外 × 反转,ind_ret_1d,1,0,,,,unclassified,未分类,all,1d,1日,543
sig_top_rank_only,sum,sig_top_rank_only_sum,仅行业排名前3 KOL,ind_ret_1d,1,0,,,,unclassified,未分类,all,1d,1日,543
sig_top_rank_only,wmean,sig_top_rank_only_wmean,仅行业排名前3 KOL,ind_ret_1d,1,0,,,,unclassified,未分类,all,1d,1日,543
sig_unanimity_contrarian,sum,sig_unanimity_contrarian_sum,低分歧时加强反转（一致预期）,ind_ret_1d,1,0,,,,unclassified,未分类,all,1d,1日,543
sig_views_weighted,sum,sig_views_weighted_sum,情绪 × log(views),ind_ret_1d,1,0,,,,unclassified,未分类,all,1d,1日,543
sig_views_weighted,wmean,sig_views_weighted_wmean,情绪 × log(views),ind_ret_1d,1,0,,,,unclassified,未分类,all,1d,1日,543
sig_viral_contrarian,sum,sig_viral_contrarian_sum,高互动惊喜帖才做情绪反转,ind_ret_1d,1,0,,,,unclassified,未分类,all,1d,1日,543
sig_viral_contrarian,wmean,sig_viral_contrarian_wmean,高互动惊喜帖才做情绪反转,ind_ret_1d,1,0,,,,unclassified,未分类,all,1d,1日,543
sig_post_burst_contrarian,sum,sig_post_burst_contrarian_sum,发帖密集日 × 情绪反转,ind_ret_5d,1,34,0.4893,0.017824,-0.160733,ai_tech,AI / 大模型,all,5d,5日,208
sig_contrarian_views,sum,sig_contrarian_views_sum,反转 × log(views),ind_ret_5d,1,34,0.4535,0.011341,-0.397174,ai_tech,AI / 大模型,all,5d,5日,208
sig_viral_contrarian,sum,sig_viral_contrarian_sum,高互动惊喜帖才做情绪反转,ind_ret_5d,1,34,0.4018,0.006,0.00639,ai_tech,AI / 大模型,all,5d,5日,208
sig_contrarian_x_viral,sum,sig_contrarian_x_viral_sum,反转 × 互动惊喜度（连续加权）,ind_ret_5d,1,34,0.398,0.010669,-0.160379,ai_tech,AI / 大模型,all,5d,5日,208
sig_dispersion_contrarian,sum,sig_dispersion_contrarian_sum,高分歧日 × 情绪反转,ind_ret_5d,1,34,0.3877,0.017551,-0.117731,ai_tech,AI / 大模型,all,5d,5日,208
sig_bull_fade,sum,sig_bull_fade_sum,仅明显看多帖反转（拥挤做多）,ind_ret_5d,1,34,0.378,0.007163,-0.760401,ai_tech,AI / 大模型,all,5d,5日,208
sig_nlp_minus_lex,sum,sig_nlp_minus_lex_sum,NLP 与词典差 × 反转,ind_ret_5d,1,34,0.3714,0.009983,-0.206708,ai_tech,AI / 大模型,all,5d,5日,208
sig_strong_bull_fade,sum,sig_strong_bull_fade_sum,强看多 (s>0.2) 反转,ind_ret_5d,1,34,0.3711,0.007163,-0.714327,ai_tech,AI / 大模型,all,5d,5日,208
sig_kol_breadth_contrarian,sum,sig_kol_breadth_contrarian_sum,参与 KOL 数 × 情绪反转,ind_ret_5d,1,34,0.3699,0.015511,-0.160733,ai_tech,AI / 大模型,all,5d,5日,208
sig_contrarian,sum,sig_contrarian_sum,−Sentiment × Influence（反转）,ind_ret_5d,1,34,0.3642,0.011624,-0.206708,ai_tech,AI / 大模型,all,5d,5日,208
sig_imbalance_contrarian,sum,sig_imbalance_contrarian_sum,情绪方向 × 影响力反转,ind_ret_5d,1,34,0.3612,0.00987,-0.983149,ai_tech,AI / 大模型,all,5d,5日,208
sig_contrarian_orig,sum,sig_contrarian_orig_sum,仅原创帖（非 RT）反转,ind_ret_5d,1,34,0.3593,0.013333,-0.231731,ai_tech,AI / 大模型,all,5d,5日,208
sig_bear_crowd,sum,sig_bear_crowd_sum,看空帖占比 × 情绪反转（恐慌反弹）,ind_ret_5d,1,34,0.3551,0.014487,0.090838,ai_tech,AI / 大模型,all,5d,5日,208
sig_extreme_contrarian,sum,sig_extreme_contrarian_sum,仅极端情绪帖（|s|≥0.2）反转,ind_ret_5d,1,34,0.3516,0.012088,-0.193103,ai_tech,AI / 大模型,all,5d,5日,208
sig_consensus_contrarian,sum,sig_consensus_contrarian_sum,行业共识情绪反转（|均值|×影响力）,ind_ret_5d,1,34,0.3081,0.018695,-0.160733,ai_tech,AI / 大模型,all,5d,5日,208
sig_top_rank_only,wmean,sig_top_rank_only_wmean,仅行业排名前3 KOL,ind_ret_5d,1,34,0.3054,0.002558,0.105362,ai_tech,AI / 大模型,all,5d,5日,208
sig_top_rank_only,sum,sig_top_rank_only_sum,仅行业排名前3 KOL,ind_ret_5d,1,34,0.2874,0.002558,0.105362,ai_tech,AI / 大模型,all,5d,5日,208
sig_sentiment_delta_contra,sum,sig_sentiment_delta_contra_sum,情绪突变反转 × 影响力,ind_ret_5d,1,32,0.2788,0.00643,0.033255,ai_tech,AI / 大模型,all,5d,5日,208
sig_unanimity_contrarian,sum,sig_unanimity_contrarian_sum,低分歧时加强反转（一致预期）,ind_ret_5d,1,34,0.2549,0.017824,-0.160733,ai_tech,AI / 大模型,all,5d,5日,208
sig_bear_crowd_strict,sum,sig_bear_crowd_strict_sum,严格恐慌：bear_ratio>0.5 才 bear_crowd,ind_ret_5d,1,34,0.236,0.003023,0.309923,ai_tech,AI / 大模型,all,5d,5日,208
sig_rank_weighted,wmean,sig_rank_weighted_wmean,Sentiment × Influence × Top排名权重,ind_ret_5d,1,34,0.2269,-0.000374,0.155887,ai_tech,AI / 大模型,all,5d,5日,208
sig_contrarian_views,wmean,sig_contrarian_views_wmean,反转 × log(views),ind_ret_5d,1,34,0.1781,0.007354,-0.231731,ai_tech,AI / 大模型,all,5d,5日,208
sig_surprise_contrarian,sum,sig_surprise_contrarian_sum,相对该 KOL 历史情绪的意外 × 反转,ind_ret_5d,1,34,0.1221,0.004166,0.003628,ai_tech,AI / 大模型,all,5d,5日,208
sig_dual_confirm_contra,wmean,sig_dual_confirm_contra_wmean,看空 + 高互动双重确认反转,ind_ret_5d,1,34,0.1164,0.004621,0.420815,ai_tech,AI / 大模型,all,5d,5日,208
sig_attention,wmean,sig_attention_wmean,Influence × sign(Sentiment),ind_ret_5d,1,34,0.112,0.004183,0.123739,ai_tech,AI / 大模型,all,5d,5日,208
sig_viral_contrarian,wmean,sig_viral_contrarian_wmean,高互动惊喜帖才做情绪反转,ind_ret_5d,1,34,0.1008,0.006,0.00639,ai_tech,AI / 大模型,all,5d,5日,208
sig_dual_confirm_contra,sum,sig_dual_confirm_contra_sum,看空 + 高互动双重确认反转,ind_ret_5d,1,34,0.0988,-0.001686,0.420815,ai_tech,AI / 大模型,all,5d,5日,208
sig_rt_contrarian,sum,sig_rt_contrarian_sum,仅转发帖反转,ind_ret_5d,1,34,0.0764,0.004897,0.203677,ai_tech,AI / 大模型,all,5d,5日,208
sig_nlp_minus_lex,wmean,sig_nlp_minus_lex_wmean,NLP 与词典差 × 反转,ind_ret_5d,1,34,0.0681,0.001204,-0.213175,ai_tech,AI / 大模型,all,5d,5日,208
sig_bear_x_eng,wmean,sig_bear_x_eng_wmean,看空帖 × 互动惊喜 × 反转,ind_ret_5d,1,34,0.0555,0.000566,0.626527,ai_tech,AI / 大模型,all,5d,5日,208
sig_bear_x_eng,sum,sig_bear_x_eng_sum,看空帖 × 互动惊喜 × 反转,ind_ret_5d,1,34,0.0544,-6.4e-05,0.626527,ai_tech,AI / 大模型,all,5d,5日,208
sig_bear_only,sum,sig_bear_only_sum,仅看空情绪 × Influence,ind_ret_5d,1,34,0.0516,-0.000592,-0.715017,ai_tech,AI / 大模型,all,5d,5日,208
sig_contrarian_x_viral,wmean,sig_contrarian_x_viral_wmean,反转 × 互动惊喜度（连续加权）,ind_ret_5d,1,34,0.0495,0.008226,-0.096623,ai_tech,AI / 大模型,all,5d,5日,208
sig_rank_weighted,sum,sig_rank_weighted_sum,Sentiment × Influence × Top排名权重,ind_ret_5d,1,34,0.0294,0.001616,0.155887,ai_tech,AI / 大模型,all,5d,5日,208
sig_bear_bounce,wmean,sig_bear_bounce_wmean,仅明显看空帖反转（恐慌反弹）,ind_ret_5d,1,34,0.0198,0.000278,0.68153,ai_tech,AI / 大模型,all,5d,5日,208
sig_contrarian_orig,wmean,sig_contrarian_orig_wmean,仅原创帖（非 RT）反转,ind_ret_5d,1,34,0.0189,0.005763,-0.174443,ai_tech,AI / 大模型,all,5d,5日,208
sig_strong_bear_only,wmean,sig_strong_bear_only_wmean,强看空 (s<-0.2) 反转,ind_ret_5d,1,34,0.0107,0.000782,0.580834,ai_tech,AI / 大模型,all,5d,5日,208
sig_disagreement,sum,sig_disagreement_sum,sig_disagreement,ind_ret_5d,1,34,0.0083,-0.001055,0.66049,ai_tech,AI / 大模型,all,5d,5日,208
sig_contrarian,wmean,sig_contrarian_wmean,−Sentiment × Influence（反转）,ind_ret_5d,1,34,0.0078,0.004715,-0.149419,ai_tech,AI / 大模型,all,5d,5日,208
sig_bull_only,wmean,sig_bull_only_wmean,仅看多情绪 × Influence,ind_ret_5d,1,34,-0.0014,-0.000938,0.799029,ai_tech,AI / 大模型,all,5d,5日,208
sig_attention_raw,wmean,sig_attention_raw_wmean,纯 Influence（无情绪）,ind_ret_5d,1,34,-0.0041,-0.005589,0.983149,ai_tech,AI / 大模型,all,5d,5日,208
sig_imbalance_contrarian,wmean,sig_imbalance_contrarian_wmean,情绪方向 × 影响力反转,ind_ret_5d,1,34,-0.0066,0.005794,-0.983149,ai_tech,AI / 大模型,all,5d,5日,208
sig_baseline,wmean,sig_baseline_wmean,Sentiment × Influence（原版）,ind_ret_5d,1,34,-0.0078,-0.004715,0.149419,ai_tech,AI / 大模型,all,5d,5日,208
sig_momentum,wmean,sig_momentum_wmean,跟随情绪 × 影响力（非反转）,ind_ret_5d,1,34,-0.0078,-0.004715,0.149419,ai_tech,AI / 大模型,all,5d,5日,208
sig_bull_fade,wmean,sig_bull_fade_wmean,仅明显看多帖反转（拥挤做多）,ind_ret_5d,1,34,-0.0094,0.002379,-0.760401,ai_tech,AI / 大模型,all,5d,5日,208
sig_extreme_contrarian,wmean,sig_extreme_contrarian_wmean,仅极端情绪帖（|s|≥0.2）反转,ind_ret_5d,1,34,-0.0109,0.004715,-0.199571,ai_tech,AI / 大模型,all,5d,5日,208
sig_bear_only,wmean,sig_bear_only_wmean,仅看空情绪 × Influence,ind_ret_5d,1,34,-0.016,0.004616,-0.715017,ai_tech,AI / 大模型,all,5d,5日,208
sig_strong_bull_fade,wmean,sig_strong_bull_fade_wmean,强看多 (s>0.2) 反转,ind_ret_5d,1,34,-0.0187,0.00472,-0.714327,ai_tech,AI / 大模型,all,5d,5日,208
sig_original_post,wmean,sig_original_post_wmean,非转发帖 × Sentiment × Influence,ind_ret_5d,1,34,-0.0189,-0.005763,0.174443,ai_tech,AI / 大模型,all,5d,5日,208
sig_bull_x_eng,wmean,sig_bull_x_eng_wmean,看多帖 × 互动惊喜（对照）,ind_ret_5d,1,34,-0.0345,-0.002332,0.805001,ai_tech,AI / 大模型,all,5d,5日,208
sig_bear_bounce,sum,sig_bear_bounce_sum,仅明显看空帖反转（恐慌反弹）,ind_ret_5d,1,34,-0.0358,0.002488,0.68153,ai_tech,AI / 大模型,all,5d,5日,208
sig_rt_contrarian,wmean,sig_rt_contrarian_wmean,仅转发帖反转,ind_ret_5d,1,34,-0.0373,0.004897,0.203677,ai_tech,AI / 大模型,all,5d,5日,208
sig_strong_bear_only,sum,sig_strong_bear_only_sum,强看空 (s<-0.2) 反转,ind_ret_5d,1,34,-0.0545,-0.002445,0.580834,ai_tech,AI / 大模型,all,5d,5日,208
sig_surprise_contrarian,wmean,sig_surprise_contrarian_wmean,相对该 KOL 历史情绪的意外 × 反转,ind_ret_5d,1,34,-0.0812,-0.001912,-0.037754,ai_tech,AI / 大模型,all,5d,5日,208
sig_views_weighted,wmean,sig_views_weighted_wmean,情绪 × log(views),ind_ret_5d,1,34,-0.1781,-0.007354,0.231731,ai_tech,AI / 大模型,all,5d,5日,208
sig_attention,sum,sig_attention_sum,Influence × sign(Sentiment),ind_ret_5d,1,34,-0.2195,-0.003893,0.11008,ai_tech,AI / 大模型,all,5d,5日,208
sig_sentiment_x_likes,wmean,sig_sentiment_x_likes_wmean,Sentiment × log(1+likes),ind_ret_5d,1,34,-0.2206,-0.008403,0.185403,ai_tech,AI / 大模型,all,5d,5日,208
sig_engagement,wmean,sig_engagement_wmean,情绪 × 相对自身互动惊喜度,ind_ret_5d,1,34,-0.2288,-0.006689,0.185403,ai_tech,AI / 大模型,all,5d,5日,208
sig_sentiment_delta,sum,sig_sentiment_delta_sum,情绪相对5日均值突变 × 当日影响力,ind_ret_5d,1,32,-0.2788,-0.00643,-0.033255,ai_tech,AI / 大模型,all,5d,5日,208
sig_contrarian_top3,sum,sig_contrarian_top3_sum,仅Top3 KOL的反转信号（日频 sum）,ind_ret_5d,1,34,-0.2874,-0.002558,-0.105362,ai_tech,AI / 大模型,all,5d,5日,208
sig_net_crowd_contrarian,sum,sig_net_crowd_contrarian_sum,(看空占比−看多占比) × 情绪反转,ind_ret_5d,1,34,-0.3037,-0.009592,0.844681,ai_tech,AI / 大模型,all,5d,5日,208
sig_contrarian_top3,wmean,sig_contrarian_top3_wmean,仅Top3 KOL的反转信号（日频 sum）,ind_ret_5d,1,34,-0.3054,-0.002558,-0.105362,ai_tech,AI / 大模型,all,5d,5日,208
sig_original_post,sum,sig_original_post_sum,非转发帖 × Sentiment × Influence,ind_ret_5d,1,34,-0.3593,-0.013333,0.231731,ai_tech,AI / 大模型,all,5d,5日,208
sig_baseline,sum,sig_baseline_sum,Sentiment × Influence（原版）,ind_ret_5d,1,34,-0.3642,-0.011624,0.206708,ai_tech,AI / 大模型,all,5d,5日,208
sig_momentum,sum,sig_momentum_sum,跟随情绪 × 影响力（非反转）,ind_ret_5d,1,34,-0.3642,-0.011624,0.206708,ai_tech,AI / 大模型,all,5d,5日,208
sig_bull_crowd,sum,sig_bull_crowd_sum,看多帖占比 × 情绪（拥挤做多，对照）,ind_ret_5d,1,34,-0.3642,-0.011179,0.350824,ai_tech,AI / 大模型,all,5d,5日,208
sig_attention_raw,sum,sig_attention_raw_sum,纯 Influence（无情绪）,ind_ret_5d,1,34,-0.3766,-0.006341,0.983149,ai_tech,AI / 大模型,all,5d,5日,208
sig_bull_only,sum,sig_bull_only_sum,仅看多情绪 × Influence,ind_ret_5d,1,34,-0.3819,-0.007163,0.799029,ai_tech,AI / 大模型,all,5d,5日,208
sig_bull_x_eng,sum,sig_bull_x_eng_sum,看多帖 × 互动惊喜（对照）,ind_ret_5d,1,34,-0.3873,-0.008063,0.805001,ai_tech,AI / 大模型,all,5d,5日,208
sig_momentum_daily,sum,sig_momentum_daily_sum,跟随行业情绪动量（非反转）,ind_ret_5d,1,34,-0.4185,-0.013871,0.160733,ai_tech,AI / 大模型,all,5d,5日,208
sig_engagement,sum,sig_engagement_sum,情绪 × 相对自身互动惊喜度,ind_ret_5d,1,34,-0.4515,-0.017202,0.291111,ai_tech,AI / 大模型,all,5d,5日,208
sig_views_weighted,sum,sig_views_weighted_sum,情绪 × log(views),ind_ret_5d,1,34,-0.4535,-0.011341,0.397174,ai_tech,AI / 大模型,all,5d,5日,208
sig_sentiment_x_likes,sum,sig_sentiment_x_likes_sum,Sentiment × log(1+likes),ind_ret_5d,1,34,-0.4908,-0.015872,0.230736,ai_tech,AI / 大模型,all,5d,5日,208
sig_nlp_lex_disagree,sum,sig_nlp_lex_disagree_sum,NLP 与词典情绪不一致时反转,ind_ret_5d,1,34,,,,ai_tech,AI / 大模型,all,5d,5日,208
sig_nlp_lex_disagree,wmean,sig_nlp_lex_disagree_wmean,NLP 与词典情绪不一致时反转,ind_ret_5d,1,34,,,,ai_tech,AI / 大模型,all,5d,5日,208
sig_rank1_contrarian,sum,sig_rank1_contrarian_sum,仅行业 #1 KOL 反转,ind_ret_5d,1,34,,,,ai_tech,AI / 大模型,all,5d,5日,208
sig_rank1_contrarian,wmean,sig_rank1_contrarian_wmean,仅行业 #1 KOL 反转,ind_ret_5d,1,34,,,,ai_tech,AI / 大模型,all,5d,5日,208
sig_rank1_momentum,sum,sig_rank1_momentum_sum,仅行业 #1 KOL 跟随,ind_ret_5d,1,34,,,,ai_tech,AI / 大模型,all,5d,5日,208
sig_rank1_momentum,wmean,sig_rank1_momentum_wmean,仅行业 #1 KOL 跟随,ind_ret_5d,1,34,,,,ai_tech,AI / 大模型,all,5d,5日,208
sig_rank1_momentum,wmean,sig_rank1_momentum_wmean,仅行业 #1 KOL 跟随,ind_ret_5d,1,18,0.7911,0.042031,0.289424,ai_tools,AI 工具 / Agent,all,5d,5日,208
sig_attention_raw,wmean,sig_attention_raw_wmean,纯 Influence（无情绪）,ind_ret_5d,1,18,0.7517,0.042168,0.225412,ai_tools,AI 工具 / Agent,all,5d,5日,208
sig_rank1_momentum,sum,sig_rank1_momentum_sum,仅行业 #1 KOL 跟随,ind_ret_5d,1,18,0.7183,0.041899,0.289424,ai_tools,AI 工具 / Agent,all,5d,5日,208
sig_attention,wmean,sig_attention_wmean,Influence × sign(Sentiment),ind_ret_5d,1,18,0.653,0.041656,0.270194,ai_tools,AI 工具 / Agent,all,5d,5日,208
sig_attention,sum,sig_attention_sum,Influence × sign(Sentiment),ind_ret_5d,1,18,0.6511,0.041656,0.270194,ai_tools,AI 工具 / Agent,all,5d,5日,208
sig_rank_weighted,sum,sig_rank_weighted_sum,Sentiment × Influence × Top排名权重,ind_ret_5d,1,18,0.4521,0.024361,0.285664,ai_tools,AI 工具 / Agent,all,5d,5日,208
sig_rank_weighted,wmean,sig_rank_weighted_wmean,Sentiment × Influence × Top排名权重,ind_ret_5d,1,18,0.4084,0.017879,0.285664,ai_tools,AI 工具 / Agent,all,5d,5日,208
sig_bear_only,wmean,sig_bear_only_wmean,仅看空情绪 × Influence,ind_ret_5d,1,18,0.3466,0.005944,0.014656,ai_tools,AI 工具 / Agent,all,5d,5日,208
sig_original_post,sum,sig_original_post_sum,非转发帖 × Sentiment × Influence,ind_ret_5d,1,18,0.3303,0.023744,0.264028,ai_tools,AI 工具 / Agent,all,5d,5日,208
sig_attention_raw,sum,sig_attention_raw_sum,纯 Influence（无情绪）,ind_ret_5d,1,18,0.3133,0.037834,0.225412,ai_tools,AI 工具 / Agent,all,5d,5日,208
sig_bear_only,sum,sig_bear_only_sum,仅看空情绪 × Influence,ind_ret_5d,1,18,0.2715,0.005944,0.014656,ai_tools,AI 工具 / Agent,all,5d,5日,208
sig_original_post,wmean,sig_original_post_wmean,非转发帖 × Sentiment × Influence,ind_ret_5d,1,18,0.2708,0.029781,0.264028,ai_tools,AI 工具 / Agent,all,5d,5日,208
sig_top_rank_only,sum,sig_top_rank_only_sum,仅行业排名前3 KOL,ind_ret_5d,1,18,0.2446,0.024361,0.288898,ai_tools,AI 工具 / Agent,all,5d,5日,208
sig_momentum,sum,sig_momentum_sum,跟随情绪 × 影响力（非反转）,ind_ret_5d,1,18,0.242,0.024361,0.285664,ai_tools,AI 工具 / Agent,all,5d,5日,208
sig_baseline,sum,sig_baseline_sum,Sentiment × Influence（原版）,ind_ret_5d,1,18,0.242,0.024361,0.285664,ai_tools,AI 工具 / Agent,all,5d,5日,208
sig_momentum_daily,sum,sig_momentum_daily_sum,跟随行业情绪动量（非反转）,ind_ret_5d,1,18,0.2364,0.024361,0.285664,ai_tools,AI 工具 / Agent,all,5d,5日,208
sig_bull_x_eng,sum,sig_bull_x_eng_sum,看多帖 × 互动惊喜（对照）,ind_ret_5d,1,18,0.1926,0.016295,0.235678,ai_tools,AI 工具 / Agent,all,5d,5日,208
sig_consensus_contrarian,sum,sig_consensus_contrarian_sum,行业共识情绪反转（|均值|×影响力）,ind_ret_5d,1,18,0.1847,-0.014981,-0.285664,ai_tools,AI 工具 / Agent,all,5d,5日,208
sig_bull_crowd,sum,sig_bull_crowd_sum,看多帖占比 × 情绪（拥挤做多，对照）,ind_ret_5d,1,18,0.183,0.024751,0.258771,ai_tools,AI 工具 / Agent,all,5d,5日,208
sig_sentiment_delta,sum,sig_sentiment_delta_sum,情绪相对5日均值突变 × 当日影响力,ind_ret_5d,1,16,0.1824,0.028339,0.124614,ai_tools,AI 工具 / Agent,all,5d,5日,208
sig_bull_only,sum,sig_bull_only_sum,仅看多情绪 × Influence,ind_ret_5d,1,18,0.176,0.024361,0.252304,ai_tools,AI 工具 / Agent,all,5d,5日,208
sig_top_rank_only,wmean,sig_top_rank_only_wmean,仅行业排名前3 KOL,ind_ret_5d,1,18,0.1742,0.017879,0.288898,ai_tools,AI 工具 / Agent,all,5d,5日,208
sig_momentum,wmean,sig_momentum_wmean,跟随情绪 × 影响力（非反转）,ind_ret_5d,1,18,0.1724,0.017879,0.285664,ai_tools,AI 工具 / Agent,all,5d,5日,208
sig_baseline,wmean,sig_baseline_wmean,Sentiment × Influence（原版）,ind_ret_5d,1,18,0.1724,0.017879,0.285664,ai_tools,AI 工具 / Agent,all,5d,5日,208
sig_bull_x_eng,wmean,sig_bull_x_eng_wmean,看多帖 × 互动惊喜（对照）,ind_ret_5d,1,18,0.1348,0.017892,0.235678,ai_tools,AI 工具 / Agent,all,5d,5日,208
sig_rt_contrarian,sum,sig_rt_contrarian_sum,仅转发帖反转,ind_ret_5d,1,18,0.1271,-0.000505,-0.021636,ai_tools,AI 工具 / Agent,all,5d,5日,208
sig_rt_contrarian,wmean,sig_rt_contrarian_wmean,仅转发帖反转,ind_ret_5d,1,18,0.1271,-0.000505,-0.021636,ai_tools,AI 工具 / Agent,all,5d,5日,208
sig_net_crowd_contrarian,sum,sig_net_crowd_contrarian_sum,(看空占比−看多占比) × 情绪反转,ind_ret_5d,1,18,0.1218,0.02157,0.244797,ai_tools,AI 工具 / Agent,all,5d,5日,208
sig_views_weighted,sum,sig_views_weighted_sum,情绪 × log(views),ind_ret_5d,1,18,0.1061,0.016295,0.264028,ai_tools,AI 工具 / Agent,all,5d,5日,208
sig_bull_only,wmean,sig_bull_only_wmean,仅看多情绪 × Influence,ind_ret_5d,1,18,0.0963,0.017879,0.252304,ai_tools,AI 工具 / Agent,all,5d,5日,208
sig_views_weighted,wmean,sig_views_weighted_wmean,情绪 × log(views),ind_ret_5d,1,18,0.0549,0.019719,0.264028,ai_tools,AI 工具 / Agent,all,5d,5日,208
sig_imbalance_contrarian,wmean,sig_imbalance_contrarian_wmean,情绪方向 × 影响力反转,ind_ret_5d,1,18,0.0195,-0.021548,-0.225412,ai_tools,AI 工具 / Agent,all,5d,5日,208
sig_strong_bull_fade,wmean,sig_strong_bull_fade_wmean,强看多 (s>0.2) 反转,ind_ret_5d,1,18,-0.0174,-0.01129,-0.200535,ai_tools,AI 工具 / Agent,all,5d,5日,208
sig_bull_fade,wmean,sig_bull_fade_wmean,仅明显看多帖反转（拥挤做多）,ind_ret_5d,1,18,-0.0174,-0.01129,-0.200535,ai_tools,AI 工具 / Agent,all,5d,5日,208
sig_engagement,sum,sig_engagement_sum,情绪 × 相对自身互动惊喜度,ind_ret_5d,1,18,-0.0221,0.008054,0.261531,ai_tools,AI 工具 / Agent,all,5d,5日,208
sig_engagement,wmean,sig_engagement_wmean,情绪 × 相对自身互动惊喜度,ind_ret_5d,1,18,-0.048,0.017892,0.261531,ai_tools,AI 工具 / Agent,all,5d,5日,208
sig_contrarian_views,wmean,sig_contrarian_views_wmean,反转 × log(views),ind_ret_5d,1,18,-0.0549,-0.019719,-0.264028,ai_tools,AI 工具 / Agent,all,5d,5日,208
sig_imbalance_contrarian,sum,sig_imbalance_contrarian_sum,情绪方向 × 影响力反转,ind_ret_5d,1,18,-0.0679,-0.012539,-0.225412,ai_tools,AI 工具 / Agent,all,5d,5日,208
sig_extreme_contrarian,wmean,sig_extreme_contrarian_wmean,仅极端情绪帖（|s|≥0.2）反转,ind_ret_5d,1,18,-0.0767,-0.01129,-0.208779,ai_tools,AI 工具 / Agent,all,5d,5日,208
sig_dispersion_contrarian,sum,sig_dispersion_contrarian_sum,高分歧日 × 情绪反转,ind_ret_5d,1,18,-0.0856,-0.001954,-0.056204,ai_tools,AI 工具 / Agent,all,5d,5日,208
sig_bull_fade,sum,sig_bull_fade_sum,仅明显看多帖反转（拥挤做多）,ind_ret_5d,1,18,-0.1038,-0.014592,-0.200535,ai_tools,AI 工具 / Agent,all,5d,5日,208
sig_strong_bull_fade,sum,sig_strong_bull_fade_sum,强看多 (s>0.2) 反转,ind_ret_5d,1,18,-0.1038,-0.014592,-0.200535,ai_tools,AI 工具 / Agent,all,5d,5日,208
sig_contrarian_views,sum,sig_contrarian_views_sum,反转 × log(views),ind_ret_5d,1,18,-0.1061,-0.016295,-0.264028,ai_tools,AI 工具 / Agent,all,5d,5日,208
sig_sentiment_x_likes,sum,sig_sentiment_x_likes_sum,Sentiment × log(1+likes),ind_ret_5d,1,18,-0.1193,0.016295,0.261531,ai_tools,AI 工具 / Agent,all,5d,5日,208
sig_bear_x_eng,sum,sig_bear_x_eng_sum,看空帖 × 互动惊喜 × 反转,ind_ret_5d,1,18,-0.1386,-0.000801,0.012236,ai_tools,AI 工具 / Agent,all,5d,5日,208
sig_sentiment_x_likes,wmean,sig_sentiment_x_likes_wmean,Sentiment × log(1+likes),ind_ret_5d,1,18,-0.1424,0.012747,0.261531,ai_tools,AI 工具 / Agent,all,5d,5日,208
sig_contrarian_x_viral,wmean,sig_contrarian_x_viral_wmean,反转 × 互动惊喜度（连续加权）,ind_ret_5d,1,18,-0.1456,-0.015243,-0.285664,ai_tools,AI 工具 / Agent,all,5d,5日,208
sig_extreme_contrarian,sum,sig_extreme_contrarian_sum,仅极端情绪帖（|s|≥0.2）反转,ind_ret_5d,1,18,-0.154,-0.014592,-0.208779,ai_tools,AI 工具 / Agent,all,5d,5日,208
sig_bear_x_eng,wmean,sig_bear_x_eng_wmean,看空帖 × 互动惊喜 × 反转,ind_ret_5d,1,18,-0.154,-0.000801,0.012236,ai_tools,AI 工具 / Agent,all,5d,5日,208
sig_dual_confirm_contra,wmean,sig_dual_confirm_contra_wmean,看空 + 高互动双重确认反转,ind_ret_5d,1,18,-0.1577,-0.000927,-0.003234,ai_tools,AI 工具 / Agent,all,5d,5日,208
sig_dual_confirm_contra,sum,sig_dual_confirm_contra_sum,看空 + 高互动双重确认反转,ind_ret_5d,1,18,-0.1577,-0.000927,-0.003234,ai_tools,AI 工具 / Agent,all,5d,5日,208
sig_kol_breadth_contrarian,sum,sig_kol_breadth_contrarian_sum,参与 KOL 数 × 情绪反转,ind_ret_5d,1,18,-0.1628,-0.017879,-0.285664,ai_tools,AI 工具 / Agent,all,5d,5日,208
sig_disagreement,sum,sig_disagreement_sum,sig_disagreement,ind_ret_5d,1,18,-0.1683,-2.5e-05,0.049736,ai_tools,AI 工具 / Agent,all,5d,5日,208
sig_nlp_minus_lex,wmean,sig_nlp_minus_lex_wmean,NLP 与词典差 × 反转,ind_ret_5d,1,18,-0.1724,-0.017879,-0.285664,ai_tools,AI 工具 / Agent,all,5d,5日,208
sig_contrarian,wmean,sig_contrarian_wmean,−Sentiment × Influence（反转）,ind_ret_5d,1,18,-0.1724,-0.017879,-0.285664,ai_tools,AI 工具 / Agent,all,5d,5日,208
sig_contrarian_top3,wmean,sig_contrarian_top3_wmean,仅Top3 KOL的反转信号（日频 sum）,ind_ret_5d,1,18,-0.1742,-0.017879,-0.288898,ai_tools,AI 工具 / Agent,all,5d,5日,208
sig_sentiment_delta_contra,sum,sig_sentiment_delta_contra_sum,情绪突变反转 × 影响力,ind_ret_5d,1,16,-0.1824,-0.028339,-0.124614,ai_tools,AI 工具 / Agent,all,5d,5日,208
sig_surprise_contrarian,wmean,sig_surprise_contrarian_wmean,相对该 KOL 历史情绪的意外 × 反转,ind_ret_5d,1,18,-0.2025,-0.024204,-0.195215,ai_tools,AI 工具 / Agent,all,5d,5日,208
sig_contrarian_x_viral,sum,sig_contrarian_x_viral_sum,反转 × 互动惊喜度（连续加权）,ind_ret_5d,1,18,-0.2106,-0.013645,-0.285664,ai_tools,AI 工具 / Agent,all,5d,5日,208
sig_strong_bear_only,sum,sig_strong_bear_only_sum,强看空 (s<-0.2) 反转,ind_ret_5d,1,18,-0.2253,-0.002081,-0.008244,ai_tools,AI 工具 / Agent,all,5d,5日,208
sig_unanimity_contrarian,sum,sig_unanimity_contrarian_sum,低分歧时加强反转（一致预期）,ind_ret_5d,1,18,-0.2261,-0.02157,-0.285664,ai_tools,AI 工具 / Agent,all,5d,5日,208
sig_surprise_contrarian,sum,sig_surprise_contrarian_sum,相对该 KOL 历史情绪的意外 × 反转,ind_ret_5d,1,18,-0.2297,-0.023291,-0.195215,ai_tools,AI 工具 / Agent,all,5d,5日,208
sig_strong_bear_only,wmean,sig_strong_bear_only_wmean,强看空 (s<-0.2) 反转,ind_ret_5d,1,18,-0.2363,-0.002081,-0.008244,ai_tools,AI 工具 / Agent,all,5d,5日,208
sig_bear_bounce,sum,sig_bear_bounce_sum,仅明显看空帖反转（恐慌反弹）,ind_ret_5d,1,18,-0.2379,-0.00324,0.004729,ai_tools,AI 工具 / Agent,all,5d,5日,208
sig_contrarian,sum,sig_contrarian_sum,−Sentiment × Influence（反转）,ind_ret_5d,1,18,-0.242,-0.024361,-0.285664,ai_tools,AI 工具 / Agent,all,5d,5日,208
sig_nlp_minus_lex,sum,sig_nlp_minus_lex_sum,NLP 与词典差 × 反转,ind_ret_5d,1,18,-0.242,-0.024361,-0.285664,ai_tools,AI 工具 / Agent,all,5d,5日,208
sig_contrarian_top3,sum,sig_contrarian_top3_sum,仅Top3 KOL的反转信号（日频 sum）,ind_ret_5d,1,18,-0.2446,-0.024361,-0.288898,ai_tools,AI 工具 / Agent,all,5d,5日,208
sig_contrarian_orig,wmean,sig_contrarian_orig_wmean,仅原创帖（非 RT）反转,ind_ret_5d,1,18,-0.2708,-0.029781,-0.264028,ai_tools,AI 工具 / Agent,all,5d,5日,208
sig_post_burst_contrarian,sum,sig_post_burst_contrarian_sum,发帖密集日 × 情绪反转,ind_ret_5d,1,18,-0.274,-0.024361,-0.285664,ai_tools,AI 工具 / Agent,all,5d,5日,208
sig_bear_crowd,sum,sig_bear_crowd_sum,看空帖占比 × 情绪反转（恐慌反弹）,ind_ret_5d,1,18,-0.2777,-0.003394,-0.02621,ai_tools,AI 工具 / Agent,all,5d,5日,208
sig_bear_bounce,wmean,sig_bear_bounce_wmean,仅明显看空帖反转（恐慌反弹）,ind_ret_5d,1,18,-0.2838,-0.00324,0.004729,ai_tools,AI 工具 / Agent,all,5d,5日,208
sig_bear_crowd_strict,sum,sig_bear_crowd_strict_sum,严格恐慌：bear_ratio>0.5 才 bear_crowd,ind_ret_5d,1,18,-0.2967,-0.003221,-0.010741,ai_tools,AI 工具 / Agent,all,5d,5日,208
sig_viral_contrarian,wmean,sig_viral_contrarian_wmean,高互动惊喜帖才做情绪反转,ind_ret_5d,1,18,-0.311,-0.007366,-0.107833,ai_tools,AI 工具 / Agent,all,5d,5日,208
sig_contrarian_orig,sum,sig_contrarian_orig_sum,仅原创帖（非 RT）反转,ind_ret_5d,1,18,-0.3303,-0.023744,-0.264028,ai_tools,AI 工具 / Agent,all,5d,5日,208
sig_viral_contrarian,sum,sig_viral_contrarian_sum,高互动惊喜帖才做情绪反转,ind_ret_5d,1,18,-0.3328,-0.007366,-0.107833,ai_tools,AI 工具 / Agent,all,5d,5日,208
sig_rank1_contrarian,sum,sig_rank1_contrarian_sum,仅行业 #1 KOL 反转,ind_ret_5d,1,18,-0.7183,-0.041899,-0.289424,ai_tools,AI 工具 / Agent,all,5d,5日,208
sig_rank1_contrarian,wmean,sig_rank1_contrarian_wmean,仅行业 #1 KOL 反转,ind_ret_5d,1,18,-0.7911,-0.042031,-0.289424,ai_tools,AI 工具 / Agent,all,5d,5日,208
sig_nlp_lex_disagree,sum,sig_nlp_lex_disagree_sum,NLP 与词典情绪不一致时反转,ind_ret_5d,1,18,,,,ai_tools,AI 工具 / Agent,all,5d,5日,208
sig_nlp_lex_disagree,wmean,sig_nlp_lex_disagree_wmean,NLP 与词典情绪不一致时反转,ind_ret_5d,1,18,,,,ai_tools,AI 工具 / Agent,all,5d,5日,208
sig_attention_raw,sum,sig_attention_raw_sum,纯 Influence（无情绪）,ind_ret_5d,1,0,,,,consumer_tech,消费科技,all,5d,5日,208
sig_attention_raw,wmean,sig_attention_raw_wmean,纯 Influence（无情绪）,ind_ret_5d,1,0,,,,consumer_tech,消费科技,all,5d,5日,208
sig_attention,sum,sig_attention_sum,Influence × sign(Sentiment),ind_ret_5d,1,0,,,,consumer_tech,消费科技,all,5d,5日,208
sig_attention,wmean,sig_attention_wmean,Influence × sign(Sentiment),ind_ret_5d,1,0,,,,consumer_tech,消费科技,all,5d,5日,208
sig_baseline,sum,sig_baseline_sum,Sentiment × Influence（原版）,ind_ret_5d,1,0,,,,consumer_tech,消费科技,all,5d,5日,208
sig_baseline,wmean,sig_baseline_wmean,Sentiment × Influence（原版）,ind_ret_5d,1,0,,,,consumer_tech,消费科技,all,5d,5日,208
sig_bear_bounce,sum,sig_bear_bounce_sum,仅明显看空帖反转（恐慌反弹）,ind_ret_5d,1,0,,,,consumer_tech,消费科技,all,5d,5日,208
sig_bear_bounce,wmean,sig_bear_bounce_wmean,仅明显看空帖反转（恐慌反弹）,ind_ret_5d,1,0,,,,consumer_tech,消费科技,all,5d,5日,208
sig_bear_crowd_strict,sum,sig_bear_crowd_strict_sum,严格恐慌：bear_ratio>0.5 才 bear_crowd,ind_ret_5d,1,0,,,,consumer_tech,消费科技,all,5d,5日,208
sig_bear_crowd,sum,sig_bear_crowd_sum,看空帖占比 × 情绪反转（恐慌反弹）,ind_ret_5d,1,0,,,,consumer_tech,消费科技,all,5d,5日,208
sig_bear_only,sum,sig_bear_only_sum,仅看空情绪 × Influence,ind_ret_5d,1,0,,,,consumer_tech,消费科技,all,5d,5日,208
sig_bear_only,wmean,sig_bear_only_wmean,仅看空情绪 × Influence,ind_ret_5d,1,0,,,,consumer_tech,消费科技,all,5d,5日,208
sig_bear_x_eng,sum,sig_bear_x_eng_sum,看空帖 × 互动惊喜 × 反转,ind_ret_5d,1,0,,,,consumer_tech,消费科技,all,5d,5日,208
sig_bear_x_eng,wmean,sig_bear_x_eng_wmean,看空帖 × 互动惊喜 × 反转,ind_ret_5d,1,0,,,,consumer_tech,消费科技,all,5d,5日,208
sig_bull_crowd,sum,sig_bull_crowd_sum,看多帖占比 × 情绪（拥挤做多，对照）,ind_ret_5d,1,0,,,,consumer_tech,消费科技,all,5d,5日,208
sig_bull_fade,sum,sig_bull_fade_sum,仅明显看多帖反转（拥挤做多）,ind_ret_5d,1,0,,,,consumer_tech,消费科技,all,5d,5日,208
sig_bull_fade,wmean,sig_bull_fade_wmean,仅明显看多帖反转（拥挤做多）,ind_ret_5d,1,0,,,,consumer_tech,消费科技,all,5d,5日,208
sig_bull_only,sum,sig_bull_only_sum,仅看多情绪 × Influence,ind_ret_5d,1,0,,,,consumer_tech,消费科技,all,5d,5日,208
sig_bull_only,wmean,sig_bull_only_wmean,仅看多情绪 × Influence,ind_ret_5d,1,0,,,,consumer_tech,消费科技,all,5d,5日,208
sig_bull_x_eng,sum,sig_bull_x_eng_sum,看多帖 × 互动惊喜（对照）,ind_ret_5d,1,0,,,,consumer_tech,消费科技,all,5d,5日,208
sig_bull_x_eng,wmean,sig_bull_x_eng_wmean,看多帖 × 互动惊喜（对照）,ind_ret_5d,1,0,,,,consumer_tech,消费科技,all,5d,5日,208
sig_consensus_contrarian,sum,sig_consensus_contrarian_sum,行业共识情绪反转（|均值|×影响力）,ind_ret_5d,1,0,,,,consumer_tech,消费科技,all,5d,5日,208
sig_contrarian_orig,sum,sig_contrarian_orig_sum,仅原创帖（非 RT）反转,ind_ret_5d,1,0,,,,consumer_tech,消费科技,all,5d,5日,208
sig_contrarian_orig,wmean,sig_contrarian_orig_wmean,仅原创帖（非 RT）反转,ind_ret_5d,1,0,,,,consumer_tech,消费科技,all,5d,5日,208
sig_contrarian,sum,sig_contrarian_sum,−Sentiment × Influence（反转）,ind_ret_5d,1,0,,,,consumer_tech,消费科技,all,5d,5日,208
sig_contrarian_top3,sum,sig_contrarian_top3_sum,仅Top3 KOL的反转信号（日频 sum）,ind_ret_5d,1,0,,,,consumer_tech,消费科技,all,5d,5日,208
sig_contrarian_top3,wmean,sig_contrarian_top3_wmean,仅Top3 KOL的反转信号（日频 sum）,ind_ret_5d,1,0,,,,consumer_tech,消费科技,all,5d,5日,208
sig_contrarian_views,sum,sig_contrarian_views_sum,反转 × log(views),ind_ret_5d,1,0,,,,consumer_tech,消费科技,all,5d,5日,208
sig_contrarian_views,wmean,sig_contrarian_views_wmean,反转 × log(views),ind_ret_5d,1,0,,,,consumer_tech,消费科技,all,5d,5日,208
sig_contrarian,wmean,sig_contrarian_wmean,−Sentiment × Influence（反转）,ind_ret_5d,1,0,,,,consumer_tech,消费科技,all,5d,5日,208
sig_contrarian_x_viral,sum,sig_contrarian_x_viral_sum,反转 × 互动惊喜度（连续加权）,ind_ret_5d,1,0,,,,consumer_tech,消费科技,all,5d,5日,208
sig_contrarian_x_viral,wmean,sig_contrarian_x_viral_wmean,反转 × 互动惊喜度（连续加权）,ind_ret_5d,1,0,,,,consumer_tech,消费科技,all,5d,5日,208
sig_disagreement,sum,sig_disagreement_sum,sig_disagreement,ind_ret_5d,1,0,,,,consumer_tech,消费科技,all,5d,5日,208
sig_dispersion_contrarian,sum,sig_dispersion_contrarian_sum,高分歧日 × 情绪反转,ind_ret_5d,1,0,,,,consumer_tech,消费科技,all,5d,5日,208
sig_dual_confirm_contra,sum,sig_dual_confirm_contra_sum,看空 + 高互动双重确认反转,ind_ret_5d,1,0,,,,consumer_tech,消费科技,all,5d,5日,208
sig_dual_confirm_contra,wmean,sig_dual_confirm_contra_wmean,看空 + 高互动双重确认反转,ind_ret_5d,1,0,,,,consumer_tech,消费科技,all,5d,5日,208
sig_engagement,sum,sig_engagement_sum,情绪 × 相对自身互动惊喜度,ind_ret_5d,1,0,,,,consumer_tech,消费科技,all,5d,5日,208
sig_engagement,wmean,sig_engagement_wmean,情绪 × 相对自身互动惊喜度,ind_ret_5d,1,0,,,,consumer_tech,消费科技,all,5d,5日,208
sig_extreme_contrarian,sum,sig_extreme_contrarian_sum,仅极端情绪帖（|s|≥0.2）反转,ind_ret_5d,1,0,,,,consumer_tech,消费科技,all,5d,5日,208
sig_extreme_contrarian,wmean,sig_extreme_contrarian_wmean,仅极端情绪帖（|s|≥0.2）反转,ind_ret_5d,1,0,,,,consumer_tech,消费科技,all,5d,5日,208
sig_imbalance_contrarian,sum,sig_imbalance_contrarian_sum,情绪方向 × 影响力反转,ind_ret_5d,1,0,,,,consumer_tech,消费科技,all,5d,5日,208
sig_imbalance_contrarian,wmean,sig_imbalance_contrarian_wmean,情绪方向 × 影响力反转,ind_ret_5d,1,0,,,,consumer_tech,消费科技,all,5d,5日,208
sig_kol_breadth_contrarian,sum,sig_kol_breadth_contrarian_sum,参与 KOL 数 × 情绪反转,ind_ret_5d,1,0,,,,consumer_tech,消费科技,all,5d,5日,208
sig_momentum_daily,sum,sig_momentum_daily_sum,跟随行业情绪动量（非反转）,ind_ret_5d,1,0,,,,consumer_tech,消费科技,all,5d,5日,208
sig_momentum,sum,sig_momentum_sum,跟随情绪 × 影响力（非反转）,ind_ret_5d,1,0,,,,consumer_tech,消费科技,all,5d,5日,208
sig_momentum,wmean,sig_momentum_wmean,跟随情绪 × 影响力（非反转）,ind_ret_5d,1,0,,,,consumer_tech,消费科技,all,5d,5日,208
sig_net_crowd_contrarian,sum,sig_net_crowd_contrarian_sum,(看空占比−看多占比) × 情绪反转,ind_ret_5d,1,0,,,,consumer_tech,消费科技,all,5d,5日,208
sig_nlp_lex_disagree,sum,sig_nlp_lex_disagree_sum,NLP 与词典情绪不一致时反转,ind_ret_5d,1,0,,,,consumer_tech,消费科技,all,5d,5日,208
sig_nlp_lex_disagree,wmean,sig_nlp_lex_disagree_wmean,NLP 与词典情绪不一致时反转,ind_ret_5d,1,0,,,,consumer_tech,消费科技,all,5d,5日,208
sig_nlp_minus_lex,sum,sig_nlp_minus_lex_sum,NLP 与词典差 × 反转,ind_ret_5d,1,0,,,,consumer_tech,消费科技,all,5d,5日,208
sig_nlp_minus_lex,wmean,sig_nlp_minus_lex_wmean,NLP 与词典差 × 反转,ind_ret_5d,1,0,,,,consumer_tech,消费科技,all,5d,5日,208
sig_original_post,sum,sig_original_post_sum,非转发帖 × Sentiment × Influence,ind_ret_5d,1,0,,,,consumer_tech,消费科技,all,5d,5日,208
sig_original_post,wmean,sig_original_post_wmean,非转发帖 × Sentiment × Influence,ind_ret_5d,1,0,,,,consumer_tech,消费科技,all,5d,5日,208
sig_post_burst_contrarian,sum,sig_post_burst_contrarian_sum,发帖密集日 × 情绪反转,ind_ret_5d,1,0,,,,consumer_tech,消费科技,all,5d,5日,208
sig_rank1_contrarian,sum,sig_rank1_contrarian_sum,仅行业 #1 KOL 反转,ind_ret_5d,1,0,,,,consumer_tech,消费科技,all,5d,5日,208
sig_rank1_contrarian,wmean,sig_rank1_contrarian_wmean,仅行业 #1 KOL 反转,ind_ret_5d,1,0,,,,consumer_tech,消费科技,all,5d,5日,208
sig_rank1_momentum,sum,sig_rank1_momentum_sum,仅行业 #1 KOL 跟随,ind_ret_5d,1,0,,,,consumer_tech,消费科技,all,5d,5日,208
sig_rank1_momentum,wmean,sig_rank1_momentum_wmean,仅行业 #1 KOL 跟随,ind_ret_5d,1,0,,,,consumer_tech,消费科技,all,5d,5日,208
sig_rank_weighted,sum,sig_rank_weighted_sum,Sentiment × Influence × Top排名权重,ind_ret_5d,1,0,,,,consumer_tech,消费科技,all,5d,5日,208
sig_rank_weighted,wmean,sig_rank_weighted_wmean,Sentiment × Influence × Top排名权重,ind_ret_5d,1,0,,,,consumer_tech,消费科技,all,5d,5日,208
sig_rt_contrarian,sum,sig_rt_contrarian_sum,仅转发帖反转,ind_ret_5d,1,0,,,,consumer_tech,消费科技,all,5d,5日,208
sig_rt_contrarian,wmean,sig_rt_contrarian_wmean,仅转发帖反转,ind_ret_5d,1,0,,,,consumer_tech,消费科技,all,5d,5日,208
sig_sentiment_delta_contra,sum,sig_sentiment_delta_contra_sum,情绪突变反转 × 影响力,ind_ret_5d,1,0,,,,consumer_tech,消费科技,all,5d,5日,208
sig_sentiment_delta,sum,sig_sentiment_delta_sum,情绪相对5日均值突变 × 当日影响力,ind_ret_5d,1,0,,,,consumer_tech,消费科技,all,5d,5日,208
sig_sentiment_x_likes,sum,sig_sentiment_x_likes_sum,Sentiment × log(1+likes),ind_ret_5d,1,0,,,,consumer_tech,消费科技,all,5d,5日,208
sig_sentiment_x_likes,wmean,sig_sentiment_x_likes_wmean,Sentiment × log(1+likes),ind_ret_5d,1,0,,,,consumer_tech,消费科技,all,5d,5日,208
sig_strong_bear_only,sum,sig_strong_bear_only_sum,强看空 (s<-0.2) 反转,ind_ret_5d,1,0,,,,consumer_tech,消费科技,all,5d,5日,208
sig_strong_bear_only,wmean,sig_strong_bear_only_wmean,强看空 (s<-0.2) 反转,ind_ret_5d,1,0,,,,consumer_tech,消费科技,all,5d,5日,208
sig_strong_bull_fade,sum,sig_strong_bull_fade_sum,强看多 (s>0.2) 反转,ind_ret_5d,1,0,,,,consumer_tech,消费科技,all,5d,5日,208
sig_strong_bull_fade,wmean,sig_strong_bull_fade_wmean,强看多 (s>0.2) 反转,ind_ret_5d,1,0,,,,consumer_tech,消费科技,all,5d,5日,208
sig_surprise_contrarian,sum,sig_surprise_contrarian_sum,相对该 KOL 历史情绪的意外 × 反转,ind_ret_5d,1,0,,,,consumer_tech,消费科技,all,5d,5日,208
sig_surprise_contrarian,wmean,sig_surprise_contrarian_wmean,相对该 KOL 历史情绪的意外 × 反转,ind_ret_5d,1,0,,,,consumer_tech,消费科技,all,5d,5日,208
sig_top_rank_only,sum,sig_top_rank_only_sum,仅行业排名前3 KOL,ind_ret_5d,1,0,,,,consumer_tech,消费科技,all,5d,5日,208
sig_top_rank_only,wmean,sig_top_rank_only_wmean,仅行业排名前3 KOL,ind_ret_5d,1,0,,,,consumer_tech,消费科技,all,5d,5日,208
sig_unanimity_contrarian,sum,sig_unanimity_contrarian_sum,低分歧时加强反转（一致预期）,ind_ret_5d,1,0,,,,consumer_tech,消费科技,all,5d,5日,208
sig_views_weighted,sum,sig_views_weighted_sum,情绪 × log(views),ind_ret_5d,1,0,,,,consumer_tech,消费科技,all,5d,5日,208
sig_views_weighted,wmean,sig_views_weighted_wmean,情绪 × log(views),ind_ret_5d,1,0,,,,consumer_tech,消费科技,all,5d,5日,208
sig_viral_contrarian,sum,sig_viral_contrarian_sum,高互动惊喜帖才做情绪反转,ind_ret_5d,1,0,,,,consumer_tech,消费科技,all,5d,5日,208
sig_viral_contrarian,wmean,sig_viral_contrarian_wmean,高互动惊喜帖才做情绪反转,ind_ret_5d,1,0,,,,consumer_tech,消费科技,all,5d,5日,208
sig_rt_contrarian,sum,sig_rt_contrarian_sum,仅转发帖反转,ind_ret_5d,1,18,0.6368,0.036482,0.163645,crypto,加密,all,5d,5日,208
sig_nlp_minus_lex,wmean,sig_nlp_minus_lex_wmean,NLP 与词典差 × 反转,ind_ret_5d,1,18,0.452,0.020882,0.270522,crypto,加密,all,5d,5日,208
sig_rt_contrarian,wmean,sig_rt_contrarian_wmean,仅转发帖反转,ind_ret_5d,1,18,0.4289,0.024985,0.163645,crypto,加密,all,5d,5日,208
sig_bear_bounce,wmean,sig_bear_bounce_wmean,仅明显看空帖反转（恐慌反弹）,ind_ret_5d,1,18,0.4217,0.024232,0.159125,crypto,加密,all,5d,5日,208
sig_unanimity_contrarian,sum,sig_unanimity_contrarian_sum,低分歧时加强反转（一致预期）,ind_ret_5d,1,18,0.4164,0.024985,0.221504,crypto,加密,all,5d,5日,208
sig_post_burst_contrarian,sum,sig_post_burst_contrarian_sum,发帖密集日 × 情绪反转,ind_ret_5d,1,18,0.4022,0.018937,0.221504,crypto,加密,all,5d,5日,208
sig_bear_crowd_strict,sum,sig_bear_crowd_strict_sum,严格恐慌：bear_ratio>0.5 才 bear_crowd,ind_ret_5d,1,18,0.4003,0.018449,0.159538,crypto,加密,all,5d,5日,208
sig_strong_bull_fade,wmean,sig_strong_bull_fade_wmean,强看多 (s>0.2) 反转,ind_ret_5d,1,18,0.3976,0.02229,0.083645,crypto,加密,all,5d,5日,208
sig_extreme_contrarian,sum,sig_extreme_contrarian_sum,仅极端情绪帖（|s|≥0.2）反转,ind_ret_5d,1,18,0.3796,0.026146,0.19066,crypto,加密,all,5d,5日,208
sig_nlp_minus_lex,sum,sig_nlp_minus_lex_sum,NLP 与词典差 × 反转,ind_ret_5d,1,18,0.376,0.025259,0.270522,crypto,加密,all,5d,5日,208
sig_contrarian,wmean,sig_contrarian_wmean,−Sentiment × Influence（反转）,ind_ret_5d,1,18,0.3737,0.01712,0.221504,crypto,加密,all,5d,5日,208
sig_contrarian,sum,sig_contrarian_sum,−Sentiment × Influence（反转）,ind_ret_5d,1,18,0.3721,0.018937,0.221504,crypto,加密,all,5d,5日,208
sig_bear_crowd,sum,sig_bear_crowd_sum,看空帖占比 × 情绪反转（恐慌反弹）,ind_ret_5d,1,18,0.3646,0.018449,0.159951,crypto,加密,all,5d,5日,208
sig_extreme_contrarian,wmean,sig_extreme_contrarian_wmean,仅极端情绪帖（|s|≥0.2）反转,ind_ret_5d,1,18,0.3645,0.01712,0.19066,crypto,加密,all,5d,5日,208
sig_kol_breadth_contrarian,sum,sig_kol_breadth_contrarian_sum,参与 KOL 数 × 情绪反转,ind_ret_5d,1,18,0.3631,0.024985,0.221504,crypto,加密,all,5d,5日,208
sig_bull_fade,wmean,sig_bull_fade_wmean,仅明显看多帖反转（拥挤做多）,ind_ret_5d,1,18,0.3557,0.011263,0.017108,crypto,加密,all,5d,5日,208
sig_dispersion_contrarian,sum,sig_dispersion_contrarian_sum,高分歧日 × 情绪反转,ind_ret_5d,1,18,0.3449,0.008902,0.135948,crypto,加密,all,5d,5日,208
sig_contrarian_orig,wmean,sig_contrarian_orig_wmean,仅原创帖（非 RT）反转,ind_ret_5d,1,18,0.3087,0.018298,0.017108,crypto,加密,all,5d,5日,208
sig_bear_bounce,sum,sig_bear_bounce_sum,仅明显看空帖反转（恐慌反弹）,ind_ret_5d,1,18,0.3028,0.033469,0.159125,crypto,加密,all,5d,5日,208
sig_imbalance_contrarian,wmean,sig_imbalance_contrarian_wmean,情绪方向 × 影响力反转,ind_ret_5d,1,18,0.3005,0.026645,-0.054213,crypto,加密,all,5d,5日,208
sig_strong_bull_fade,sum,sig_strong_bull_fade_sum,强看多 (s>0.2) 反转,ind_ret_5d,1,18,0.2908,0.021366,0.083645,crypto,加密,all,5d,5日,208
sig_consensus_contrarian,sum,sig_consensus_contrarian_sum,行业共识情绪反转（|均值|×影响力）,ind_ret_5d,1,18,0.2778,0.015251,0.221504,crypto,加密,all,5d,5日,208
sig_contrarian_x_viral,wmean,sig_contrarian_x_viral_wmean,反转 × 互动惊喜度（连续加权）,ind_ret_5d,1,18,0.2755,0.010085,0.221504,crypto,加密,all,5d,5日,208
sig_strong_bear_only,sum,sig_strong_bear_only_sum,强看空 (s<-0.2) 反转,ind_ret_5d,1,18,0.2421,0.018752,0.085611,crypto,加密,all,5d,5日,208
sig_contrarian_x_viral,sum,sig_contrarian_x_viral_sum,反转 × 互动惊喜度（连续加权）,ind_ret_5d,1,18,0.2348,0.007116,0.221504,crypto,加密,all,5d,5日,208
sig_contrarian_orig,sum,sig_contrarian_orig_sum,仅原创帖（非 RT）反转,ind_ret_5d,1,18,0.2298,0.008295,0.017108,crypto,加密,all,5d,5日,208
sig_bull_fade,sum,sig_bull_fade_sum,仅明显看多帖反转（拥挤做多）,ind_ret_5d,1,18,0.2261,0.015504,0.017108,crypto,加密,all,5d,5日,208
sig_strong_bear_only,wmean,sig_strong_bear_only_wmean,强看空 (s<-0.2) 反转,ind_ret_5d,1,18,0.2173,0.010235,0.085611,crypto,加密,all,5d,5日,208
sig_contrarian_views,wmean,sig_contrarian_views_wmean,反转 × log(views),ind_ret_5d,1,18,0.216,0.016429,0.017108,crypto,加密,all,5d,5日,208
sig_contrarian_views,sum,sig_contrarian_views_sum,反转 × log(views),ind_ret_5d,1,18,0.1628,0.016429,0.017108,crypto,加密,all,5d,5日,208
sig_sentiment_delta,sum,sig_sentiment_delta_sum,情绪相对5日均值突变 × 当日影响力,ind_ret_5d,1,16,0.1197,0.022241,0.094725,crypto,加密,all,5d,5日,208
sig_imbalance_contrarian,sum,sig_imbalance_contrarian_sum,情绪方向 × 影响力反转,ind_ret_5d,1,18,0.115,0.011726,-0.054213,crypto,加密,all,5d,5日,208
sig_disagreement,sum,sig_disagreement_sum,sig_disagreement,ind_ret_5d,1,18,0.0383,0.005708,0.056677,crypto,加密,all,5d,5日,208
sig_dual_confirm_contra,sum,sig_dual_confirm_contra_sum,看空 + 高互动双重确认反转,ind_ret_5d,1,18,0.016,0.000105,0.004796,crypto,加密,all,5d,5日,208
sig_dual_confirm_contra,wmean,sig_dual_confirm_contra_wmean,看空 + 高互动双重确认反转,ind_ret_5d,1,18,0.016,0.000105,0.004796,crypto,加密,all,5d,5日,208
sig_bear_x_eng,wmean,sig_bear_x_eng_wmean,看空帖 × 互动惊喜 × 反转,ind_ret_5d,1,18,0.016,0.000105,0.004796,crypto,加密,all,5d,5日,208
sig_bear_x_eng,sum,sig_bear_x_eng_sum,看空帖 × 互动惊喜 × 反转,ind_ret_5d,1,18,0.016,0.000105,0.004796,crypto,加密,all,5d,5日,208
sig_surprise_contrarian,wmean,sig_surprise_contrarian_wmean,相对该 KOL 历史情绪的意外 × 反转,ind_ret_5d,1,18,-0.0224,-0.005094,0.014152,crypto,加密,all,5d,5日,208
sig_viral_contrarian,sum,sig_viral_contrarian_sum,高互动惊喜帖才做情绪反转,ind_ret_5d,1,18,-0.0438,-0.001752,-0.040696,crypto,加密,all,5d,5日,208
sig_viral_contrarian,wmean,sig_viral_contrarian_wmean,高互动惊喜帖才做情绪反转,ind_ret_5d,1,18,-0.0687,-0.001752,-0.040696,crypto,加密,all,5d,5日,208
sig_sentiment_x_likes,sum,sig_sentiment_x_likes_sum,Sentiment × log(1+likes),ind_ret_5d,1,18,-0.0763,-0.009205,0.057722,crypto,加密,all,5d,5日,208
sig_surprise_contrarian,sum,sig_surprise_contrarian_sum,相对该 KOL 历史情绪的意外 × 反转,ind_ret_5d,1,18,-0.1054,-0.005377,0.014152,crypto,加密,all,5d,5日,208
sig_net_crowd_contrarian,sum,sig_net_crowd_contrarian_sum,(看空占比−看多占比) × 情绪反转,ind_ret_5d,1,18,-0.1142,-0.013333,0.050106,crypto,加密,all,5d,5日,208
sig_sentiment_delta_contra,sum,sig_sentiment_delta_contra_sum,情绪突变反转 × 影响力,ind_ret_5d,1,16,-0.1197,-0.022241,-0.094725,crypto,加密,all,5d,5日,208
sig_engagement,sum,sig_engagement_sum,情绪 × 相对自身互动惊喜度,ind_ret_5d,1,18,-0.1391,-0.008295,-0.017108,crypto,加密,all,5d,5日,208
sig_sentiment_x_likes,wmean,sig_sentiment_x_likes_wmean,Sentiment × log(1+likes),ind_ret_5d,1,18,-0.1397,-0.011895,0.057722,crypto,加密,all,5d,5日,208
sig_attention_raw,sum,sig_attention_raw_sum,纯 Influence（无情绪）,ind_ret_5d,1,18,-0.1405,-0.011597,0.054213,crypto,加密,all,5d,5日,208
sig_bull_x_eng,sum,sig_bull_x_eng_sum,看多帖 × 互动惊喜（对照）,ind_ret_5d,1,18,-0.1556,-0.015504,-0.017108,crypto,加密,all,5d,5日,208
sig_views_weighted,sum,sig_views_weighted_sum,情绪 × log(views),ind_ret_5d,1,18,-0.1628,-0.016429,-0.017108,crypto,加密,all,5d,5日,208
sig_engagement,wmean,sig_engagement_wmean,情绪 × 相对自身互动惊喜度,ind_ret_5d,1,18,-0.1706,-0.016429,-0.017108,crypto,加密,all,5d,5日,208
sig_views_weighted,wmean,sig_views_weighted_wmean,情绪 × log(views),ind_ret_5d,1,18,-0.216,-0.016429,-0.017108,crypto,加密,all,5d,5日,208
sig_bear_only,sum,sig_bear_only_sum,仅看空情绪 × Influence,ind_ret_5d,1,18,-0.2199,-0.033469,-0.100031,crypto,加密,all,5d,5日,208
sig_original_post,sum,sig_original_post_sum,非转发帖 × Sentiment × Influence,ind_ret_5d,1,18,-0.2298,-0.008295,-0.017108,crypto,加密,all,5d,5日,208
sig_bull_only,sum,sig_bull_only_sum,仅看多情绪 × Influence,ind_ret_5d,1,18,-0.2442,-0.015504,-0.017108,crypto,加密,all,5d,5日,208
sig_bull_x_eng,wmean,sig_bull_x_eng_wmean,看多帖 × 互动惊喜（对照）,ind_ret_5d,1,18,-0.2477,-0.016603,-0.017108,crypto,加密,all,5d,5日,208
sig_original_post,wmean,sig_original_post_wmean,非转发帖 × Sentiment × Influence,ind_ret_5d,1,18,-0.3087,-0.018298,-0.017108,crypto,加密,all,5d,5日,208
sig_bull_crowd,sum,sig_bull_crowd_sum,看多帖占比 × 情绪（拥挤做多，对照）,ind_ret_5d,1,18,-0.3163,-0.02229,-0.150183,crypto,加密,all,5d,5日,208
sig_rank_weighted,sum,sig_rank_weighted_sum,Sentiment × Influence × Top排名权重,ind_ret_5d,1,18,-0.3203,-0.026146,-0.221504,crypto,加密,all,5d,5日,208
sig_attention,sum,sig_attention_sum,Influence × sign(Sentiment),ind_ret_5d,1,18,-0.3455,-0.028734,-0.221504,crypto,加密,all,5d,5日,208
sig_attention,wmean,sig_attention_wmean,Influence × sign(Sentiment),ind_ret_5d,1,18,-0.3526,-0.018298,-0.221504,crypto,加密,all,5d,5日,208
sig_bear_only,wmean,sig_bear_only_wmean,仅看空情绪 × Influence,ind_ret_5d,1,18,-0.353,-0.01712,-0.100031,crypto,加密,all,5d,5日,208
sig_bull_only,wmean,sig_bull_only_wmean,仅看多情绪 × Influence,ind_ret_5d,1,18,-0.367,-0.016429,-0.017108,crypto,加密,all,5d,5日,208
sig_momentum,sum,sig_momentum_sum,跟随情绪 × 影响力（非反转）,ind_ret_5d,1,18,-0.3721,-0.018937,-0.221504,crypto,加密,all,5d,5日,208
sig_baseline,sum,sig_baseline_sum,Sentiment × Influence（原版）,ind_ret_5d,1,18,-0.3721,-0.018937,-0.221504,crypto,加密,all,5d,5日,208
sig_baseline,wmean,sig_baseline_wmean,Sentiment × Influence（原版）,ind_ret_5d,1,18,-0.3737,-0.01712,-0.221504,crypto,加密,all,5d,5日,208
sig_momentum,wmean,sig_momentum_wmean,跟随情绪 × 影响力（非反转）,ind_ret_5d,1,18,-0.3737,-0.01712,-0.221504,crypto,加密,all,5d,5日,208
sig_rank_weighted,wmean,sig_rank_weighted_wmean,Sentiment × Influence × Top排名权重,ind_ret_5d,1,18,-0.3812,-0.019819,-0.221504,crypto,加密,all,5d,5日,208
sig_momentum_daily,sum,sig_momentum_daily_sum,跟随行业情绪动量（非反转）,ind_ret_5d,1,18,-0.4121,-0.027071,-0.221504,crypto,加密,all,5d,5日,208
sig_attention_raw,wmean,sig_attention_raw_wmean,纯 Influence（无情绪）,ind_ret_5d,1,18,-0.5037,-0.028734,0.054213,crypto,加密,all,5d,5日,208
sig_contrarian_top3,sum,sig_contrarian_top3_sum,仅Top3 KOL的反转信号（日频 sum）,ind_ret_5d,1,18,,,,crypto,加密,all,5d,5日,208
sig_contrarian_top3,wmean,sig_contrarian_top3_wmean,仅Top3 KOL的反转信号（日频 sum）,ind_ret_5d,1,18,,,,crypto,加密,all,5d,5日,208
sig_nlp_lex_disagree,sum,sig_nlp_lex_disagree_sum,NLP 与词典情绪不一致时反转,ind_ret_5d,1,18,,,,crypto,加密,all,5d,5日,208
sig_nlp_lex_disagree,wmean,sig_nlp_lex_disagree_wmean,NLP 与词典情绪不一致时反转,ind_ret_5d,1,18,,,,crypto,加密,all,5d,5日,208
sig_rank1_contrarian,sum,sig_rank1_contrarian_sum,仅行业 #1 KOL 反转,ind_ret_5d,1,18,,,,crypto,加密,all,5d,5日,208
sig_rank1_contrarian,wmean,sig_rank1_contrarian_wmean,仅行业 #1 KOL 反转,ind_ret_5d,1,18,,,,crypto,加密,all,5d,5日,208
sig_rank1_momentum,sum,sig_rank1_momentum_sum,仅行业 #1 KOL 跟随,ind_ret_5d,1,18,,,,crypto,加密,all,5d,5日,208
sig_rank1_momentum,wmean,sig_rank1_momentum_wmean,仅行业 #1 KOL 跟随,ind_ret_5d,1,18,,,,crypto,加密,all,5d,5日,208
sig_top_rank_only,sum,sig_top_rank_only_sum,仅行业排名前3 KOL,ind_ret_5d,1,18,,,,crypto,加密,all,5d,5日,208
sig_top_rank_only,wmean,sig_top_rank_only_wmean,仅行业排名前3 KOL,ind_ret_5d,1,18,,,,crypto,加密,all,5d,5日,208
sig_attention_raw,sum,sig_attention_raw_sum,纯 Influence（无情绪）,ind_ret_5d,1,0,,,,semiconductor,半导体,all,5d,5日,208
sig_attention_raw,wmean,sig_attention_raw_wmean,纯 Influence（无情绪）,ind_ret_5d,1,0,,,,semiconductor,半导体,all,5d,5日,208
sig_attention,sum,sig_attention_sum,Influence × sign(Sentiment),ind_ret_5d,1,0,,,,semiconductor,半导体,all,5d,5日,208
sig_attention,wmean,sig_attention_wmean,Influence × sign(Sentiment),ind_ret_5d,1,0,,,,semiconductor,半导体,all,5d,5日,208
sig_baseline,sum,sig_baseline_sum,Sentiment × Influence（原版）,ind_ret_5d,1,0,,,,semiconductor,半导体,all,5d,5日,208
sig_baseline,wmean,sig_baseline_wmean,Sentiment × Influence（原版）,ind_ret_5d,1,0,,,,semiconductor,半导体,all,5d,5日,208
sig_bear_bounce,sum,sig_bear_bounce_sum,仅明显看空帖反转（恐慌反弹）,ind_ret_5d,1,0,,,,semiconductor,半导体,all,5d,5日,208
sig_bear_bounce,wmean,sig_bear_bounce_wmean,仅明显看空帖反转（恐慌反弹）,ind_ret_5d,1,0,,,,semiconductor,半导体,all,5d,5日,208
sig_bear_crowd_strict,sum,sig_bear_crowd_strict_sum,严格恐慌：bear_ratio>0.5 才 bear_crowd,ind_ret_5d,1,0,,,,semiconductor,半导体,all,5d,5日,208
sig_bear_crowd,sum,sig_bear_crowd_sum,看空帖占比 × 情绪反转（恐慌反弹）,ind_ret_5d,1,0,,,,semiconductor,半导体,all,5d,5日,208
sig_bear_only,sum,sig_bear_only_sum,仅看空情绪 × Influence,ind_ret_5d,1,0,,,,semiconductor,半导体,all,5d,5日,208
sig_bear_only,wmean,sig_bear_only_wmean,仅看空情绪 × Influence,ind_ret_5d,1,0,,,,semiconductor,半导体,all,5d,5日,208
sig_bear_x_eng,sum,sig_bear_x_eng_sum,看空帖 × 互动惊喜 × 反转,ind_ret_5d,1,0,,,,semiconductor,半导体,all,5d,5日,208
sig_bear_x_eng,wmean,sig_bear_x_eng_wmean,看空帖 × 互动惊喜 × 反转,ind_ret_5d,1,0,,,,semiconductor,半导体,all,5d,5日,208
sig_bull_crowd,sum,sig_bull_crowd_sum,看多帖占比 × 情绪（拥挤做多，对照）,ind_ret_5d,1,0,,,,semiconductor,半导体,all,5d,5日,208
sig_bull_fade,sum,sig_bull_fade_sum,仅明显看多帖反转（拥挤做多）,ind_ret_5d,1,0,,,,semiconductor,半导体,all,5d,5日,208
sig_bull_fade,wmean,sig_bull_fade_wmean,仅明显看多帖反转（拥挤做多）,ind_ret_5d,1,0,,,,semiconductor,半导体,all,5d,5日,208
sig_bull_only,sum,sig_bull_only_sum,仅看多情绪 × Influence,ind_ret_5d,1,0,,,,semiconductor,半导体,all,5d,5日,208
sig_bull_only,wmean,sig_bull_only_wmean,仅看多情绪 × Influence,ind_ret_5d,1,0,,,,semiconductor,半导体,all,5d,5日,208
sig_bull_x_eng,sum,sig_bull_x_eng_sum,看多帖 × 互动惊喜（对照）,ind_ret_5d,1,0,,,,semiconductor,半导体,all,5d,5日,208
sig_bull_x_eng,wmean,sig_bull_x_eng_wmean,看多帖 × 互动惊喜（对照）,ind_ret_5d,1,0,,,,semiconductor,半导体,all,5d,5日,208
sig_consensus_contrarian,sum,sig_consensus_contrarian_sum,行业共识情绪反转（|均值|×影响力）,ind_ret_5d,1,0,,,,semiconductor,半导体,all,5d,5日,208
sig_contrarian_orig,sum,sig_contrarian_orig_sum,仅原创帖（非 RT）反转,ind_ret_5d,1,0,,,,semiconductor,半导体,all,5d,5日,208
sig_contrarian_orig,wmean,sig_contrarian_orig_wmean,仅原创帖（非 RT）反转,ind_ret_5d,1,0,,,,semiconductor,半导体,all,5d,5日,208
sig_contrarian,sum,sig_contrarian_sum,−Sentiment × Influence（反转）,ind_ret_5d,1,0,,,,semiconductor,半导体,all,5d,5日,208
sig_contrarian_top3,sum,sig_contrarian_top3_sum,仅Top3 KOL的反转信号（日频 sum）,ind_ret_5d,1,0,,,,semiconductor,半导体,all,5d,5日,208
sig_contrarian_top3,wmean,sig_contrarian_top3_wmean,仅Top3 KOL的反转信号（日频 sum）,ind_ret_5d,1,0,,,,semiconductor,半导体,all,5d,5日,208
sig_contrarian_views,sum,sig_contrarian_views_sum,反转 × log(views),ind_ret_5d,1,0,,,,semiconductor,半导体,all,5d,5日,208
sig_contrarian_views,wmean,sig_contrarian_views_wmean,反转 × log(views),ind_ret_5d,1,0,,,,semiconductor,半导体,all,5d,5日,208
sig_contrarian,wmean,sig_contrarian_wmean,−Sentiment × Influence（反转）,ind_ret_5d,1,0,,,,semiconductor,半导体,all,5d,5日,208
sig_contrarian_x_viral,sum,sig_contrarian_x_viral_sum,反转 × 互动惊喜度（连续加权）,ind_ret_5d,1,0,,,,semiconductor,半导体,all,5d,5日,208
sig_contrarian_x_viral,wmean,sig_contrarian_x_viral_wmean,反转 × 互动惊喜度（连续加权）,ind_ret_5d,1,0,,,,semiconductor,半导体,all,5d,5日,208
sig_disagreement,sum,sig_disagreement_sum,sig_disagreement,ind_ret_5d,1,0,,,,semiconductor,半导体,all,5d,5日,208
sig_dispersion_contrarian,sum,sig_dispersion_contrarian_sum,高分歧日 × 情绪反转,ind_ret_5d,1,0,,,,semiconductor,半导体,all,5d,5日,208
sig_dual_confirm_contra,sum,sig_dual_confirm_contra_sum,看空 + 高互动双重确认反转,ind_ret_5d,1,0,,,,semiconductor,半导体,all,5d,5日,208
sig_dual_confirm_contra,wmean,sig_dual_confirm_contra_wmean,看空 + 高互动双重确认反转,ind_ret_5d,1,0,,,,semiconductor,半导体,all,5d,5日,208
sig_engagement,sum,sig_engagement_sum,情绪 × 相对自身互动惊喜度,ind_ret_5d,1,0,,,,semiconductor,半导体,all,5d,5日,208
sig_engagement,wmean,sig_engagement_wmean,情绪 × 相对自身互动惊喜度,ind_ret_5d,1,0,,,,semiconductor,半导体,all,5d,5日,208
sig_extreme_contrarian,sum,sig_extreme_contrarian_sum,仅极端情绪帖（|s|≥0.2）反转,ind_ret_5d,1,0,,,,semiconductor,半导体,all,5d,5日,208
sig_extreme_contrarian,wmean,sig_extreme_contrarian_wmean,仅极端情绪帖（|s|≥0.2）反转,ind_ret_5d,1,0,,,,semiconductor,半导体,all,5d,5日,208
sig_imbalance_contrarian,sum,sig_imbalance_contrarian_sum,情绪方向 × 影响力反转,ind_ret_5d,1,0,,,,semiconductor,半导体,all,5d,5日,208
sig_imbalance_contrarian,wmean,sig_imbalance_contrarian_wmean,情绪方向 × 影响力反转,ind_ret_5d,1,0,,,,semiconductor,半导体,all,5d,5日,208
sig_kol_breadth_contrarian,sum,sig_kol_breadth_contrarian_sum,参与 KOL 数 × 情绪反转,ind_ret_5d,1,0,,,,semiconductor,半导体,all,5d,5日,208
sig_momentum_daily,sum,sig_momentum_daily_sum,跟随行业情绪动量（非反转）,ind_ret_5d,1,0,,,,semiconductor,半导体,all,5d,5日,208
sig_momentum,sum,sig_momentum_sum,跟随情绪 × 影响力（非反转）,ind_ret_5d,1,0,,,,semiconductor,半导体,all,5d,5日,208
sig_momentum,wmean,sig_momentum_wmean,跟随情绪 × 影响力（非反转）,ind_ret_5d,1,0,,,,semiconductor,半导体,all,5d,5日,208
sig_net_crowd_contrarian,sum,sig_net_crowd_contrarian_sum,(看空占比−看多占比) × 情绪反转,ind_ret_5d,1,0,,,,semiconductor,半导体,all,5d,5日,208
sig_nlp_lex_disagree,sum,sig_nlp_lex_disagree_sum,NLP 与词典情绪不一致时反转,ind_ret_5d,1,0,,,,semiconductor,半导体,all,5d,5日,208
sig_nlp_lex_disagree,wmean,sig_nlp_lex_disagree_wmean,NLP 与词典情绪不一致时反转,ind_ret_5d,1,0,,,,semiconductor,半导体,all,5d,5日,208
sig_nlp_minus_lex,sum,sig_nlp_minus_lex_sum,NLP 与词典差 × 反转,ind_ret_5d,1,0,,,,semiconductor,半导体,all,5d,5日,208
sig_nlp_minus_lex,wmean,sig_nlp_minus_lex_wmean,NLP 与词典差 × 反转,ind_ret_5d,1,0,,,,semiconductor,半导体,all,5d,5日,208
sig_original_post,sum,sig_original_post_sum,非转发帖 × Sentiment × Influence,ind_ret_5d,1,0,,,,semiconductor,半导体,all,5d,5日,208
sig_original_post,wmean,sig_original_post_wmean,非转发帖 × Sentiment × Influence,ind_ret_5d,1,0,,,,semiconductor,半导体,all,5d,5日,208
sig_post_burst_contrarian,sum,sig_post_burst_contrarian_sum,发帖密集日 × 情绪反转,ind_ret_5d,1,0,,,,semiconductor,半导体,all,5d,5日,208
sig_rank1_contrarian,sum,sig_rank1_contrarian_sum,仅行业 #1 KOL 反转,ind_ret_5d,1,0,,,,semiconductor,半导体,all,5d,5日,208
sig_rank1_contrarian,wmean,sig_rank1_contrarian_wmean,仅行业 #1 KOL 反转,ind_ret_5d,1,0,,,,semiconductor,半导体,all,5d,5日,208
sig_rank1_momentum,sum,sig_rank1_momentum_sum,仅行业 #1 KOL 跟随,ind_ret_5d,1,0,,,,semiconductor,半导体,all,5d,5日,208
sig_rank1_momentum,wmean,sig_rank1_momentum_wmean,仅行业 #1 KOL 跟随,ind_ret_5d,1,0,,,,semiconductor,半导体,all,5d,5日,208
sig_rank_weighted,sum,sig_rank_weighted_sum,Sentiment × Influence × Top排名权重,ind_ret_5d,1,0,,,,semiconductor,半导体,all,5d,5日,208
sig_rank_weighted,wmean,sig_rank_weighted_wmean,Sentiment × Influence × Top排名权重,ind_ret_5d,1,0,,,,semiconductor,半导体,all,5d,5日,208
sig_rt_contrarian,sum,sig_rt_contrarian_sum,仅转发帖反转,ind_ret_5d,1,0,,,,semiconductor,半导体,all,5d,5日,208
sig_rt_contrarian,wmean,sig_rt_contrarian_wmean,仅转发帖反转,ind_ret_5d,1,0,,,,semiconductor,半导体,all,5d,5日,208
sig_sentiment_delta_contra,sum,sig_sentiment_delta_contra_sum,情绪突变反转 × 影响力,ind_ret_5d,1,0,,,,semiconductor,半导体,all,5d,5日,208
sig_sentiment_delta,sum,sig_sentiment_delta_sum,情绪相对5日均值突变 × 当日影响力,ind_ret_5d,1,0,,,,semiconductor,半导体,all,5d,5日,208
sig_sentiment_x_likes,sum,sig_sentiment_x_likes_sum,Sentiment × log(1+likes),ind_ret_5d,1,0,,,,semiconductor,半导体,all,5d,5日,208
sig_sentiment_x_likes,wmean,sig_sentiment_x_likes_wmean,Sentiment × log(1+likes),ind_ret_5d,1,0,,,,semiconductor,半导体,all,5d,5日,208
sig_strong_bear_only,sum,sig_strong_bear_only_sum,强看空 (s<-0.2) 反转,ind_ret_5d,1,0,,,,semiconductor,半导体,all,5d,5日,208
sig_strong_bear_only,wmean,sig_strong_bear_only_wmean,强看空 (s<-0.2) 反转,ind_ret_5d,1,0,,,,semiconductor,半导体,all,5d,5日,208
sig_strong_bull_fade,sum,sig_strong_bull_fade_sum,强看多 (s>0.2) 反转,ind_ret_5d,1,0,,,,semiconductor,半导体,all,5d,5日,208
sig_strong_bull_fade,wmean,sig_strong_bull_fade_wmean,强看多 (s>0.2) 反转,ind_ret_5d,1,0,,,,semiconductor,半导体,all,5d,5日,208
sig_surprise_contrarian,sum,sig_surprise_contrarian_sum,相对该 KOL 历史情绪的意外 × 反转,ind_ret_5d,1,0,,,,semiconductor,半导体,all,5d,5日,208
sig_surprise_contrarian,wmean,sig_surprise_contrarian_wmean,相对该 KOL 历史情绪的意外 × 反转,ind_ret_5d,1,0,,,,semiconductor,半导体,all,5d,5日,208
sig_top_rank_only,sum,sig_top_rank_only_sum,仅行业排名前3 KOL,ind_ret_5d,1,0,,,,semiconductor,半导体,all,5d,5日,208
sig_top_rank_only,wmean,sig_top_rank_only_wmean,仅行业排名前3 KOL,ind_ret_5d,1,0,,,,semiconductor,半导体,all,5d,5日,208
sig_unanimity_contrarian,sum,sig_unanimity_contrarian_sum,低分歧时加强反转（一致预期）,ind_ret_5d,1,0,,,,semiconductor,半导体,all,5d,5日,208
sig_views_weighted,sum,sig_views_weighted_sum,情绪 × log(views),ind_ret_5d,1,0,,,,semiconductor,半导体,all,5d,5日,208
sig_views_weighted,wmean,sig_views_weighted_wmean,情绪 × log(views),ind_ret_5d,1,0,,,,semiconductor,半导体,all,5d,5日,208
sig_viral_contrarian,sum,sig_viral_contrarian_sum,高互动惊喜帖才做情绪反转,ind_ret_5d,1,0,,,,semiconductor,半导体,all,5d,5日,208
sig_viral_contrarian,wmean,sig_viral_contrarian_wmean,高互动惊喜帖才做情绪反转,ind_ret_5d,1,0,,,,semiconductor,半导体,all,5d,5日,208
sig_attention_raw,sum,sig_attention_raw_sum,纯 Influence（无情绪）,ind_ret_5d,1,0,,,,unclassified,未分类,all,5d,5日,208
sig_attention_raw,wmean,sig_attention_raw_wmean,纯 Influence（无情绪）,ind_ret_5d,1,0,,,,unclassified,未分类,all,5d,5日,208
sig_attention,sum,sig_attention_sum,Influence × sign(Sentiment),ind_ret_5d,1,0,,,,unclassified,未分类,all,5d,5日,208
sig_attention,wmean,sig_attention_wmean,Influence × sign(Sentiment),ind_ret_5d,1,0,,,,unclassified,未分类,all,5d,5日,208
sig_baseline,sum,sig_baseline_sum,Sentiment × Influence（原版）,ind_ret_5d,1,0,,,,unclassified,未分类,all,5d,5日,208
sig_baseline,wmean,sig_baseline_wmean,Sentiment × Influence（原版）,ind_ret_5d,1,0,,,,unclassified,未分类,all,5d,5日,208
sig_bear_bounce,sum,sig_bear_bounce_sum,仅明显看空帖反转（恐慌反弹）,ind_ret_5d,1,0,,,,unclassified,未分类,all,5d,5日,208
sig_bear_bounce,wmean,sig_bear_bounce_wmean,仅明显看空帖反转（恐慌反弹）,ind_ret_5d,1,0,,,,unclassified,未分类,all,5d,5日,208
sig_bear_crowd_strict,sum,sig_bear_crowd_strict_sum,严格恐慌：bear_ratio>0.5 才 bear_crowd,ind_ret_5d,1,0,,,,unclassified,未分类,all,5d,5日,208
sig_bear_crowd,sum,sig_bear_crowd_sum,看空帖占比 × 情绪反转（恐慌反弹）,ind_ret_5d,1,0,,,,unclassified,未分类,all,5d,5日,208
sig_bear_only,sum,sig_bear_only_sum,仅看空情绪 × Influence,ind_ret_5d,1,0,,,,unclassified,未分类,all,5d,5日,208
sig_bear_only,wmean,sig_bear_only_wmean,仅看空情绪 × Influence,ind_ret_5d,1,0,,,,unclassified,未分类,all,5d,5日,208
sig_bear_x_eng,sum,sig_bear_x_eng_sum,看空帖 × 互动惊喜 × 反转,ind_ret_5d,1,0,,,,unclassified,未分类,all,5d,5日,208
sig_bear_x_eng,wmean,sig_bear_x_eng_wmean,看空帖 × 互动惊喜 × 反转,ind_ret_5d,1,0,,,,unclassified,未分类,all,5d,5日,208
sig_bull_crowd,sum,sig_bull_crowd_sum,看多帖占比 × 情绪（拥挤做多，对照）,ind_ret_5d,1,0,,,,unclassified,未分类,all,5d,5日,208
sig_bull_fade,sum,sig_bull_fade_sum,仅明显看多帖反转（拥挤做多）,ind_ret_5d,1,0,,,,unclassified,未分类,all,5d,5日,208
sig_bull_fade,wmean,sig_bull_fade_wmean,仅明显看多帖反转（拥挤做多）,ind_ret_5d,1,0,,,,unclassified,未分类,all,5d,5日,208
sig_bull_only,sum,sig_bull_only_sum,仅看多情绪 × Influence,ind_ret_5d,1,0,,,,unclassified,未分类,all,5d,5日,208
sig_bull_only,wmean,sig_bull_only_wmean,仅看多情绪 × Influence,ind_ret_5d,1,0,,,,unclassified,未分类,all,5d,5日,208
sig_bull_x_eng,sum,sig_bull_x_eng_sum,看多帖 × 互动惊喜（对照）,ind_ret_5d,1,0,,,,unclassified,未分类,all,5d,5日,208
sig_bull_x_eng,wmean,sig_bull_x_eng_wmean,看多帖 × 互动惊喜（对照）,ind_ret_5d,1,0,,,,unclassified,未分类,all,5d,5日,208
sig_consensus_contrarian,sum,sig_consensus_contrarian_sum,行业共识情绪反转（|均值|×影响力）,ind_ret_5d,1,0,,,,unclassified,未分类,all,5d,5日,208
sig_contrarian_orig,sum,sig_contrarian_orig_sum,仅原创帖（非 RT）反转,ind_ret_5d,1,0,,,,unclassified,未分类,all,5d,5日,208
sig_contrarian_orig,wmean,sig_contrarian_orig_wmean,仅原创帖（非 RT）反转,ind_ret_5d,1,0,,,,unclassified,未分类,all,5d,5日,208
sig_contrarian,sum,sig_contrarian_sum,−Sentiment × Influence（反转）,ind_ret_5d,1,0,,,,unclassified,未分类,all,5d,5日,208
sig_contrarian_top3,sum,sig_contrarian_top3_sum,仅Top3 KOL的反转信号（日频 sum）,ind_ret_5d,1,0,,,,unclassified,未分类,all,5d,5日,208
sig_contrarian_top3,wmean,sig_contrarian_top3_wmean,仅Top3 KOL的反转信号（日频 sum）,ind_ret_5d,1,0,,,,unclassified,未分类,all,5d,5日,208
sig_contrarian_views,sum,sig_contrarian_views_sum,反转 × log(views),ind_ret_5d,1,0,,,,unclassified,未分类,all,5d,5日,208
sig_contrarian_views,wmean,sig_contrarian_views_wmean,反转 × log(views),ind_ret_5d,1,0,,,,unclassified,未分类,all,5d,5日,208
sig_contrarian,wmean,sig_contrarian_wmean,−Sentiment × Influence（反转）,ind_ret_5d,1,0,,,,unclassified,未分类,all,5d,5日,208
sig_contrarian_x_viral,sum,sig_contrarian_x_viral_sum,反转 × 互动惊喜度（连续加权）,ind_ret_5d,1,0,,,,unclassified,未分类,all,5d,5日,208
sig_contrarian_x_viral,wmean,sig_contrarian_x_viral_wmean,反转 × 互动惊喜度（连续加权）,ind_ret_5d,1,0,,,,unclassified,未分类,all,5d,5日,208
sig_disagreement,sum,sig_disagreement_sum,sig_disagreement,ind_ret_5d,1,0,,,,unclassified,未分类,all,5d,5日,208
sig_dispersion_contrarian,sum,sig_dispersion_contrarian_sum,高分歧日 × 情绪反转,ind_ret_5d,1,0,,,,unclassified,未分类,all,5d,5日,208
sig_dual_confirm_contra,sum,sig_dual_confirm_contra_sum,看空 + 高互动双重确认反转,ind_ret_5d,1,0,,,,unclassified,未分类,all,5d,5日,208
sig_dual_confirm_contra,wmean,sig_dual_confirm_contra_wmean,看空 + 高互动双重确认反转,ind_ret_5d,1,0,,,,unclassified,未分类,all,5d,5日,208
sig_engagement,sum,sig_engagement_sum,情绪 × 相对自身互动惊喜度,ind_ret_5d,1,0,,,,unclassified,未分类,all,5d,5日,208
sig_engagement,wmean,sig_engagement_wmean,情绪 × 相对自身互动惊喜度,ind_ret_5d,1,0,,,,unclassified,未分类,all,5d,5日,208
sig_extreme_contrarian,sum,sig_extreme_contrarian_sum,仅极端情绪帖（|s|≥0.2）反转,ind_ret_5d,1,0,,,,unclassified,未分类,all,5d,5日,208
sig_extreme_contrarian,wmean,sig_extreme_contrarian_wmean,仅极端情绪帖（|s|≥0.2）反转,ind_ret_5d,1,0,,,,unclassified,未分类,all,5d,5日,208
sig_imbalance_contrarian,sum,sig_imbalance_contrarian_sum,情绪方向 × 影响力反转,ind_ret_5d,1,0,,,,unclassified,未分类,all,5d,5日,208
sig_imbalance_contrarian,wmean,sig_imbalance_contrarian_wmean,情绪方向 × 影响力反转,ind_ret_5d,1,0,,,,unclassified,未分类,all,5d,5日,208
sig_kol_breadth_contrarian,sum,sig_kol_breadth_contrarian_sum,参与 KOL 数 × 情绪反转,ind_ret_5d,1,0,,,,unclassified,未分类,all,5d,5日,208
sig_momentum_daily,sum,sig_momentum_daily_sum,跟随行业情绪动量（非反转）,ind_ret_5d,1,0,,,,unclassified,未分类,all,5d,5日,208
sig_momentum,sum,sig_momentum_sum,跟随情绪 × 影响力（非反转）,ind_ret_5d,1,0,,,,unclassified,未分类,all,5d,5日,208
sig_momentum,wmean,sig_momentum_wmean,跟随情绪 × 影响力（非反转）,ind_ret_5d,1,0,,,,unclassified,未分类,all,5d,5日,208
sig_net_crowd_contrarian,sum,sig_net_crowd_contrarian_sum,(看空占比−看多占比) × 情绪反转,ind_ret_5d,1,0,,,,unclassified,未分类,all,5d,5日,208
sig_nlp_lex_disagree,sum,sig_nlp_lex_disagree_sum,NLP 与词典情绪不一致时反转,ind_ret_5d,1,0,,,,unclassified,未分类,all,5d,5日,208
sig_nlp_lex_disagree,wmean,sig_nlp_lex_disagree_wmean,NLP 与词典情绪不一致时反转,ind_ret_5d,1,0,,,,unclassified,未分类,all,5d,5日,208
sig_nlp_minus_lex,sum,sig_nlp_minus_lex_sum,NLP 与词典差 × 反转,ind_ret_5d,1,0,,,,unclassified,未分类,all,5d,5日,208
sig_nlp_minus_lex,wmean,sig_nlp_minus_lex_wmean,NLP 与词典差 × 反转,ind_ret_5d,1,0,,,,unclassified,未分类,all,5d,5日,208
sig_original_post,sum,sig_original_post_sum,非转发帖 × Sentiment × Influence,ind_ret_5d,1,0,,,,unclassified,未分类,all,5d,5日,208
sig_original_post,wmean,sig_original_post_wmean,非转发帖 × Sentiment × Influence,ind_ret_5d,1,0,,,,unclassified,未分类,all,5d,5日,208
sig_post_burst_contrarian,sum,sig_post_burst_contrarian_sum,发帖密集日 × 情绪反转,ind_ret_5d,1,0,,,,unclassified,未分类,all,5d,5日,208
sig_rank1_contrarian,sum,sig_rank1_contrarian_sum,仅行业 #1 KOL 反转,ind_ret_5d,1,0,,,,unclassified,未分类,all,5d,5日,208
sig_rank1_contrarian,wmean,sig_rank1_contrarian_wmean,仅行业 #1 KOL 反转,ind_ret_5d,1,0,,,,unclassified,未分类,all,5d,5日,208
sig_rank1_momentum,sum,sig_rank1_momentum_sum,仅行业 #1 KOL 跟随,ind_ret_5d,1,0,,,,unclassified,未分类,all,5d,5日,208
sig_rank1_momentum,wmean,sig_rank1_momentum_wmean,仅行业 #1 KOL 跟随,ind_ret_5d,1,0,,,,unclassified,未分类,all,5d,5日,208
sig_rank_weighted,sum,sig_rank_weighted_sum,Sentiment × Influence × Top排名权重,ind_ret_5d,1,0,,,,unclassified,未分类,all,5d,5日,208
sig_rank_weighted,wmean,sig_rank_weighted_wmean,Sentiment × Influence × Top排名权重,ind_ret_5d,1,0,,,,unclassified,未分类,all,5d,5日,208
sig_rt_contrarian,sum,sig_rt_contrarian_sum,仅转发帖反转,ind_ret_5d,1,0,,,,unclassified,未分类,all,5d,5日,208
sig_rt_contrarian,wmean,sig_rt_contrarian_wmean,仅转发帖反转,ind_ret_5d,1,0,,,,unclassified,未分类,all,5d,5日,208
sig_sentiment_delta_contra,sum,sig_sentiment_delta_contra_sum,情绪突变反转 × 影响力,ind_ret_5d,1,0,,,,unclassified,未分类,all,5d,5日,208
sig_sentiment_delta,sum,sig_sentiment_delta_sum,情绪相对5日均值突变 × 当日影响力,ind_ret_5d,1,0,,,,unclassified,未分类,all,5d,5日,208
sig_sentiment_x_likes,sum,sig_sentiment_x_likes_sum,Sentiment × log(1+likes),ind_ret_5d,1,0,,,,unclassified,未分类,all,5d,5日,208
sig_sentiment_x_likes,wmean,sig_sentiment_x_likes_wmean,Sentiment × log(1+likes),ind_ret_5d,1,0,,,,unclassified,未分类,all,5d,5日,208
sig_strong_bear_only,sum,sig_strong_bear_only_sum,强看空 (s<-0.2) 反转,ind_ret_5d,1,0,,,,unclassified,未分类,all,5d,5日,208
sig_strong_bear_only,wmean,sig_strong_bear_only_wmean,强看空 (s<-0.2) 反转,ind_ret_5d,1,0,,,,unclassified,未分类,all,5d,5日,208
sig_strong_bull_fade,sum,sig_strong_bull_fade_sum,强看多 (s>0.2) 反转,ind_ret_5d,1,0,,,,unclassified,未分类,all,5d,5日,208
sig_strong_bull_fade,wmean,sig_strong_bull_fade_wmean,强看多 (s>0.2) 反转,ind_ret_5d,1,0,,,,unclassified,未分类,all,5d,5日,208
sig_surprise_contrarian,sum,sig_surprise_contrarian_sum,相对该 KOL 历史情绪的意外 × 反转,ind_ret_5d,1,0,,,,unclassified,未分类,all,5d,5日,208
sig_surprise_contrarian,wmean,sig_surprise_contrarian_wmean,相对该 KOL 历史情绪的意外 × 反转,ind_ret_5d,1,0,,,,unclassified,未分类,all,5d,5日,208
sig_top_rank_only,sum,sig_top_rank_only_sum,仅行业排名前3 KOL,ind_ret_5d,1,0,,,,unclassified,未分类,all,5d,5日,208
sig_top_rank_only,wmean,sig_top_rank_only_wmean,仅行业排名前3 KOL,ind_ret_5d,1,0,,,,unclassified,未分类,all,5d,5日,208
sig_unanimity_contrarian,sum,sig_unanimity_contrarian_sum,低分歧时加强反转（一致预期）,ind_ret_5d,1,0,,,,unclassified,未分类,all,5d,5日,208
sig_views_weighted,sum,sig_views_weighted_sum,情绪 × log(views),ind_ret_5d,1,0,,,,unclassified,未分类,all,5d,5日,208
sig_views_weighted,wmean,sig_views_weighted_wmean,情绪 × log(views),ind_ret_5d,1,0,,,,unclassified,未分类,all,5d,5日,208
sig_viral_contrarian,sum,sig_viral_contrarian_sum,高互动惊喜帖才做情绪反转,ind_ret_5d,1,0,,,,unclassified,未分类,all,5d,5日,208
sig_viral_contrarian,wmean,sig_viral_contrarian_wmean,高互动惊喜帖才做情绪反转,ind_ret_5d,1,0,,,,unclassified,未分类,all,5d,5日,208
sig_extreme_contrarian,sum,sig_extreme_contrarian_sum,仅极端情绪帖（|s|≥0.2）反转,ind_ret_20d,1,14,0.6486,0.050084,0.041682,ai_tech,AI / 大模型,all,20d,20日,46
sig_post_burst_contrarian,sum,sig_post_burst_contrarian_sum,发帖密集日 × 情绪反转,ind_ret_20d,1,14,0.6355,0.041465,-0.093844,ai_tech,AI / 大模型,all,20d,20日,46
sig_strong_bull_fade,sum,sig_strong_bull_fade_sum,强看多 (s>0.2) 反转,ind_ret_20d,1,14,0.6234,0.045238,-0.675244,ai_tech,AI / 大模型,all,20d,20日,46
sig_bull_fade,sum,sig_bull_fade_sum,仅明显看多帖反转（拥挤做多）,ind_ret_20d,1,14,0.6034,0.039116,-0.855929,ai_tech,AI / 大模型,all,20d,20日,46
sig_contrarian_orig,sum,sig_contrarian_orig_sum,仅原创帖（非 RT）反转,ind_ret_20d,1,14,0.5813,0.041465,-0.218947,ai_tech,AI / 大模型,all,20d,20日,46
sig_dispersion_contrarian,sum,sig_dispersion_contrarian_sum,高分歧日 × 情绪反转,ind_ret_20d,1,14,0.5781,0.048158,-0.046909,ai_tech,AI / 大模型,all,20d,20日,46
sig_contrarian,sum,sig_contrarian_sum,−Sentiment × Influence（反转）,ind_ret_20d,1,14,0.577,0.041465,-0.093844,ai_tech,AI / 大模型,all,20d,20日,46
sig_nlp_minus_lex,sum,sig_nlp_minus_lex_sum,NLP 与词典差 × 反转,ind_ret_20d,1,14,0.577,0.041465,-0.093844,ai_tech,AI / 大模型,all,20d,20日,46
sig_surprise_contrarian,sum,sig_surprise_contrarian_sum,相对该 KOL 历史情绪的意外 × 反转,ind_ret_20d,1,14,0.5593,0.041465,-0.093844,ai_tech,AI / 大模型,all,20d,20日,46
sig_contrarian_views,sum,sig_contrarian_views_sum,反转 × log(views),ind_ret_20d,1,14,0.559,0.026506,-0.218947,ai_tech,AI / 大模型,all,20d,20日,46
sig_imbalance_contrarian,sum,sig_imbalance_contrarian_sum,情绪方向 × 影响力反转,ind_ret_20d,1,14,0.5561,0.040391,-1.777902,ai_tech,AI / 大模型,all,20d,20日,46
sig_sentiment_delta_contra,sum,sig_sentiment_delta_contra_sum,情绪突变反转 × 影响力,ind_ret_20d,1,12,0.5434,0.041465,-0.166333,ai_tech,AI / 大模型,all,20d,20日,46
sig_kol_breadth_contrarian,sum,sig_kol_breadth_contrarian_sum,参与 KOL 数 × 情绪反转,ind_ret_20d,1,14,0.4954,0.026506,-0.093844,ai_tech,AI / 大模型,all,20d,20日,46
sig_consensus_contrarian,sum,sig_consensus_contrarian_sum,行业共识情绪反转（|均值|×影响力）,ind_ret_20d,1,14,0.4942,0.026506,-0.093844,ai_tech,AI / 大模型,all,20d,20日,46
sig_bear_crowd,sum,sig_bear_crowd_sum,看空帖占比 × 情绪反转（恐慌反弹）,ind_ret_20d,1,14,0.4867,0.016174,0.439142,ai_tech,AI / 大模型,all,20d,20日,46
sig_contrarian_x_viral,sum,sig_contrarian_x_viral_sum,反转 × 互动惊喜度（连续加权）,ind_ret_20d,1,14,0.4813,0.019119,0.091345,ai_tech,AI / 大模型,all,20d,20日,46
sig_strong_bull_fade,wmean,sig_strong_bull_fade_wmean,强看多 (s>0.2) 反转,ind_ret_20d,1,14,0.4224,0.015319,-0.675244,ai_tech,AI / 大模型,all,20d,20日,46
sig_extreme_contrarian,wmean,sig_extreme_contrarian_wmean,仅极端情绪帖（|s|≥0.2）反转,ind_ret_20d,1,14,0.3994,0.011546,0.041682,ai_tech,AI / 大模型,all,20d,20日,46
sig_bull_fade,wmean,sig_bull_fade_wmean,仅明显看多帖反转（拥挤做多）,ind_ret_20d,1,14,0.3879,0.024156,-0.855929,ai_tech,AI / 大模型,all,20d,20日,46
sig_contrarian_x_viral,wmean,sig_contrarian_x_viral_wmean,反转 × 互动惊喜度（连续加权）,ind_ret_20d,1,14,0.3281,0.026506,0.091345,ai_tech,AI / 大模型,all,20d,20日,46
sig_contrarian_views,wmean,sig_contrarian_views_wmean,反转 × log(views),ind_ret_20d,1,14,0.3087,0.011546,-0.218947,ai_tech,AI / 大模型,all,20d,20日,46
sig_imbalance_contrarian,wmean,sig_imbalance_contrarian_wmean,情绪方向 × 影响力反转,ind_ret_20d,1,14,0.3018,0.041623,-1.777902,ai_tech,AI / 大模型,all,20d,20日,46
sig_contrarian_orig,wmean,sig_contrarian_orig_wmean,仅原创帖（非 RT）反转,ind_ret_20d,1,14,0.2936,0.011546,-0.218947,ai_tech,AI / 大模型,all,20d,20日,46
sig_nlp_minus_lex,wmean,sig_nlp_minus_lex_wmean,NLP 与词典差 × 反转,ind_ret_20d,1,14,0.2888,0.011546,-0.093844,ai_tech,AI / 大模型,all,20d,20日,46
sig_contrarian,wmean,sig_contrarian_wmean,−Sentiment × Influence（反转）,ind_ret_20d,1,14,0.2888,0.011546,-0.093844,ai_tech,AI / 大模型,all,20d,20日,46
sig_viral_contrarian,wmean,sig_viral_contrarian_wmean,高互动惊喜帖才做情绪反转,ind_ret_20d,1,14,0.2872,0.002702,0.288995,ai_tech,AI / 大模型,all,20d,20日,46
sig_unanimity_contrarian,sum,sig_unanimity_contrarian_sum,低分歧时加强反转（一致预期）,ind_ret_20d,1,14,0.2707,0.011546,-0.093844,ai_tech,AI / 大模型,all,20d,20日,46
sig_viral_contrarian,sum,sig_viral_contrarian_sum,高互动惊喜帖才做情绪反转,ind_ret_20d,1,14,0.254,0.002702,0.288995,ai_tech,AI / 大模型,all,20d,20日,46
sig_strong_bear_only,wmean,sig_strong_bear_only_wmean,强看空 (s<-0.2) 反转,ind_ret_20d,1,14,0.2258,0.008948,0.902115,ai_tech,AI / 大模型,all,20d,20日,46
sig_surprise_contrarian,wmean,sig_surprise_contrarian_wmean,相对该 KOL 历史情绪的意外 × 反转,ind_ret_20d,1,14,0.2103,0.011546,-0.093844,ai_tech,AI / 大模型,all,20d,20日,46
sig_bear_crowd_strict,sum,sig_bear_crowd_strict_sum,严格恐慌：bear_ratio>0.5 才 bear_crowd,ind_ret_20d,1,14,0.18,0.009894,0.53624,ai_tech,AI / 大模型,all,20d,20日,46
sig_strong_bear_only,sum,sig_strong_bear_only_sum,强看空 (s<-0.2) 反转,ind_ret_20d,1,14,0.1439,0.009439,0.902115,ai_tech,AI / 大模型,all,20d,20日,46
sig_bear_bounce,wmean,sig_bear_bounce_wmean,仅明显看空帖反转（恐慌反弹）,ind_ret_20d,1,14,0.1398,0.003528,0.994709,ai_tech,AI / 大模型,all,20d,20日,46
sig_bear_only,sum,sig_bear_only_sum,仅看空情绪 × Influence,ind_ret_20d,1,14,0.0877,-0.002934,-1.119813,ai_tech,AI / 大模型,all,20d,20日,46
sig_dual_confirm_contra,wmean,sig_dual_confirm_contra_wmean,看空 + 高互动双重确认反转,ind_ret_20d,1,14,0.086,-0.011826,0.474184,ai_tech,AI / 大模型,all,20d,20日,46
sig_bear_x_eng,wmean,sig_bear_x_eng_wmean,看空帖 × 互动惊喜 × 反转,ind_ret_20d,1,14,0.0398,0.003528,0.994709,ai_tech,AI / 大模型,all,20d,20日,46
sig_rt_contrarian,wmean,sig_rt_contrarian_wmean,仅转发帖反转,ind_ret_20d,1,14,-0.0191,-0.000145,0.125103,ai_tech,AI / 大模型,all,20d,20日,46
sig_rt_contrarian,sum,sig_rt_contrarian_sum,仅转发帖反转,ind_ret_20d,1,14,-0.0191,-0.000145,0.125103,ai_tech,AI / 大模型,all,20d,20日,46
sig_attention_raw,wmean,sig_attention_raw_wmean,纯 Influence（无情绪）,ind_ret_20d,1,14,-0.0353,0.003087,1.777902,ai_tech,AI / 大模型,all,20d,20日,46
sig_attention,wmean,sig_attention_wmean,Influence × sign(Sentiment),ind_ret_20d,1,14,-0.0471,0.009105,0.08934,ai_tech,AI / 大模型,all,20d,20日,46
sig_dual_confirm_contra,sum,sig_dual_confirm_contra_sum,看空 + 高互动双重确认反转,ind_ret_20d,1,14,-0.0702,-0.011826,0.474184,ai_tech,AI / 大模型,all,20d,20日,46
sig_bear_bounce,sum,sig_bear_bounce_sum,仅明显看空帖反转（恐慌反弹）,ind_ret_20d,1,14,-0.0724,0.004019,0.994709,ai_tech,AI / 大模型,all,20d,20日,46
sig_bear_only,wmean,sig_bear_only_wmean,仅看空情绪 × Influence,ind_ret_20d,1,14,-0.1375,-0.002442,-1.119813,ai_tech,AI / 大模型,all,20d,20日,46
sig_net_crowd_contrarian,sum,sig_net_crowd_contrarian_sum,(看空占比−看多占比) × 情绪反转,ind_ret_20d,1,14,-0.1732,-0.014116,1.271322,ai_tech,AI / 大模型,all,20d,20日,46
sig_attention,sum,sig_attention_sum,Influence × sign(Sentiment),ind_ret_20d,1,14,-0.1878,-0.007155,0.08934,ai_tech,AI / 大模型,all,20d,20日,46
sig_bear_x_eng,sum,sig_bear_x_eng_sum,看空帖 × 互动惊喜 × 反转,ind_ret_20d,1,14,-0.2108,-0.011986,0.994709,ai_tech,AI / 大模型,all,20d,20日,46
sig_momentum,wmean,sig_momentum_wmean,跟随情绪 × 影响力（非反转）,ind_ret_20d,1,14,-0.2888,-0.011546,0.093844,ai_tech,AI / 大模型,all,20d,20日,46
sig_baseline,wmean,sig_baseline_wmean,Sentiment × Influence（原版）,ind_ret_20d,1,14,-0.2888,-0.011546,0.093844,ai_tech,AI / 大模型,all,20d,20日,46
sig_rank_weighted,wmean,sig_rank_weighted_wmean,Sentiment × Influence × Top排名权重,ind_ret_20d,1,14,-0.2888,-0.011546,0.093844,ai_tech,AI / 大模型,all,20d,20日,46
sig_original_post,wmean,sig_original_post_wmean,非转发帖 × Sentiment × Influence,ind_ret_20d,1,14,-0.2936,-0.011546,0.218947,ai_tech,AI / 大模型,all,20d,20日,46
sig_views_weighted,wmean,sig_views_weighted_wmean,情绪 × log(views),ind_ret_20d,1,14,-0.3087,-0.011546,0.218947,ai_tech,AI / 大模型,all,20d,20日,46
sig_engagement,wmean,sig_engagement_wmean,情绪 × 相对自身互动惊喜度,ind_ret_20d,1,14,-0.3362,-0.026506,0.033758,ai_tech,AI / 大模型,all,20d,20日,46
sig_sentiment_x_likes,wmean,sig_sentiment_x_likes_wmean,Sentiment × log(1+likes),ind_ret_20d,1,14,-0.3391,-0.026506,0.033758,ai_tech,AI / 大模型,all,20d,20日,46
sig_bull_only,wmean,sig_bull_only_wmean,仅看多情绪 × Influence,ind_ret_20d,1,14,-0.3467,-0.024715,1.116558,ai_tech,AI / 大模型,all,20d,20日,46
sig_bull_x_eng,wmean,sig_bull_x_eng_wmean,看多帖 × 互动惊喜（对照）,ind_ret_20d,1,14,-0.3665,-0.020703,1.008362,ai_tech,AI / 大模型,all,20d,20日,46
sig_disagreement,sum,sig_disagreement_sum,sig_disagreement,ind_ret_20d,1,14,-0.4657,-0.020889,0.693848,ai_tech,AI / 大模型,all,20d,20日,46
sig_engagement,sum,sig_engagement_sum,情绪 × 相对自身互动惊喜度,ind_ret_20d,1,14,-0.4756,-0.019119,0.033758,ai_tech,AI / 大模型,all,20d,20日,46
sig_sentiment_x_likes,sum,sig_sentiment_x_likes_sum,Sentiment × log(1+likes),ind_ret_20d,1,14,-0.4798,-0.019119,0.033758,ai_tech,AI / 大模型,all,20d,20日,46
sig_attention_raw,sum,sig_attention_raw_sum,纯 Influence（无情绪）,ind_ret_20d,1,14,-0.5094,-0.015256,1.777902,ai_tech,AI / 大模型,all,20d,20日,46
sig_bull_x_eng,sum,sig_bull_x_eng_sum,看多帖 × 互动惊喜（对照）,ind_ret_20d,1,14,-0.5187,-0.035662,1.008362,ai_tech,AI / 大模型,all,20d,20日,46
sig_sentiment_delta,sum,sig_sentiment_delta_sum,情绪相对5日均值突变 × 当日影响力,ind_ret_20d,1,12,-0.5434,-0.041465,0.166333,ai_tech,AI / 大模型,all,20d,20日,46
sig_bull_crowd,sum,sig_bull_crowd_sum,看多帖占比 × 情绪（拥挤做多，对照）,ind_ret_20d,1,14,-0.5566,-0.028192,0.646991,ai_tech,AI / 大模型,all,20d,20日,46
sig_views_weighted,sum,sig_views_weighted_sum,情绪 × log(views),ind_ret_20d,1,14,-0.559,-0.026506,0.218947,ai_tech,AI / 大模型,all,20d,20日,46
sig_rank_weighted,sum,sig_rank_weighted_sum,Sentiment × Influence × Top排名权重,ind_ret_20d,1,14,-0.577,-0.041465,0.093844,ai_tech,AI / 大模型,all,20d,20日,46
sig_momentum,sum,sig_momentum_sum,跟随情绪 × 影响力（非反转）,ind_ret_20d,1,14,-0.577,-0.041465,0.093844,ai_tech,AI / 大模型,all,20d,20日,46
sig_baseline,sum,sig_baseline_sum,Sentiment × Influence（原版）,ind_ret_20d,1,14,-0.577,-0.041465,0.093844,ai_tech,AI / 大模型,all,20d,20日,46
sig_momentum_daily,sum,sig_momentum_daily_sum,跟随行业情绪动量（非反转）,ind_ret_20d,1,14,-0.5782,-0.041465,0.093844,ai_tech,AI / 大模型,all,20d,20日,46
sig_original_post,sum,sig_original_post_sum,非转发帖 × Sentiment × Influence,ind_ret_20d,1,14,-0.5813,-0.041465,0.218947,ai_tech,AI / 大模型,all,20d,20日,46
sig_bull_only,sum,sig_bull_only_sum,仅看多情绪 × Influence,ind_ret_20d,1,14,-0.5956,-0.039674,1.116558,ai_tech,AI / 大模型,all,20d,20日,46
sig_contrarian_top3,sum,sig_contrarian_top3_sum,仅Top3 KOL的反转信号（日频 sum）,ind_ret_20d,1,14,,,,ai_tech,AI / 大模型,all,20d,20日,46
sig_contrarian_top3,wmean,sig_contrarian_top3_wmean,仅Top3 KOL的反转信号（日频 sum）,ind_ret_20d,1,14,,,,ai_tech,AI / 大模型,all,20d,20日,46
sig_nlp_lex_disagree,sum,sig_nlp_lex_disagree_sum,NLP 与词典情绪不一致时反转,ind_ret_20d,1,14,,,,ai_tech,AI / 大模型,all,20d,20日,46
sig_nlp_lex_disagree,wmean,sig_nlp_lex_disagree_wmean,NLP 与词典情绪不一致时反转,ind_ret_20d,1,14,,,,ai_tech,AI / 大模型,all,20d,20日,46
sig_rank1_contrarian,sum,sig_rank1_contrarian_sum,仅行业 #1 KOL 反转,ind_ret_20d,1,14,,,,ai_tech,AI / 大模型,all,20d,20日,46
sig_rank1_contrarian,wmean,sig_rank1_contrarian_wmean,仅行业 #1 KOL 反转,ind_ret_20d,1,14,,,,ai_tech,AI / 大模型,all,20d,20日,46
sig_rank1_momentum,sum,sig_rank1_momentum_sum,仅行业 #1 KOL 跟随,ind_ret_20d,1,14,,,,ai_tech,AI / 大模型,all,20d,20日,46
sig_rank1_momentum,wmean,sig_rank1_momentum_wmean,仅行业 #1 KOL 跟随,ind_ret_20d,1,14,,,,ai_tech,AI / 大模型,all,20d,20日,46
sig_top_rank_only,sum,sig_top_rank_only_sum,仅行业排名前3 KOL,ind_ret_20d,1,14,,,,ai_tech,AI / 大模型,all,20d,20日,46
sig_top_rank_only,wmean,sig_top_rank_only_wmean,仅行业排名前3 KOL,ind_ret_20d,1,14,,,,ai_tech,AI / 大模型,all,20d,20日,46
sig_imbalance_contrarian,wmean,sig_imbalance_contrarian_wmean,情绪方向 × 影响力反转,ind_ret_20d,1,7,0.5032,,,ai_tools,AI 工具 / Agent,all,20d,20日,46
sig_imbalance_contrarian,sum,sig_imbalance_contrarian_sum,情绪方向 × 影响力反转,ind_ret_20d,1,7,0.5032,,,ai_tools,AI 工具 / Agent,all,20d,20日,46
sig_sentiment_delta_contra,sum,sig_sentiment_delta_contra_sum,情绪突变反转 × 影响力,ind_ret_20d,1,5,0.4508,,,ai_tools,AI 工具 / Agent,all,20d,20日,46
sig_consensus_contrarian,sum,sig_consensus_contrarian_sum,行业共识情绪反转（|均值|×影响力）,ind_ret_20d,1,7,0.3959,,,ai_tools,AI 工具 / Agent,all,20d,20日,46
sig_bull_fade,sum,sig_bull_fade_sum,仅明显看多帖反转（拥挤做多）,ind_ret_20d,1,7,0.3661,,,ai_tools,AI 工具 / Agent,all,20d,20日,46
sig_strong_bull_fade,wmean,sig_strong_bull_fade_wmean,强看多 (s>0.2) 反转,ind_ret_20d,1,7,0.3661,,,ai_tools,AI 工具 / Agent,all,20d,20日,46
sig_strong_bull_fade,sum,sig_strong_bull_fade_sum,强看多 (s>0.2) 反转,ind_ret_20d,1,7,0.3661,,,ai_tools,AI 工具 / Agent,all,20d,20日,46
sig_bull_fade,wmean,sig_bull_fade_wmean,仅明显看多帖反转（拥挤做多）,ind_ret_20d,1,7,0.3661,,,ai_tools,AI 工具 / Agent,all,20d,20日,46
sig_surprise_contrarian,wmean,sig_surprise_contrarian_wmean,相对该 KOL 历史情绪的意外 × 反转,ind_ret_20d,1,7,0.3617,,,ai_tools,AI 工具 / Agent,all,20d,20日,46
sig_surprise_contrarian,sum,sig_surprise_contrarian_sum,相对该 KOL 历史情绪的意外 × 反转,ind_ret_20d,1,7,0.3617,,,ai_tools,AI 工具 / Agent,all,20d,20日,46
sig_extreme_contrarian,wmean,sig_extreme_contrarian_wmean,仅极端情绪帖（|s|≥0.2）反转,ind_ret_20d,1,7,0.2832,,,ai_tools,AI 工具 / Agent,all,20d,20日,46
sig_extreme_contrarian,sum,sig_extreme_contrarian_sum,仅极端情绪帖（|s|≥0.2）反转,ind_ret_20d,1,7,0.2832,,,ai_tools,AI 工具 / Agent,all,20d,20日,46
sig_bear_only,wmean,sig_bear_only_wmean,仅看空情绪 × Influence,ind_ret_20d,1,7,0.2687,,,ai_tools,AI 工具 / Agent,all,20d,20日,46
sig_bear_only,sum,sig_bear_only_sum,仅看空情绪 × Influence,ind_ret_20d,1,7,0.2687,,,ai_tools,AI 工具 / Agent,all,20d,20日,46
sig_post_burst_contrarian,sum,sig_post_burst_contrarian_sum,发帖密集日 × 情绪反转,ind_ret_20d,1,7,0.2614,,,ai_tools,AI 工具 / Agent,all,20d,20日,46
sig_unanimity_contrarian,sum,sig_unanimity_contrarian_sum,低分歧时加强反转（一致预期）,ind_ret_20d,1,7,0.2614,,,ai_tools,AI 工具 / Agent,all,20d,20日,46
sig_kol_breadth_contrarian,sum,sig_kol_breadth_contrarian_sum,参与 KOL 数 × 情绪反转,ind_ret_20d,1,7,0.2614,,,ai_tools,AI 工具 / Agent,all,20d,20日,46
sig_contrarian,wmean,sig_contrarian_wmean,−Sentiment × Influence（反转）,ind_ret_20d,1,7,0.2614,,,ai_tools,AI 工具 / Agent,all,20d,20日,46
sig_contrarian_top3,wmean,sig_contrarian_top3_wmean,仅Top3 KOL的反转信号（日频 sum）,ind_ret_20d,1,7,0.2614,,,ai_tools,AI 工具 / Agent,all,20d,20日,46
sig_contrarian_top3,sum,sig_contrarian_top3_sum,仅Top3 KOL的反转信号（日频 sum）,ind_ret_20d,1,7,0.2614,,,ai_tools,AI 工具 / Agent,all,20d,20日,46
sig_contrarian,sum,sig_contrarian_sum,−Sentiment × Influence（反转）,ind_ret_20d,1,7,0.2614,,,ai_tools,AI 工具 / Agent,all,20d,20日,46
sig_nlp_minus_lex,wmean,sig_nlp_minus_lex_wmean,NLP 与词典差 × 反转,ind_ret_20d,1,7,0.2614,,,ai_tools,AI 工具 / Agent,all,20d,20日,46
sig_nlp_minus_lex,sum,sig_nlp_minus_lex_sum,NLP 与词典差 × 反转,ind_ret_20d,1,7,0.2614,,,ai_tools,AI 工具 / Agent,all,20d,20日,46
sig_contrarian_orig,wmean,sig_contrarian_orig_wmean,仅原创帖（非 RT）反转,ind_ret_20d,1,7,0.1867,,,ai_tools,AI 工具 / Agent,all,20d,20日,46
sig_contrarian_orig,sum,sig_contrarian_orig_sum,仅原创帖（非 RT）反转,ind_ret_20d,1,7,0.1867,,,ai_tools,AI 工具 / Agent,all,20d,20日,46
sig_rt_contrarian,wmean,sig_rt_contrarian_wmean,仅转发帖反转,ind_ret_20d,1,7,0.1539,,,ai_tools,AI 工具 / Agent,all,20d,20日,46
sig_rt_contrarian,sum,sig_rt_contrarian_sum,仅转发帖反转,ind_ret_20d,1,7,0.1539,,,ai_tools,AI 工具 / Agent,all,20d,20日,46
sig_contrarian_views,sum,sig_contrarian_views_sum,反转 × log(views),ind_ret_20d,1,7,0.1236,,,ai_tools,AI 工具 / Agent,all,20d,20日,46
sig_contrarian_views,wmean,sig_contrarian_views_wmean,反转 × log(views),ind_ret_20d,1,7,0.1236,,,ai_tools,AI 工具 / Agent,all,20d,20日,46
sig_contrarian_x_viral,sum,sig_contrarian_x_viral_sum,反转 × 互动惊喜度（连续加权）,ind_ret_20d,1,7,0.0322,,,ai_tools,AI 工具 / Agent,all,20d,20日,46
sig_contrarian_x_viral,wmean,sig_contrarian_x_viral_wmean,反转 × 互动惊喜度（连续加权）,ind_ret_20d,1,7,0.0322,,,ai_tools,AI 工具 / Agent,all,20d,20日,46
sig_bull_x_eng,wmean,sig_bull_x_eng_wmean,看多帖 × 互动惊喜（对照）,ind_ret_20d,1,7,0.0312,,,ai_tools,AI 工具 / Agent,all,20d,20日,46
sig_bull_x_eng,sum,sig_bull_x_eng_sum,看多帖 × 互动惊喜（对照）,ind_ret_20d,1,7,0.0312,,,ai_tools,AI 工具 / Agent,all,20d,20日,46
sig_attention_raw,sum,sig_attention_raw_sum,纯 Influence（无情绪）,ind_ret_20d,1,7,0.0,,,ai_tools,AI 工具 / Agent,all,20d,20日,46
sig_attention_raw,wmean,sig_attention_raw_wmean,纯 Influence（无情绪）,ind_ret_20d,1,7,0.0,,,ai_tools,AI 工具 / Agent,all,20d,20日,46
sig_engagement,sum,sig_engagement_sum,情绪 × 相对自身互动惊喜度,ind_ret_20d,1,7,-0.0022,,,ai_tools,AI 工具 / Agent,all,20d,20日,46
sig_sentiment_x_likes,wmean,sig_sentiment_x_likes_wmean,Sentiment × log(1+likes),ind_ret_20d,1,7,-0.0022,,,ai_tools,AI 工具 / Agent,all,20d,20日,46
sig_sentiment_x_likes,sum,sig_sentiment_x_likes_sum,Sentiment × log(1+likes),ind_ret_20d,1,7,-0.0022,,,ai_tools,AI 工具 / Agent,all,20d,20日,46
sig_engagement,wmean,sig_engagement_wmean,情绪 × 相对自身互动惊喜度,ind_ret_20d,1,7,-0.0022,,,ai_tools,AI 工具 / Agent,all,20d,20日,46
sig_attention,sum,sig_attention_sum,Influence × sign(Sentiment),ind_ret_20d,1,7,-0.043,,,ai_tools,AI 工具 / Agent,all,20d,20日,46
sig_attention,wmean,sig_attention_wmean,Influence × sign(Sentiment),ind_ret_20d,1,7,-0.043,,,ai_tools,AI 工具 / Agent,all,20d,20日,46
sig_views_weighted,sum,sig_views_weighted_sum,情绪 × log(views),ind_ret_20d,1,7,-0.1236,,,ai_tools,AI 工具 / Agent,all,20d,20日,46
sig_views_weighted,wmean,sig_views_weighted_wmean,情绪 × log(views),ind_ret_20d,1,7,-0.1236,,,ai_tools,AI 工具 / Agent,all,20d,20日,46
sig_original_post,sum,sig_original_post_sum,非转发帖 × Sentiment × Influence,ind_ret_20d,1,7,-0.1867,,,ai_tools,AI 工具 / Agent,all,20d,20日,46
sig_original_post,wmean,sig_original_post_wmean,非转发帖 × Sentiment × Influence,ind_ret_20d,1,7,-0.1867,,,ai_tools,AI 工具 / Agent,all,20d,20日,46
sig_momentum,wmean,sig_momentum_wmean,跟随情绪 × 影响力（非反转）,ind_ret_20d,1,7,-0.2614,,,ai_tools,AI 工具 / Agent,all,20d,20日,46
sig_momentum,sum,sig_momentum_sum,跟随情绪 × 影响力（非反转）,ind_ret_20d,1,7,-0.2614,,,ai_tools,AI 工具 / Agent,all,20d,20日,46
sig_baseline,sum,sig_baseline_sum,Sentiment × Influence（原版）,ind_ret_20d,1,7,-0.2614,,,ai_tools,AI 工具 / Agent,all,20d,20日,46
sig_baseline,wmean,sig_baseline_wmean,Sentiment × Influence（原版）,ind_ret_20d,1,7,-0.2614,,,ai_tools,AI 工具 / Agent,all,20d,20日,46
sig_top_rank_only,wmean,sig_top_rank_only_wmean,仅行业排名前3 KOL,ind_ret_20d,1,7,-0.2614,,,ai_tools,AI 工具 / Agent,all,20d,20日,46
sig_momentum_daily,sum,sig_momentum_daily_sum,跟随行业情绪动量（非反转）,ind_ret_20d,1,7,-0.2614,,,ai_tools,AI 工具 / Agent,all,20d,20日,46
sig_rank_weighted,wmean,sig_rank_weighted_wmean,Sentiment × Influence × Top排名权重,ind_ret_20d,1,7,-0.2614,,,ai_tools,AI 工具 / Agent,all,20d,20日,46
sig_top_rank_only,sum,sig_top_rank_only_sum,仅行业排名前3 KOL,ind_ret_20d,1,7,-0.2614,,,ai_tools,AI 工具 / Agent,all,20d,20日,46
sig_rank_weighted,sum,sig_rank_weighted_sum,Sentiment × Influence × Top排名权重,ind_ret_20d,1,7,-0.2614,,,ai_tools,AI 工具 / Agent,all,20d,20日,46
sig_strong_bear_only,sum,sig_strong_bear_only_sum,强看空 (s<-0.2) 反转,ind_ret_20d,1,7,-0.2948,,,ai_tools,AI 工具 / Agent,all,20d,20日,46
sig_strong_bear_only,wmean,sig_strong_bear_only_wmean,强看空 (s<-0.2) 反转,ind_ret_20d,1,7,-0.2948,,,ai_tools,AI 工具 / Agent,all,20d,20日,46
sig_bull_only,sum,sig_bull_only_sum,仅看多情绪 × Influence,ind_ret_20d,1,7,-0.3661,,,ai_tools,AI 工具 / Agent,all,20d,20日,46
sig_bull_crowd,sum,sig_bull_crowd_sum,看多帖占比 × 情绪（拥挤做多，对照）,ind_ret_20d,1,7,-0.3661,,,ai_tools,AI 工具 / Agent,all,20d,20日,46
sig_bull_only,wmean,sig_bull_only_wmean,仅看多情绪 × Influence,ind_ret_20d,1,7,-0.3661,,,ai_tools,AI 工具 / Agent,all,20d,20日,46
sig_sentiment_delta,sum,sig_sentiment_delta_sum,情绪相对5日均值突变 × 当日影响力,ind_ret_20d,1,5,-0.4508,,,ai_tools,AI 工具 / Agent,all,20d,20日,46
sig_bear_bounce,wmean,sig_bear_bounce_wmean,仅明显看空帖反转（恐慌反弹）,ind_ret_20d,1,7,-0.4661,,,ai_tools,AI 工具 / Agent,all,20d,20日,46
sig_bear_bounce,sum,sig_bear_bounce_sum,仅明显看空帖反转（恐慌反弹）,ind_ret_20d,1,7,-0.4661,,,ai_tools,AI 工具 / Agent,all,20d,20日,46
sig_bear_crowd_strict,sum,sig_bear_crowd_strict_sum,严格恐慌：bear_ratio>0.5 才 bear_crowd,ind_ret_20d,1,7,-0.4661,,,ai_tools,AI 工具 / Agent,all,20d,20日,46
sig_bear_crowd,sum,sig_bear_crowd_sum,看空帖占比 × 情绪反转（恐慌反弹）,ind_ret_20d,1,7,-0.4661,,,ai_tools,AI 工具 / Agent,all,20d,20日,46
sig_net_crowd_contrarian,sum,sig_net_crowd_contrarian_sum,(看空占比−看多占比) × 情绪反转,ind_ret_20d,1,7,-0.5365,,,ai_tools,AI 工具 / Agent,all,20d,20日,46
sig_viral_contrarian,sum,sig_viral_contrarian_sum,高互动惊喜帖才做情绪反转,ind_ret_20d,1,7,-0.5939,,,ai_tools,AI 工具 / Agent,all,20d,20日,46
sig_viral_contrarian,wmean,sig_viral_contrarian_wmean,高互动惊喜帖才做情绪反转,ind_ret_20d,1,7,-0.5939,,,ai_tools,AI 工具 / Agent,all,20d,20日,46
sig_bear_x_eng,sum,sig_bear_x_eng_sum,看空帖 × 互动惊喜 × 反转,ind_ret_20d,1,7,,,,ai_tools,AI 工具 / Agent,all,20d,20日,46
sig_bear_x_eng,wmean,sig_bear_x_eng_wmean,看空帖 × 互动惊喜 × 反转,ind_ret_20d,1,7,,,,ai_tools,AI 工具 / Agent,all,20d,20日,46
sig_disagreement,sum,sig_disagreement_sum,sig_disagreement,ind_ret_20d,1,7,,,,ai_tools,AI 工具 / Agent,all,20d,20日,46
sig_dispersion_contrarian,sum,sig_dispersion_contrarian_sum,高分歧日 × 情绪反转,ind_ret_20d,1,7,,,,ai_tools,AI 工具 / Agent,all,20d,20日,46
sig_dual_confirm_contra,sum,sig_dual_confirm_contra_sum,看空 + 高互动双重确认反转,ind_ret_20d,1,7,,,,ai_tools,AI 工具 / Agent,all,20d,20日,46
sig_dual_confirm_contra,wmean,sig_dual_confirm_contra_wmean,看空 + 高互动双重确认反转,ind_ret_20d,1,7,,,,ai_tools,AI 工具 / Agent,all,20d,20日,46
sig_nlp_lex_disagree,sum,sig_nlp_lex_disagree_sum,NLP 与词典情绪不一致时反转,ind_ret_20d,1,7,,,,ai_tools,AI 工具 / Agent,all,20d,20日,46
sig_nlp_lex_disagree,wmean,sig_nlp_lex_disagree_wmean,NLP 与词典情绪不一致时反转,ind_ret_20d,1,7,,,,ai_tools,AI 工具 / Agent,all,20d,20日,46
sig_rank1_contrarian,sum,sig_rank1_contrarian_sum,仅行业 #1 KOL 反转,ind_ret_20d,1,7,,,,ai_tools,AI 工具 / Agent,all,20d,20日,46
sig_rank1_contrarian,wmean,sig_rank1_contrarian_wmean,仅行业 #1 KOL 反转,ind_ret_20d,1,7,,,,ai_tools,AI 工具 / Agent,all,20d,20日,46
sig_rank1_momentum,sum,sig_rank1_momentum_sum,仅行业 #1 KOL 跟随,ind_ret_20d,1,7,,,,ai_tools,AI 工具 / Agent,all,20d,20日,46
sig_rank1_momentum,wmean,sig_rank1_momentum_wmean,仅行业 #1 KOL 跟随,ind_ret_20d,1,7,,,,ai_tools,AI 工具 / Agent,all,20d,20日,46
sig_attention_raw,sum,sig_attention_raw_sum,纯 Influence（无情绪）,ind_ret_20d,1,0,,,,consumer_tech,消费科技,all,20d,20日,46
sig_attention_raw,wmean,sig_attention_raw_wmean,纯 Influence（无情绪）,ind_ret_20d,1,0,,,,consumer_tech,消费科技,all,20d,20日,46
sig_attention,sum,sig_attention_sum,Influence × sign(Sentiment),ind_ret_20d,1,0,,,,consumer_tech,消费科技,all,20d,20日,46
sig_attention,wmean,sig_attention_wmean,Influence × sign(Sentiment),ind_ret_20d,1,0,,,,consumer_tech,消费科技,all,20d,20日,46
sig_baseline,sum,sig_baseline_sum,Sentiment × Influence（原版）,ind_ret_20d,1,0,,,,consumer_tech,消费科技,all,20d,20日,46
sig_baseline,wmean,sig_baseline_wmean,Sentiment × Influence（原版）,ind_ret_20d,1,0,,,,consumer_tech,消费科技,all,20d,20日,46
sig_bear_bounce,sum,sig_bear_bounce_sum,仅明显看空帖反转（恐慌反弹）,ind_ret_20d,1,0,,,,consumer_tech,消费科技,all,20d,20日,46
sig_bear_bounce,wmean,sig_bear_bounce_wmean,仅明显看空帖反转（恐慌反弹）,ind_ret_20d,1,0,,,,consumer_tech,消费科技,all,20d,20日,46
sig_bear_crowd_strict,sum,sig_bear_crowd_strict_sum,严格恐慌：bear_ratio>0.5 才 bear_crowd,ind_ret_20d,1,0,,,,consumer_tech,消费科技,all,20d,20日,46
sig_bear_crowd,sum,sig_bear_crowd_sum,看空帖占比 × 情绪反转（恐慌反弹）,ind_ret_20d,1,0,,,,consumer_tech,消费科技,all,20d,20日,46
sig_bear_only,sum,sig_bear_only_sum,仅看空情绪 × Influence,ind_ret_20d,1,0,,,,consumer_tech,消费科技,all,20d,20日,46
sig_bear_only,wmean,sig_bear_only_wmean,仅看空情绪 × Influence,ind_ret_20d,1,0,,,,consumer_tech,消费科技,all,20d,20日,46
sig_bear_x_eng,sum,sig_bear_x_eng_sum,看空帖 × 互动惊喜 × 反转,ind_ret_20d,1,0,,,,consumer_tech,消费科技,all,20d,20日,46
sig_bear_x_eng,wmean,sig_bear_x_eng_wmean,看空帖 × 互动惊喜 × 反转,ind_ret_20d,1,0,,,,consumer_tech,消费科技,all,20d,20日,46
sig_bull_crowd,sum,sig_bull_crowd_sum,看多帖占比 × 情绪（拥挤做多，对照）,ind_ret_20d,1,0,,,,consumer_tech,消费科技,all,20d,20日,46
sig_bull_fade,sum,sig_bull_fade_sum,仅明显看多帖反转（拥挤做多）,ind_ret_20d,1,0,,,,consumer_tech,消费科技,all,20d,20日,46
sig_bull_fade,wmean,sig_bull_fade_wmean,仅明显看多帖反转（拥挤做多）,ind_ret_20d,1,0,,,,consumer_tech,消费科技,all,20d,20日,46
sig_bull_only,sum,sig_bull_only_sum,仅看多情绪 × Influence,ind_ret_20d,1,0,,,,consumer_tech,消费科技,all,20d,20日,46
sig_bull_only,wmean,sig_bull_only_wmean,仅看多情绪 × Influence,ind_ret_20d,1,0,,,,consumer_tech,消费科技,all,20d,20日,46
sig_bull_x_eng,sum,sig_bull_x_eng_sum,看多帖 × 互动惊喜（对照）,ind_ret_20d,1,0,,,,consumer_tech,消费科技,all,20d,20日,46
sig_bull_x_eng,wmean,sig_bull_x_eng_wmean,看多帖 × 互动惊喜（对照）,ind_ret_20d,1,0,,,,consumer_tech,消费科技,all,20d,20日,46
sig_consensus_contrarian,sum,sig_consensus_contrarian_sum,行业共识情绪反转（|均值|×影响力）,ind_ret_20d,1,0,,,,consumer_tech,消费科技,all,20d,20日,46
sig_contrarian_orig,sum,sig_contrarian_orig_sum,仅原创帖（非 RT）反转,ind_ret_20d,1,0,,,,consumer_tech,消费科技,all,20d,20日,46
sig_contrarian_orig,wmean,sig_contrarian_orig_wmean,仅原创帖（非 RT）反转,ind_ret_20d,1,0,,,,consumer_tech,消费科技,all,20d,20日,46
sig_contrarian,sum,sig_contrarian_sum,−Sentiment × Influence（反转）,ind_ret_20d,1,0,,,,consumer_tech,消费科技,all,20d,20日,46
sig_contrarian_top3,sum,sig_contrarian_top3_sum,仅Top3 KOL的反转信号（日频 sum）,ind_ret_20d,1,0,,,,consumer_tech,消费科技,all,20d,20日,46
sig_contrarian_top3,wmean,sig_contrarian_top3_wmean,仅Top3 KOL的反转信号（日频 sum）,ind_ret_20d,1,0,,,,consumer_tech,消费科技,all,20d,20日,46
sig_contrarian_views,sum,sig_contrarian_views_sum,反转 × log(views),ind_ret_20d,1,0,,,,consumer_tech,消费科技,all,20d,20日,46
sig_contrarian_views,wmean,sig_contrarian_views_wmean,反转 × log(views),ind_ret_20d,1,0,,,,consumer_tech,消费科技,all,20d,20日,46
sig_contrarian,wmean,sig_contrarian_wmean,−Sentiment × Influence（反转）,ind_ret_20d,1,0,,,,consumer_tech,消费科技,all,20d,20日,46
sig_contrarian_x_viral,sum,sig_contrarian_x_viral_sum,反转 × 互动惊喜度（连续加权）,ind_ret_20d,1,0,,,,consumer_tech,消费科技,all,20d,20日,46
sig_contrarian_x_viral,wmean,sig_contrarian_x_viral_wmean,反转 × 互动惊喜度（连续加权）,ind_ret_20d,1,0,,,,consumer_tech,消费科技,all,20d,20日,46
sig_disagreement,sum,sig_disagreement_sum,sig_disagreement,ind_ret_20d,1,0,,,,consumer_tech,消费科技,all,20d,20日,46
sig_dispersion_contrarian,sum,sig_dispersion_contrarian_sum,高分歧日 × 情绪反转,ind_ret_20d,1,0,,,,consumer_tech,消费科技,all,20d,20日,46
sig_dual_confirm_contra,sum,sig_dual_confirm_contra_sum,看空 + 高互动双重确认反转,ind_ret_20d,1,0,,,,consumer_tech,消费科技,all,20d,20日,46
sig_dual_confirm_contra,wmean,sig_dual_confirm_contra_wmean,看空 + 高互动双重确认反转,ind_ret_20d,1,0,,,,consumer_tech,消费科技,all,20d,20日,46
sig_engagement,sum,sig_engagement_sum,情绪 × 相对自身互动惊喜度,ind_ret_20d,1,0,,,,consumer_tech,消费科技,all,20d,20日,46
sig_engagement,wmean,sig_engagement_wmean,情绪 × 相对自身互动惊喜度,ind_ret_20d,1,0,,,,consumer_tech,消费科技,all,20d,20日,46
sig_extreme_contrarian,sum,sig_extreme_contrarian_sum,仅极端情绪帖（|s|≥0.2）反转,ind_ret_20d,1,0,,,,consumer_tech,消费科技,all,20d,20日,46
sig_extreme_contrarian,wmean,sig_extreme_contrarian_wmean,仅极端情绪帖（|s|≥0.2）反转,ind_ret_20d,1,0,,,,consumer_tech,消费科技,all,20d,20日,46
sig_imbalance_contrarian,sum,sig_imbalance_contrarian_sum,情绪方向 × 影响力反转,ind_ret_20d,1,0,,,,consumer_tech,消费科技,all,20d,20日,46
sig_imbalance_contrarian,wmean,sig_imbalance_contrarian_wmean,情绪方向 × 影响力反转,ind_ret_20d,1,0,,,,consumer_tech,消费科技,all,20d,20日,46
sig_kol_breadth_contrarian,sum,sig_kol_breadth_contrarian_sum,参与 KOL 数 × 情绪反转,ind_ret_20d,1,0,,,,consumer_tech,消费科技,all,20d,20日,46
sig_momentum_daily,sum,sig_momentum_daily_sum,跟随行业情绪动量（非反转）,ind_ret_20d,1,0,,,,consumer_tech,消费科技,all,20d,20日,46
sig_momentum,sum,sig_momentum_sum,跟随情绪 × 影响力（非反转）,ind_ret_20d,1,0,,,,consumer_tech,消费科技,all,20d,20日,46
sig_momentum,wmean,sig_momentum_wmean,跟随情绪 × 影响力（非反转）,ind_ret_20d,1,0,,,,consumer_tech,消费科技,all,20d,20日,46
sig_net_crowd_contrarian,sum,sig_net_crowd_contrarian_sum,(看空占比−看多占比) × 情绪反转,ind_ret_20d,1,0,,,,consumer_tech,消费科技,all,20d,20日,46
sig_nlp_lex_disagree,sum,sig_nlp_lex_disagree_sum,NLP 与词典情绪不一致时反转,ind_ret_20d,1,0,,,,consumer_tech,消费科技,all,20d,20日,46
sig_nlp_lex_disagree,wmean,sig_nlp_lex_disagree_wmean,NLP 与词典情绪不一致时反转,ind_ret_20d,1,0,,,,consumer_tech,消费科技,all,20d,20日,46
sig_nlp_minus_lex,sum,sig_nlp_minus_lex_sum,NLP 与词典差 × 反转,ind_ret_20d,1,0,,,,consumer_tech,消费科技,all,20d,20日,46
sig_nlp_minus_lex,wmean,sig_nlp_minus_lex_wmean,NLP 与词典差 × 反转,ind_ret_20d,1,0,,,,consumer_tech,消费科技,all,20d,20日,46
sig_original_post,sum,sig_original_post_sum,非转发帖 × Sentiment × Influence,ind_ret_20d,1,0,,,,consumer_tech,消费科技,all,20d,20日,46
sig_original_post,wmean,sig_original_post_wmean,非转发帖 × Sentiment × Influence,ind_ret_20d,1,0,,,,consumer_tech,消费科技,all,20d,20日,46
sig_post_burst_contrarian,sum,sig_post_burst_contrarian_sum,发帖密集日 × 情绪反转,ind_ret_20d,1,0,,,,consumer_tech,消费科技,all,20d,20日,46
sig_rank1_contrarian,sum,sig_rank1_contrarian_sum,仅行业 #1 KOL 反转,ind_ret_20d,1,0,,,,consumer_tech,消费科技,all,20d,20日,46
sig_rank1_contrarian,wmean,sig_rank1_contrarian_wmean,仅行业 #1 KOL 反转,ind_ret_20d,1,0,,,,consumer_tech,消费科技,all,20d,20日,46
sig_rank1_momentum,sum,sig_rank1_momentum_sum,仅行业 #1 KOL 跟随,ind_ret_20d,1,0,,,,consumer_tech,消费科技,all,20d,20日,46
sig_rank1_momentum,wmean,sig_rank1_momentum_wmean,仅行业 #1 KOL 跟随,ind_ret_20d,1,0,,,,consumer_tech,消费科技,all,20d,20日,46
sig_rank_weighted,sum,sig_rank_weighted_sum,Sentiment × Influence × Top排名权重,ind_ret_20d,1,0,,,,consumer_tech,消费科技,all,20d,20日,46
sig_rank_weighted,wmean,sig_rank_weighted_wmean,Sentiment × Influence × Top排名权重,ind_ret_20d,1,0,,,,consumer_tech,消费科技,all,20d,20日,46
sig_rt_contrarian,sum,sig_rt_contrarian_sum,仅转发帖反转,ind_ret_20d,1,0,,,,consumer_tech,消费科技,all,20d,20日,46
sig_rt_contrarian,wmean,sig_rt_contrarian_wmean,仅转发帖反转,ind_ret_20d,1,0,,,,consumer_tech,消费科技,all,20d,20日,46
sig_sentiment_delta_contra,sum,sig_sentiment_delta_contra_sum,情绪突变反转 × 影响力,ind_ret_20d,1,0,,,,consumer_tech,消费科技,all,20d,20日,46
sig_sentiment_delta,sum,sig_sentiment_delta_sum,情绪相对5日均值突变 × 当日影响力,ind_ret_20d,1,0,,,,consumer_tech,消费科技,all,20d,20日,46
sig_sentiment_x_likes,sum,sig_sentiment_x_likes_sum,Sentiment × log(1+likes),ind_ret_20d,1,0,,,,consumer_tech,消费科技,all,20d,20日,46
sig_sentiment_x_likes,wmean,sig_sentiment_x_likes_wmean,Sentiment × log(1+likes),ind_ret_20d,1,0,,,,consumer_tech,消费科技,all,20d,20日,46
sig_strong_bear_only,sum,sig_strong_bear_only_sum,强看空 (s<-0.2) 反转,ind_ret_20d,1,0,,,,consumer_tech,消费科技,all,20d,20日,46
sig_strong_bear_only,wmean,sig_strong_bear_only_wmean,强看空 (s<-0.2) 反转,ind_ret_20d,1,0,,,,consumer_tech,消费科技,all,20d,20日,46
sig_strong_bull_fade,sum,sig_strong_bull_fade_sum,强看多 (s>0.2) 反转,ind_ret_20d,1,0,,,,consumer_tech,消费科技,all,20d,20日,46
sig_strong_bull_fade,wmean,sig_strong_bull_fade_wmean,强看多 (s>0.2) 反转,ind_ret_20d,1,0,,,,consumer_tech,消费科技,all,20d,20日,46
sig_surprise_contrarian,sum,sig_surprise_contrarian_sum,相对该 KOL 历史情绪的意外 × 反转,ind_ret_20d,1,0,,,,consumer_tech,消费科技,all,20d,20日,46
sig_surprise_contrarian,wmean,sig_surprise_contrarian_wmean,相对该 KOL 历史情绪的意外 × 反转,ind_ret_20d,1,0,,,,consumer_tech,消费科技,all,20d,20日,46
sig_top_rank_only,sum,sig_top_rank_only_sum,仅行业排名前3 KOL,ind_ret_20d,1,0,,,,consumer_tech,消费科技,all,20d,20日,46
sig_top_rank_only,wmean,sig_top_rank_only_wmean,仅行业排名前3 KOL,ind_ret_20d,1,0,,,,consumer_tech,消费科技,all,20d,20日,46
sig_unanimity_contrarian,sum,sig_unanimity_contrarian_sum,低分歧时加强反转（一致预期）,ind_ret_20d,1,0,,,,consumer_tech,消费科技,all,20d,20日,46
sig_views_weighted,sum,sig_views_weighted_sum,情绪 × log(views),ind_ret_20d,1,0,,,,consumer_tech,消费科技,all,20d,20日,46
sig_views_weighted,wmean,sig_views_weighted_wmean,情绪 × log(views),ind_ret_20d,1,0,,,,consumer_tech,消费科技,all,20d,20日,46
sig_viral_contrarian,sum,sig_viral_contrarian_sum,高互动惊喜帖才做情绪反转,ind_ret_20d,1,0,,,,consumer_tech,消费科技,all,20d,20日,46
sig_viral_contrarian,wmean,sig_viral_contrarian_wmean,高互动惊喜帖才做情绪反转,ind_ret_20d,1,0,,,,consumer_tech,消费科技,all,20d,20日,46
sig_nlp_minus_lex,sum,sig_nlp_minus_lex_sum,NLP 与词典差 × 反转,ind_ret_20d,1,8,0.8117,,,crypto,加密,all,20d,20日,46
sig_attention_raw,sum,sig_attention_raw_sum,纯 Influence（无情绪）,ind_ret_20d,1,8,0.7603,,,crypto,加密,all,20d,20日,46
sig_sentiment_delta,sum,sig_sentiment_delta_sum,情绪相对5日均值突变 × 当日影响力,ind_ret_20d,1,6,0.7505,,,crypto,加密,all,20d,20日,46
sig_post_burst_contrarian,sum,sig_post_burst_contrarian_sum,发帖密集日 × 情绪反转,ind_ret_20d,1,8,0.742,,,crypto,加密,all,20d,20日,46
sig_rt_contrarian,sum,sig_rt_contrarian_sum,仅转发帖反转,ind_ret_20d,1,8,0.7205,,,crypto,加密,all,20d,20日,46
sig_bear_bounce,sum,sig_bear_bounce_sum,仅明显看空帖反转（恐慌反弹）,ind_ret_20d,1,8,0.6926,,,crypto,加密,all,20d,20日,46
sig_dispersion_contrarian,sum,sig_dispersion_contrarian_sum,高分歧日 × 情绪反转,ind_ret_20d,1,8,0.6196,,,crypto,加密,all,20d,20日,46
sig_disagreement,sum,sig_disagreement_sum,sig_disagreement,ind_ret_20d,1,8,0.5859,,,crypto,加密,all,20d,20日,46
sig_contrarian,sum,sig_contrarian_sum,−Sentiment × Influence（反转）,ind_ret_20d,1,8,0.5483,,,crypto,加密,all,20d,20日,46
sig_bull_x_eng,wmean,sig_bull_x_eng_wmean,看多帖 × 互动惊喜（对照）,ind_ret_20d,1,8,0.5414,,,crypto,加密,all,20d,20日,46
sig_views_weighted,sum,sig_views_weighted_sum,情绪 × log(views),ind_ret_20d,1,8,0.5414,,,crypto,加密,all,20d,20日,46
sig_sentiment_x_likes,wmean,sig_sentiment_x_likes_wmean,Sentiment × log(1+likes),ind_ret_20d,1,8,0.5414,,,crypto,加密,all,20d,20日,46
sig_sentiment_x_likes,sum,sig_sentiment_x_likes_sum,Sentiment × log(1+likes),ind_ret_20d,1,8,0.5414,,,crypto,加密,all,20d,20日,46
sig_original_post,wmean,sig_original_post_wmean,非转发帖 × Sentiment × Influence,ind_ret_20d,1,8,0.5414,,,crypto,加密,all,20d,20日,46
sig_original_post,sum,sig_original_post_sum,非转发帖 × Sentiment × Influence,ind_ret_20d,1,8,0.5414,,,crypto,加密,all,20d,20日,46
sig_engagement,sum,sig_engagement_sum,情绪 × 相对自身互动惊喜度,ind_ret_20d,1,8,0.5414,,,crypto,加密,all,20d,20日,46
sig_engagement,wmean,sig_engagement_wmean,情绪 × 相对自身互动惊喜度,ind_ret_20d,1,8,0.5414,,,crypto,加密,all,20d,20日,46
sig_bull_x_eng,sum,sig_bull_x_eng_sum,看多帖 × 互动惊喜（对照）,ind_ret_20d,1,8,0.5414,,,crypto,加密,all,20d,20日,46
sig_bull_only,wmean,sig_bull_only_wmean,仅看多情绪 × Influence,ind_ret_20d,1,8,0.5414,,,crypto,加密,all,20d,20日,46
sig_attention,wmean,sig_attention_wmean,Influence × sign(Sentiment),ind_ret_20d,1,8,0.5414,,,crypto,加密,all,20d,20日,46
sig_bull_only,sum,sig_bull_only_sum,仅看多情绪 × Influence,ind_ret_20d,1,8,0.5414,,,crypto,加密,all,20d,20日,46
sig_views_weighted,wmean,sig_views_weighted_wmean,情绪 × log(views),ind_ret_20d,1,8,0.5414,,,crypto,加密,all,20d,20日,46
sig_extreme_contrarian,sum,sig_extreme_contrarian_sum,仅极端情绪帖（|s|≥0.2）反转,ind_ret_20d,1,8,0.5036,,,crypto,加密,all,20d,20日,46
sig_strong_bear_only,sum,sig_strong_bear_only_sum,强看空 (s<-0.2) 反转,ind_ret_20d,1,8,0.5036,,,crypto,加密,all,20d,20日,46
sig_nlp_minus_lex,wmean,sig_nlp_minus_lex_wmean,NLP 与词典差 × 反转,ind_ret_20d,1,8,0.4965,,,crypto,加密,all,20d,20日,46
sig_bear_crowd_strict,sum,sig_bear_crowd_strict_sum,严格恐慌：bear_ratio>0.5 才 bear_crowd,ind_ret_20d,1,8,0.4036,,,crypto,加密,all,20d,20日,46
sig_bear_crowd,sum,sig_bear_crowd_sum,看空帖占比 × 情绪反转（恐慌反弹）,ind_ret_20d,1,8,0.4036,,,crypto,加密,all,20d,20日,46
sig_net_crowd_contrarian,sum,sig_net_crowd_contrarian_sum,(看空占比−看多占比) × 情绪反转,ind_ret_20d,1,8,0.2582,,,crypto,加密,all,20d,20日,46
sig_baseline,wmean,sig_baseline_wmean,Sentiment × Influence（原版）,ind_ret_20d,1,8,0.2331,,,crypto,加密,all,20d,20日,46
sig_rank_weighted,wmean,sig_rank_weighted_wmean,Sentiment × Influence × Top排名权重,ind_ret_20d,1,8,0.2331,,,crypto,加密,all,20d,20日,46
sig_momentum,wmean,sig_momentum_wmean,跟随情绪 × 影响力（非反转）,ind_ret_20d,1,8,0.2331,,,crypto,加密,all,20d,20日,46
sig_contrarian_x_viral,sum,sig_contrarian_x_viral_sum,反转 × 互动惊喜度（连续加权）,ind_ret_20d,1,8,0.2312,,,crypto,加密,all,20d,20日,46
sig_consensus_contrarian,sum,sig_consensus_contrarian_sum,行业共识情绪反转（|均值|×影响力）,ind_ret_20d,1,8,0.2159,,,crypto,加密,all,20d,20日,46
sig_surprise_contrarian,wmean,sig_surprise_contrarian_wmean,相对该 KOL 历史情绪的意外 × 反转,ind_ret_20d,1,8,0.2136,,,crypto,加密,all,20d,20日,46
sig_unanimity_contrarian,sum,sig_unanimity_contrarian_sum,低分歧时加强反转（一致预期）,ind_ret_20d,1,8,0.2046,,,crypto,加密,all,20d,20日,46
sig_surprise_contrarian,sum,sig_surprise_contrarian_sum,相对该 KOL 历史情绪的意外 × 反转,ind_ret_20d,1,8,0.1286,,,crypto,加密,all,20d,20日,46
sig_bear_only,wmean,sig_bear_only_wmean,仅看空情绪 × Influence,ind_ret_20d,1,8,0.0952,,,crypto,加密,all,20d,20日,46
sig_bear_bounce,wmean,sig_bear_bounce_wmean,仅明显看空帖反转（恐慌反弹）,ind_ret_20d,1,8,0.0346,,,crypto,加密,all,20d,20日,46
sig_imbalance_contrarian,wmean,sig_imbalance_contrarian_wmean,情绪方向 × 影响力反转,ind_ret_20d,1,8,-0.0864,,,crypto,加密,all,20d,20日,46
sig_rt_contrarian,wmean,sig_rt_contrarian_wmean,仅转发帖反转,ind_ret_20d,1,8,-0.0952,,,crypto,加密,all,20d,20日,46
sig_strong_bear_only,wmean,sig_strong_bear_only_wmean,强看空 (s<-0.2) 反转,ind_ret_20d,1,8,-0.1093,,,crypto,加密,all,20d,20日,46
sig_extreme_contrarian,wmean,sig_extreme_contrarian_wmean,仅极端情绪帖（|s|≥0.2）反转,ind_ret_20d,1,8,-0.1093,,,crypto,加密,all,20d,20日,46
sig_kol_breadth_contrarian,sum,sig_kol_breadth_contrarian_sum,参与 KOL 数 × 情绪反转,ind_ret_20d,1,8,-0.2331,,,crypto,加密,all,20d,20日,46
sig_contrarian,wmean,sig_contrarian_wmean,−Sentiment × Influence（反转）,ind_ret_20d,1,8,-0.2331,,,crypto,加密,all,20d,20日,46
sig_contrarian_x_viral,wmean,sig_contrarian_x_viral_wmean,反转 × 互动惊喜度（连续加权）,ind_ret_20d,1,8,-0.3231,,,crypto,加密,all,20d,20日,46
sig_attention,sum,sig_attention_sum,Influence × sign(Sentiment),ind_ret_20d,1,8,-0.5174,,,crypto,加密,all,20d,20日,46
sig_contrarian_orig,sum,sig_contrarian_orig_sum,仅原创帖（非 RT）反转,ind_ret_20d,1,8,-0.5414,,,crypto,加密,all,20d,20日,46
sig_contrarian_views,sum,sig_contrarian_views_sum,反转 × log(views),ind_ret_20d,1,8,-0.5414,,,crypto,加密,all,20d,20日,46
sig_contrarian_orig,wmean,sig_contrarian_orig_wmean,仅原创帖（非 RT）反转,ind_ret_20d,1,8,-0.5414,,,crypto,加密,all,20d,20日,46
sig_bull_fade,wmean,sig_bull_fade_wmean,仅明显看多帖反转（拥挤做多）,ind_ret_20d,1,8,-0.5414,,,crypto,加密,all,20d,20日,46
sig_contrarian_views,wmean,sig_contrarian_views_wmean,反转 × log(views),ind_ret_20d,1,8,-0.5414,,,crypto,加密,all,20d,20日,46
sig_bull_crowd,sum,sig_bull_crowd_sum,看多帖占比 × 情绪（拥挤做多，对照）,ind_ret_20d,1,8,-0.5414,,,crypto,加密,all,20d,20日,46
sig_bull_fade,sum,sig_bull_fade_sum,仅明显看多帖反转（拥挤做多）,ind_ret_20d,1,8,-0.5414,,,crypto,加密,all,20d,20日,46
sig_baseline,sum,sig_baseline_sum,Sentiment × Influence（原版）,ind_ret_20d,1,8,-0.5483,,,crypto,加密,all,20d,20日,46
sig_momentum,sum,sig_momentum_sum,跟随情绪 × 影响力（非反转）,ind_ret_20d,1,8,-0.5483,,,crypto,加密,all,20d,20日,46
sig_momentum_daily,sum,sig_momentum_daily_sum,跟随行业情绪动量（非反转）,ind_ret_20d,1,8,-0.5483,,,crypto,加密,all,20d,20日,46
sig_rank_weighted,sum,sig_rank_weighted_sum,Sentiment × Influence × Top排名权重,ind_ret_20d,1,8,-0.5483,,,crypto,加密,all,20d,20日,46
sig_bear_only,sum,sig_bear_only_sum,仅看空情绪 × Influence,ind_ret_20d,1,8,-0.7205,,,crypto,加密,all,20d,20日,46
sig_imbalance_contrarian,sum,sig_imbalance_contrarian_sum,情绪方向 × 影响力反转,ind_ret_20d,1,8,-0.746,,,crypto,加密,all,20d,20日,46
sig_sentiment_delta_contra,sum,sig_sentiment_delta_contra_sum,情绪突变反转 × 影响力,ind_ret_20d,1,6,-0.7505,,,crypto,加密,all,20d,20日,46
sig_attention_raw,wmean,sig_attention_raw_wmean,纯 Influence（无情绪）,ind_ret_20d,1,8,,,,crypto,加密,all,20d,20日,46
sig_bear_x_eng,sum,sig_bear_x_eng_sum,看空帖 × 互动惊喜 × 反转,ind_ret_20d,1,8,,,,crypto,加密,all,20d,20日,46
sig_bear_x_eng,wmean,sig_bear_x_eng_wmean,看空帖 × 互动惊喜 × 反转,ind_ret_20d,1,8,,,,crypto,加密,all,20d,20日,46
sig_contrarian_top3,sum,sig_contrarian_top3_sum,仅Top3 KOL的反转信号（日频 sum）,ind_ret_20d,1,8,,,,crypto,加密,all,20d,20日,46
sig_contrarian_top3,wmean,sig_contrarian_top3_wmean,仅Top3 KOL的反转信号（日频 sum）,ind_ret_20d,1,8,,,,crypto,加密,all,20d,20日,46
sig_dual_confirm_contra,sum,sig_dual_confirm_contra_sum,看空 + 高互动双重确认反转,ind_ret_20d,1,8,,,,crypto,加密,all,20d,20日,46
sig_dual_confirm_contra,wmean,sig_dual_confirm_contra_wmean,看空 + 高互动双重确认反转,ind_ret_20d,1,8,,,,crypto,加密,all,20d,20日,46
sig_nlp_lex_disagree,sum,sig_nlp_lex_disagree_sum,NLP 与词典情绪不一致时反转,ind_ret_20d,1,8,,,,crypto,加密,all,20d,20日,46
sig_nlp_lex_disagree,wmean,sig_nlp_lex_disagree_wmean,NLP 与词典情绪不一致时反转,ind_ret_20d,1,8,,,,crypto,加密,all,20d,20日,46
sig_rank1_contrarian,sum,sig_rank1_contrarian_sum,仅行业 #1 KOL 反转,ind_ret_20d,1,8,,,,crypto,加密,all,20d,20日,46
sig_rank1_contrarian,wmean,sig_rank1_contrarian_wmean,仅行业 #1 KOL 反转,ind_ret_20d,1,8,,,,crypto,加密,all,20d,20日,46
sig_rank1_momentum,sum,sig_rank1_momentum_sum,仅行业 #1 KOL 跟随,ind_ret_20d,1,8,,,,crypto,加密,all,20d,20日,46
sig_rank1_momentum,wmean,sig_rank1_momentum_wmean,仅行业 #1 KOL 跟随,ind_ret_20d,1,8,,,,crypto,加密,all,20d,20日,46
sig_strong_bull_fade,sum,sig_strong_bull_fade_sum,强看多 (s>0.2) 反转,ind_ret_20d,1,8,,,,crypto,加密,all,20d,20日,46
sig_strong_bull_fade,wmean,sig_strong_bull_fade_wmean,强看多 (s>0.2) 反转,ind_ret_20d,1,8,,,,crypto,加密,all,20d,20日,46
sig_top_rank_only,sum,sig_top_rank_only_sum,仅行业排名前3 KOL,ind_ret_20d,1,8,,,,crypto,加密,all,20d,20日,46
sig_top_rank_only,wmean,sig_top_rank_only_wmean,仅行业排名前3 KOL,ind_ret_20d,1,8,,,,crypto,加密,all,20d,20日,46
sig_viral_contrarian,sum,sig_viral_contrarian_sum,高互动惊喜帖才做情绪反转,ind_ret_20d,1,8,,,,crypto,加密,all,20d,20日,46
sig_viral_contrarian,wmean,sig_viral_contrarian_wmean,高互动惊喜帖才做情绪反转,ind_ret_20d,1,8,,,,crypto,加密,all,20d,20日,46
sig_attention_raw,sum,sig_attention_raw_sum,纯 Influence（无情绪）,ind_ret_20d,1,0,,,,semiconductor,半导体,all,20d,20日,46
sig_attention_raw,wmean,sig_attention_raw_wmean,纯 Influence（无情绪）,ind_ret_20d,1,0,,,,semiconductor,半导体,all,20d,20日,46
sig_attention,sum,sig_attention_sum,Influence × sign(Sentiment),ind_ret_20d,1,0,,,,semiconductor,半导体,all,20d,20日,46
sig_attention,wmean,sig_attention_wmean,Influence × sign(Sentiment),ind_ret_20d,1,0,,,,semiconductor,半导体,all,20d,20日,46
sig_baseline,sum,sig_baseline_sum,Sentiment × Influence（原版）,ind_ret_20d,1,0,,,,semiconductor,半导体,all,20d,20日,46
sig_baseline,wmean,sig_baseline_wmean,Sentiment × Influence（原版）,ind_ret_20d,1,0,,,,semiconductor,半导体,all,20d,20日,46
sig_bear_bounce,sum,sig_bear_bounce_sum,仅明显看空帖反转（恐慌反弹）,ind_ret_20d,1,0,,,,semiconductor,半导体,all,20d,20日,46
sig_bear_bounce,wmean,sig_bear_bounce_wmean,仅明显看空帖反转（恐慌反弹）,ind_ret_20d,1,0,,,,semiconductor,半导体,all,20d,20日,46
sig_bear_crowd_strict,sum,sig_bear_crowd_strict_sum,严格恐慌：bear_ratio>0.5 才 bear_crowd,ind_ret_20d,1,0,,,,semiconductor,半导体,all,20d,20日,46
sig_bear_crowd,sum,sig_bear_crowd_sum,看空帖占比 × 情绪反转（恐慌反弹）,ind_ret_20d,1,0,,,,semiconductor,半导体,all,20d,20日,46
sig_bear_only,sum,sig_bear_only_sum,仅看空情绪 × Influence,ind_ret_20d,1,0,,,,semiconductor,半导体,all,20d,20日,46
sig_bear_only,wmean,sig_bear_only_wmean,仅看空情绪 × Influence,ind_ret_20d,1,0,,,,semiconductor,半导体,all,20d,20日,46
sig_bear_x_eng,sum,sig_bear_x_eng_sum,看空帖 × 互动惊喜 × 反转,ind_ret_20d,1,0,,,,semiconductor,半导体,all,20d,20日,46
sig_bear_x_eng,wmean,sig_bear_x_eng_wmean,看空帖 × 互动惊喜 × 反转,ind_ret_20d,1,0,,,,semiconductor,半导体,all,20d,20日,46
sig_bull_crowd,sum,sig_bull_crowd_sum,看多帖占比 × 情绪（拥挤做多，对照）,ind_ret_20d,1,0,,,,semiconductor,半导体,all,20d,20日,46
sig_bull_fade,sum,sig_bull_fade_sum,仅明显看多帖反转（拥挤做多）,ind_ret_20d,1,0,,,,semiconductor,半导体,all,20d,20日,46
sig_bull_fade,wmean,sig_bull_fade_wmean,仅明显看多帖反转（拥挤做多）,ind_ret_20d,1,0,,,,semiconductor,半导体,all,20d,20日,46
sig_bull_only,sum,sig_bull_only_sum,仅看多情绪 × Influence,ind_ret_20d,1,0,,,,semiconductor,半导体,all,20d,20日,46
sig_bull_only,wmean,sig_bull_only_wmean,仅看多情绪 × Influence,ind_ret_20d,1,0,,,,semiconductor,半导体,all,20d,20日,46
sig_bull_x_eng,sum,sig_bull_x_eng_sum,看多帖 × 互动惊喜（对照）,ind_ret_20d,1,0,,,,semiconductor,半导体,all,20d,20日,46
sig_bull_x_eng,wmean,sig_bull_x_eng_wmean,看多帖 × 互动惊喜（对照）,ind_ret_20d,1,0,,,,semiconductor,半导体,all,20d,20日,46
sig_consensus_contrarian,sum,sig_consensus_contrarian_sum,行业共识情绪反转（|均值|×影响力）,ind_ret_20d,1,0,,,,semiconductor,半导体,all,20d,20日,46
sig_contrarian_orig,sum,sig_contrarian_orig_sum,仅原创帖（非 RT）反转,ind_ret_20d,1,0,,,,semiconductor,半导体,all,20d,20日,46
sig_contrarian_orig,wmean,sig_contrarian_orig_wmean,仅原创帖（非 RT）反转,ind_ret_20d,1,0,,,,semiconductor,半导体,all,20d,20日,46
sig_contrarian,sum,sig_contrarian_sum,−Sentiment × Influence（反转）,ind_ret_20d,1,0,,,,semiconductor,半导体,all,20d,20日,46
sig_contrarian_top3,sum,sig_contrarian_top3_sum,仅Top3 KOL的反转信号（日频 sum）,ind_ret_20d,1,0,,,,semiconductor,半导体,all,20d,20日,46
sig_contrarian_top3,wmean,sig_contrarian_top3_wmean,仅Top3 KOL的反转信号（日频 sum）,ind_ret_20d,1,0,,,,semiconductor,半导体,all,20d,20日,46
sig_contrarian_views,sum,sig_contrarian_views_sum,反转 × log(views),ind_ret_20d,1,0,,,,semiconductor,半导体,all,20d,20日,46
sig_contrarian_views,wmean,sig_contrarian_views_wmean,反转 × log(views),ind_ret_20d,1,0,,,,semiconductor,半导体,all,20d,20日,46
sig_contrarian,wmean,sig_contrarian_wmean,−Sentiment × Influence（反转）,ind_ret_20d,1,0,,,,semiconductor,半导体,all,20d,20日,46
sig_contrarian_x_viral,sum,sig_contrarian_x_viral_sum,反转 × 互动惊喜度（连续加权）,ind_ret_20d,1,0,,,,semiconductor,半导体,all,20d,20日,46
sig_contrarian_x_viral,wmean,sig_contrarian_x_viral_wmean,反转 × 互动惊喜度（连续加权）,ind_ret_20d,1,0,,,,semiconductor,半导体,all,20d,20日,46
sig_disagreement,sum,sig_disagreement_sum,sig_disagreement,ind_ret_20d,1,0,,,,semiconductor,半导体,all,20d,20日,46
sig_dispersion_contrarian,sum,sig_dispersion_contrarian_sum,高分歧日 × 情绪反转,ind_ret_20d,1,0,,,,semiconductor,半导体,all,20d,20日,46
sig_dual_confirm_contra,sum,sig_dual_confirm_contra_sum,看空 + 高互动双重确认反转,ind_ret_20d,1,0,,,,semiconductor,半导体,all,20d,20日,46
sig_dual_confirm_contra,wmean,sig_dual_confirm_contra_wmean,看空 + 高互动双重确认反转,ind_ret_20d,1,0,,,,semiconductor,半导体,all,20d,20日,46
sig_engagement,sum,sig_engagement_sum,情绪 × 相对自身互动惊喜度,ind_ret_20d,1,0,,,,semiconductor,半导体,all,20d,20日,46
sig_engagement,wmean,sig_engagement_wmean,情绪 × 相对自身互动惊喜度,ind_ret_20d,1,0,,,,semiconductor,半导体,all,20d,20日,46
sig_extreme_contrarian,sum,sig_extreme_contrarian_sum,仅极端情绪帖（|s|≥0.2）反转,ind_ret_20d,1,0,,,,semiconductor,半导体,all,20d,20日,46
sig_extreme_contrarian,wmean,sig_extreme_contrarian_wmean,仅极端情绪帖（|s|≥0.2）反转,ind_ret_20d,1,0,,,,semiconductor,半导体,all,20d,20日,46
sig_imbalance_contrarian,sum,sig_imbalance_contrarian_sum,情绪方向 × 影响力反转,ind_ret_20d,1,0,,,,semiconductor,半导体,all,20d,20日,46
sig_imbalance_contrarian,wmean,sig_imbalance_contrarian_wmean,情绪方向 × 影响力反转,ind_ret_20d,1,0,,,,semiconductor,半导体,all,20d,20日,46
sig_kol_breadth_contrarian,sum,sig_kol_breadth_contrarian_sum,参与 KOL 数 × 情绪反转,ind_ret_20d,1,0,,,,semiconductor,半导体,all,20d,20日,46
sig_momentum_daily,sum,sig_momentum_daily_sum,跟随行业情绪动量（非反转）,ind_ret_20d,1,0,,,,semiconductor,半导体,all,20d,20日,46
sig_momentum,sum,sig_momentum_sum,跟随情绪 × 影响力（非反转）,ind_ret_20d,1,0,,,,semiconductor,半导体,all,20d,20日,46
sig_momentum,wmean,sig_momentum_wmean,跟随情绪 × 影响力（非反转）,ind_ret_20d,1,0,,,,semiconductor,半导体,all,20d,20日,46
sig_net_crowd_contrarian,sum,sig_net_crowd_contrarian_sum,(看空占比−看多占比) × 情绪反转,ind_ret_20d,1,0,,,,semiconductor,半导体,all,20d,20日,46
sig_nlp_lex_disagree,sum,sig_nlp_lex_disagree_sum,NLP 与词典情绪不一致时反转,ind_ret_20d,1,0,,,,semiconductor,半导体,all,20d,20日,46
sig_nlp_lex_disagree,wmean,sig_nlp_lex_disagree_wmean,NLP 与词典情绪不一致时反转,ind_ret_20d,1,0,,,,semiconductor,半导体,all,20d,20日,46
sig_nlp_minus_lex,sum,sig_nlp_minus_lex_sum,NLP 与词典差 × 反转,ind_ret_20d,1,0,,,,semiconductor,半导体,all,20d,20日,46
sig_nlp_minus_lex,wmean,sig_nlp_minus_lex_wmean,NLP 与词典差 × 反转,ind_ret_20d,1,0,,,,semiconductor,半导体,all,20d,20日,46
sig_original_post,sum,sig_original_post_sum,非转发帖 × Sentiment × Influence,ind_ret_20d,1,0,,,,semiconductor,半导体,all,20d,20日,46
sig_original_post,wmean,sig_original_post_wmean,非转发帖 × Sentiment × Influence,ind_ret_20d,1,0,,,,semiconductor,半导体,all,20d,20日,46
sig_post_burst_contrarian,sum,sig_post_burst_contrarian_sum,发帖密集日 × 情绪反转,ind_ret_20d,1,0,,,,semiconductor,半导体,all,20d,20日,46
sig_rank1_contrarian,sum,sig_rank1_contrarian_sum,仅行业 #1 KOL 反转,ind_ret_20d,1,0,,,,semiconductor,半导体,all,20d,20日,46
sig_rank1_contrarian,wmean,sig_rank1_contrarian_wmean,仅行业 #1 KOL 反转,ind_ret_20d,1,0,,,,semiconductor,半导体,all,20d,20日,46
sig_rank1_momentum,sum,sig_rank1_momentum_sum,仅行业 #1 KOL 跟随,ind_ret_20d,1,0,,,,semiconductor,半导体,all,20d,20日,46
sig_rank1_momentum,wmean,sig_rank1_momentum_wmean,仅行业 #1 KOL 跟随,ind_ret_20d,1,0,,,,semiconductor,半导体,all,20d,20日,46
sig_rank_weighted,sum,sig_rank_weighted_sum,Sentiment × Influence × Top排名权重,ind_ret_20d,1,0,,,,semiconductor,半导体,all,20d,20日,46
sig_rank_weighted,wmean,sig_rank_weighted_wmean,Sentiment × Influence × Top排名权重,ind_ret_20d,1,0,,,,semiconductor,半导体,all,20d,20日,46
sig_rt_contrarian,sum,sig_rt_contrarian_sum,仅转发帖反转,ind_ret_20d,1,0,,,,semiconductor,半导体,all,20d,20日,46
sig_rt_contrarian,wmean,sig_rt_contrarian_wmean,仅转发帖反转,ind_ret_20d,1,0,,,,semiconductor,半导体,all,20d,20日,46
sig_sentiment_delta_contra,sum,sig_sentiment_delta_contra_sum,情绪突变反转 × 影响力,ind_ret_20d,1,0,,,,semiconductor,半导体,all,20d,20日,46
sig_sentiment_delta,sum,sig_sentiment_delta_sum,情绪相对5日均值突变 × 当日影响力,ind_ret_20d,1,0,,,,semiconductor,半导体,all,20d,20日,46
sig_sentiment_x_likes,sum,sig_sentiment_x_likes_sum,Sentiment × log(1+likes),ind_ret_20d,1,0,,,,semiconductor,半导体,all,20d,20日,46
sig_sentiment_x_likes,wmean,sig_sentiment_x_likes_wmean,Sentiment × log(1+likes),ind_ret_20d,1,0,,,,semiconductor,半导体,all,20d,20日,46
sig_strong_bear_only,sum,sig_strong_bear_only_sum,强看空 (s<-0.2) 反转,ind_ret_20d,1,0,,,,semiconductor,半导体,all,20d,20日,46
sig_strong_bear_only,wmean,sig_strong_bear_only_wmean,强看空 (s<-0.2) 反转,ind_ret_20d,1,0,,,,semiconductor,半导体,all,20d,20日,46
sig_strong_bull_fade,sum,sig_strong_bull_fade_sum,强看多 (s>0.2) 反转,ind_ret_20d,1,0,,,,semiconductor,半导体,all,20d,20日,46
sig_strong_bull_fade,wmean,sig_strong_bull_fade_wmean,强看多 (s>0.2) 反转,ind_ret_20d,1,0,,,,semiconductor,半导体,all,20d,20日,46
sig_surprise_contrarian,sum,sig_surprise_contrarian_sum,相对该 KOL 历史情绪的意外 × 反转,ind_ret_20d,1,0,,,,semiconductor,半导体,all,20d,20日,46
sig_surprise_contrarian,wmean,sig_surprise_contrarian_wmean,相对该 KOL 历史情绪的意外 × 反转,ind_ret_20d,1,0,,,,semiconductor,半导体,all,20d,20日,46
sig_top_rank_only,sum,sig_top_rank_only_sum,仅行业排名前3 KOL,ind_ret_20d,1,0,,,,semiconductor,半导体,all,20d,20日,46
sig_top_rank_only,wmean,sig_top_rank_only_wmean,仅行业排名前3 KOL,ind_ret_20d,1,0,,,,semiconductor,半导体,all,20d,20日,46
sig_unanimity_contrarian,sum,sig_unanimity_contrarian_sum,低分歧时加强反转（一致预期）,ind_ret_20d,1,0,,,,semiconductor,半导体,all,20d,20日,46
sig_views_weighted,sum,sig_views_weighted_sum,情绪 × log(views),ind_ret_20d,1,0,,,,semiconductor,半导体,all,20d,20日,46
sig_views_weighted,wmean,sig_views_weighted_wmean,情绪 × log(views),ind_ret_20d,1,0,,,,semiconductor,半导体,all,20d,20日,46
sig_viral_contrarian,sum,sig_viral_contrarian_sum,高互动惊喜帖才做情绪反转,ind_ret_20d,1,0,,,,semiconductor,半导体,all,20d,20日,46
sig_viral_contrarian,wmean,sig_viral_contrarian_wmean,高互动惊喜帖才做情绪反转,ind_ret_20d,1,0,,,,semiconductor,半导体,all,20d,20日,46
sig_attention_raw,sum,sig_attention_raw_sum,纯 Influence（无情绪）,ind_ret_20d,1,0,,,,unclassified,未分类,all,20d,20日,46
sig_attention_raw,wmean,sig_attention_raw_wmean,纯 Influence（无情绪）,ind_ret_20d,1,0,,,,unclassified,未分类,all,20d,20日,46
sig_attention,sum,sig_attention_sum,Influence × sign(Sentiment),ind_ret_20d,1,0,,,,unclassified,未分类,all,20d,20日,46
sig_attention,wmean,sig_attention_wmean,Influence × sign(Sentiment),ind_ret_20d,1,0,,,,unclassified,未分类,all,20d,20日,46
sig_baseline,sum,sig_baseline_sum,Sentiment × Influence（原版）,ind_ret_20d,1,0,,,,unclassified,未分类,all,20d,20日,46
sig_baseline,wmean,sig_baseline_wmean,Sentiment × Influence（原版）,ind_ret_20d,1,0,,,,unclassified,未分类,all,20d,20日,46
sig_bear_bounce,sum,sig_bear_bounce_sum,仅明显看空帖反转（恐慌反弹）,ind_ret_20d,1,0,,,,unclassified,未分类,all,20d,20日,46
sig_bear_bounce,wmean,sig_bear_bounce_wmean,仅明显看空帖反转（恐慌反弹）,ind_ret_20d,1,0,,,,unclassified,未分类,all,20d,20日,46
sig_bear_crowd_strict,sum,sig_bear_crowd_strict_sum,严格恐慌：bear_ratio>0.5 才 bear_crowd,ind_ret_20d,1,0,,,,unclassified,未分类,all,20d,20日,46
sig_bear_crowd,sum,sig_bear_crowd_sum,看空帖占比 × 情绪反转（恐慌反弹）,ind_ret_20d,1,0,,,,unclassified,未分类,all,20d,20日,46
sig_bear_only,sum,sig_bear_only_sum,仅看空情绪 × Influence,ind_ret_20d,1,0,,,,unclassified,未分类,all,20d,20日,46
sig_bear_only,wmean,sig_bear_only_wmean,仅看空情绪 × Influence,ind_ret_20d,1,0,,,,unclassified,未分类,all,20d,20日,46
sig_bear_x_eng,sum,sig_bear_x_eng_sum,看空帖 × 互动惊喜 × 反转,ind_ret_20d,1,0,,,,unclassified,未分类,all,20d,20日,46
sig_bear_x_eng,wmean,sig_bear_x_eng_wmean,看空帖 × 互动惊喜 × 反转,ind_ret_20d,1,0,,,,unclassified,未分类,all,20d,20日,46
sig_bull_crowd,sum,sig_bull_crowd_sum,看多帖占比 × 情绪（拥挤做多，对照）,ind_ret_20d,1,0,,,,unclassified,未分类,all,20d,20日,46
sig_bull_fade,sum,sig_bull_fade_sum,仅明显看多帖反转（拥挤做多）,ind_ret_20d,1,0,,,,unclassified,未分类,all,20d,20日,46
sig_bull_fade,wmean,sig_bull_fade_wmean,仅明显看多帖反转（拥挤做多）,ind_ret_20d,1,0,,,,unclassified,未分类,all,20d,20日,46
sig_bull_only,sum,sig_bull_only_sum,仅看多情绪 × Influence,ind_ret_20d,1,0,,,,unclassified,未分类,all,20d,20日,46
sig_bull_only,wmean,sig_bull_only_wmean,仅看多情绪 × Influence,ind_ret_20d,1,0,,,,unclassified,未分类,all,20d,20日,46
sig_bull_x_eng,sum,sig_bull_x_eng_sum,看多帖 × 互动惊喜（对照）,ind_ret_20d,1,0,,,,unclassified,未分类,all,20d,20日,46
sig_bull_x_eng,wmean,sig_bull_x_eng_wmean,看多帖 × 互动惊喜（对照）,ind_ret_20d,1,0,,,,unclassified,未分类,all,20d,20日,46
sig_consensus_contrarian,sum,sig_consensus_contrarian_sum,行业共识情绪反转（|均值|×影响力）,ind_ret_20d,1,0,,,,unclassified,未分类,all,20d,20日,46
sig_contrarian_orig,sum,sig_contrarian_orig_sum,仅原创帖（非 RT）反转,ind_ret_20d,1,0,,,,unclassified,未分类,all,20d,20日,46
sig_contrarian_orig,wmean,sig_contrarian_orig_wmean,仅原创帖（非 RT）反转,ind_ret_20d,1,0,,,,unclassified,未分类,all,20d,20日,46
sig_contrarian,sum,sig_contrarian_sum,−Sentiment × Influence（反转）,ind_ret_20d,1,0,,,,unclassified,未分类,all,20d,20日,46
sig_contrarian_top3,sum,sig_contrarian_top3_sum,仅Top3 KOL的反转信号（日频 sum）,ind_ret_20d,1,0,,,,unclassified,未分类,all,20d,20日,46
sig_contrarian_top3,wmean,sig_contrarian_top3_wmean,仅Top3 KOL的反转信号（日频 sum）,ind_ret_20d,1,0,,,,unclassified,未分类,all,20d,20日,46
sig_contrarian_views,sum,sig_contrarian_views_sum,反转 × log(views),ind_ret_20d,1,0,,,,unclassified,未分类,all,20d,20日,46
sig_contrarian_views,wmean,sig_contrarian_views_wmean,反转 × log(views),ind_ret_20d,1,0,,,,unclassified,未分类,all,20d,20日,46
sig_contrarian,wmean,sig_contrarian_wmean,−Sentiment × Influence（反转）,ind_ret_20d,1,0,,,,unclassified,未分类,all,20d,20日,46
sig_contrarian_x_viral,sum,sig_contrarian_x_viral_sum,反转 × 互动惊喜度（连续加权）,ind_ret_20d,1,0,,,,unclassified,未分类,all,20d,20日,46
sig_contrarian_x_viral,wmean,sig_contrarian_x_viral_wmean,反转 × 互动惊喜度（连续加权）,ind_ret_20d,1,0,,,,unclassified,未分类,all,20d,20日,46
sig_disagreement,sum,sig_disagreement_sum,sig_disagreement,ind_ret_20d,1,0,,,,unclassified,未分类,all,20d,20日,46
sig_dispersion_contrarian,sum,sig_dispersion_contrarian_sum,高分歧日 × 情绪反转,ind_ret_20d,1,0,,,,unclassified,未分类,all,20d,20日,46
sig_dual_confirm_contra,sum,sig_dual_confirm_contra_sum,看空 + 高互动双重确认反转,ind_ret_20d,1,0,,,,unclassified,未分类,all,20d,20日,46
sig_dual_confirm_contra,wmean,sig_dual_confirm_contra_wmean,看空 + 高互动双重确认反转,ind_ret_20d,1,0,,,,unclassified,未分类,all,20d,20日,46
sig_engagement,sum,sig_engagement_sum,情绪 × 相对自身互动惊喜度,ind_ret_20d,1,0,,,,unclassified,未分类,all,20d,20日,46
sig_engagement,wmean,sig_engagement_wmean,情绪 × 相对自身互动惊喜度,ind_ret_20d,1,0,,,,unclassified,未分类,all,20d,20日,46
sig_extreme_contrarian,sum,sig_extreme_contrarian_sum,仅极端情绪帖（|s|≥0.2）反转,ind_ret_20d,1,0,,,,unclassified,未分类,all,20d,20日,46
sig_extreme_contrarian,wmean,sig_extreme_contrarian_wmean,仅极端情绪帖（|s|≥0.2）反转,ind_ret_20d,1,0,,,,unclassified,未分类,all,20d,20日,46
sig_imbalance_contrarian,sum,sig_imbalance_contrarian_sum,情绪方向 × 影响力反转,ind_ret_20d,1,0,,,,unclassified,未分类,all,20d,20日,46
sig_imbalance_contrarian,wmean,sig_imbalance_contrarian_wmean,情绪方向 × 影响力反转,ind_ret_20d,1,0,,,,unclassified,未分类,all,20d,20日,46
sig_kol_breadth_contrarian,sum,sig_kol_breadth_contrarian_sum,参与 KOL 数 × 情绪反转,ind_ret_20d,1,0,,,,unclassified,未分类,all,20d,20日,46
sig_momentum_daily,sum,sig_momentum_daily_sum,跟随行业情绪动量（非反转）,ind_ret_20d,1,0,,,,unclassified,未分类,all,20d,20日,46
sig_momentum,sum,sig_momentum_sum,跟随情绪 × 影响力（非反转）,ind_ret_20d,1,0,,,,unclassified,未分类,all,20d,20日,46
sig_momentum,wmean,sig_momentum_wmean,跟随情绪 × 影响力（非反转）,ind_ret_20d,1,0,,,,unclassified,未分类,all,20d,20日,46
sig_net_crowd_contrarian,sum,sig_net_crowd_contrarian_sum,(看空占比−看多占比) × 情绪反转,ind_ret_20d,1,0,,,,unclassified,未分类,all,20d,20日,46
sig_nlp_lex_disagree,sum,sig_nlp_lex_disagree_sum,NLP 与词典情绪不一致时反转,ind_ret_20d,1,0,,,,unclassified,未分类,all,20d,20日,46
sig_nlp_lex_disagree,wmean,sig_nlp_lex_disagree_wmean,NLP 与词典情绪不一致时反转,ind_ret_20d,1,0,,,,unclassified,未分类,all,20d,20日,46
sig_nlp_minus_lex,sum,sig_nlp_minus_lex_sum,NLP 与词典差 × 反转,ind_ret_20d,1,0,,,,unclassified,未分类,all,20d,20日,46
sig_nlp_minus_lex,wmean,sig_nlp_minus_lex_wmean,NLP 与词典差 × 反转,ind_ret_20d,1,0,,,,unclassified,未分类,all,20d,20日,46
sig_original_post,sum,sig_original_post_sum,非转发帖 × Sentiment × Influence,ind_ret_20d,1,0,,,,unclassified,未分类,all,20d,20日,46
sig_original_post,wmean,sig_original_post_wmean,非转发帖 × Sentiment × Influence,ind_ret_20d,1,0,,,,unclassified,未分类,all,20d,20日,46
sig_post_burst_contrarian,sum,sig_post_burst_contrarian_sum,发帖密集日 × 情绪反转,ind_ret_20d,1,0,,,,unclassified,未分类,all,20d,20日,46
sig_rank1_contrarian,sum,sig_rank1_contrarian_sum,仅行业 #1 KOL 反转,ind_ret_20d,1,0,,,,unclassified,未分类,all,20d,20日,46
sig_rank1_contrarian,wmean,sig_rank1_contrarian_wmean,仅行业 #1 KOL 反转,ind_ret_20d,1,0,,,,unclassified,未分类,all,20d,20日,46
sig_rank1_momentum,sum,sig_rank1_momentum_sum,仅行业 #1 KOL 跟随,ind_ret_20d,1,0,,,,unclassified,未分类,all,20d,20日,46
sig_rank1_momentum,wmean,sig_rank1_momentum_wmean,仅行业 #1 KOL 跟随,ind_ret_20d,1,0,,,,unclassified,未分类,all,20d,20日,46
sig_rank_weighted,sum,sig_rank_weighted_sum,Sentiment × Influence × Top排名权重,ind_ret_20d,1,0,,,,unclassified,未分类,all,20d,20日,46
sig_rank_weighted,wmean,sig_rank_weighted_wmean,Sentiment × Influence × Top排名权重,ind_ret_20d,1,0,,,,unclassified,未分类,all,20d,20日,46
sig_rt_contrarian,sum,sig_rt_contrarian_sum,仅转发帖反转,ind_ret_20d,1,0,,,,unclassified,未分类,all,20d,20日,46
sig_rt_contrarian,wmean,sig_rt_contrarian_wmean,仅转发帖反转,ind_ret_20d,1,0,,,,unclassified,未分类,all,20d,20日,46
sig_sentiment_delta_contra,sum,sig_sentiment_delta_contra_sum,情绪突变反转 × 影响力,ind_ret_20d,1,0,,,,unclassified,未分类,all,20d,20日,46
sig_sentiment_delta,sum,sig_sentiment_delta_sum,情绪相对5日均值突变 × 当日影响力,ind_ret_20d,1,0,,,,unclassified,未分类,all,20d,20日,46
sig_sentiment_x_likes,sum,sig_sentiment_x_likes_sum,Sentiment × log(1+likes),ind_ret_20d,1,0,,,,unclassified,未分类,all,20d,20日,46
sig_sentiment_x_likes,wmean,sig_sentiment_x_likes_wmean,Sentiment × log(1+likes),ind_ret_20d,1,0,,,,unclassified,未分类,all,20d,20日,46
sig_strong_bear_only,sum,sig_strong_bear_only_sum,强看空 (s<-0.2) 反转,ind_ret_20d,1,0,,,,unclassified,未分类,all,20d,20日,46
sig_strong_bear_only,wmean,sig_strong_bear_only_wmean,强看空 (s<-0.2) 反转,ind_ret_20d,1,0,,,,unclassified,未分类,all,20d,20日,46
sig_strong_bull_fade,sum,sig_strong_bull_fade_sum,强看多 (s>0.2) 反转,ind_ret_20d,1,0,,,,unclassified,未分类,all,20d,20日,46
sig_strong_bull_fade,wmean,sig_strong_bull_fade_wmean,强看多 (s>0.2) 反转,ind_ret_20d,1,0,,,,unclassified,未分类,all,20d,20日,46
sig_surprise_contrarian,sum,sig_surprise_contrarian_sum,相对该 KOL 历史情绪的意外 × 反转,ind_ret_20d,1,0,,,,unclassified,未分类,all,20d,20日,46
sig_surprise_contrarian,wmean,sig_surprise_contrarian_wmean,相对该 KOL 历史情绪的意外 × 反转,ind_ret_20d,1,0,,,,unclassified,未分类,all,20d,20日,46
sig_top_rank_only,sum,sig_top_rank_only_sum,仅行业排名前3 KOL,ind_ret_20d,1,0,,,,unclassified,未分类,all,20d,20日,46
sig_top_rank_only,wmean,sig_top_rank_only_wmean,仅行业排名前3 KOL,ind_ret_20d,1,0,,,,unclassified,未分类,all,20d,20日,46
sig_unanimity_contrarian,sum,sig_unanimity_contrarian_sum,低分歧时加强反转（一致预期）,ind_ret_20d,1,0,,,,unclassified,未分类,all,20d,20日,46
sig_views_weighted,sum,sig_views_weighted_sum,情绪 × log(views),ind_ret_20d,1,0,,,,unclassified,未分类,all,20d,20日,46
sig_views_weighted,wmean,sig_views_weighted_wmean,情绪 × log(views),ind_ret_20d,1,0,,,,unclassified,未分类,all,20d,20日,46
sig_viral_contrarian,sum,sig_viral_contrarian_sum,高互动惊喜帖才做情绪反转,ind_ret_20d,1,0,,,,unclassified,未分类,all,20d,20日,46
sig_viral_contrarian,wmean,sig_viral_contrarian_wmean,高互动惊喜帖才做情绪反转,ind_ret_20d,1,0,,,,unclassified,未分类,all,20d,20日,46
