tweet_id,username,event_date,industry,industry_label,kol_rank_in_industry,sentiment,influence,sig_baseline,sig_contrarian,sig_rank_weighted,sig_top_rank_only,sig_bull_only,sig_bear_only,sig_engagement,sig_attention,sig_attention_raw,sig_original_post,sig_sentiment_x_likes,sig_contrarian_top3,sig_surprise_contrarian,sig_viral_contrarian,sig_contrarian_x_viral,sig_extreme_contrarian,sig_contrarian_orig,sig_bull_fade,sig_bear_bounce,sig_nlp_lex_disagree,sig_bear_x_eng,sig_bull_x_eng,sig_imbalance_contrarian,sig_momentum,sig_rank1_contrarian,sig_rank1_momentum,sig_views_weighted,sig_contrarian_views,sig_nlp_minus_lex,sig_strong_bear_only,sig_strong_bull_fade,sig_rt_contrarian,sig_dual_confirm_contra,ind_ret_1h,ind_ret_1d
2054407159618920685,0xAllen,2026-05-13,unclassified,未分类,22.0,0.2484,1.8309801823813363,0.45481547730352395,-0.45481547730352395,0.0909630954607048,0.0,0.45481547730352395,0.0,0.2116640264334797,1.8309801823813363,1.8309801823813363,0.45481547730352395,0.672679669953789,0.0,-0.45481547730352395,0.0,-0.3875526377227407,-0.45481547730352395,-0.45481547730352395,-0.45481547730352395,0.0,0.0,0.0,0.3875526377227407,-0.45481547730352395,0.45481547730352395,0.0,0.0,1.943790930391653,-1.943790930391653,-0.45481547730352395,0.0,-0.45481547730352395,0.0,0.0,,
2054810728377569512,0xAllen,2026-05-14,unclassified,未分类,22.0,-0.2499,1.8309801823813363,-0.45756194757709595,0.45756194757709595,-0.09151238951541919,0.0,0.0,-0.45756194757709595,-0.3351874317232687,-1.8309801823813363,1.8309801823813363,-0.45756194757709595,-1.0652437012726248,0.0,0.45756194757709595,0.45756194757709595,0.6137215448686023,0.45756194757709595,0.45756194757709595,0.0,0.45756194757709595,0.0,0.6137215448686022,0.0,-0.45756194757709595,-0.45756194757709595,0.0,0.0,-2.5417692537419296,2.5417692537419296,0.45756194757709595,0.45756194757709595,0.0,0.0,0.45756194757709595,,
2054922395484557617,0xAllen,2026-05-14,unclassified,未分类,22.0,0.2499,1.8309801823813363,0.45756194757709595,-0.45756194757709595,0.09151238951541919,0.0,0.45756194757709595,0.0,0.2499,1.8309801823813363,1.8309801823813363,0.45756194757709595,0.7941956522039517,0.0,-0.45756194757709595,0.0,-0.45756194757709595,-0.45756194757709595,-0.45756194757709595,-0.45756194757709595,0.0,0.0,0.0,0.45756194757709595,-0.45756194757709595,0.45756194757709595,0.0,0.0,2.2577656830512893,-2.2577656830512893,-0.45756194757709595,0.0,-0.45756194757709595,0.0,0.0,,
2055844332423496111,0xAllen,2026-05-17,unclassified,未分类,22.0,1.0,1.8309801823813363,1.8309801823813363,-1.8309801823813363,0.3661960364762673,0.0,1.8309801823813363,0.0,0.6122961576274708,1.8309801823813363,1.8309801823813363,1.8309801823813363,1.9459101490553132,0.0,-1.6793750232801616,0.0,-1.121102130364138,-1.8309801823813363,-1.8309801823813363,-1.8309801823813363,0.0,0.0,0.0,1.121102130364138,-1.8309801823813363,1.8309801823813363,0.0,0.0,7.84971375760487,-7.84971375760487,-1.8309801823813363,0.0,-1.8309801823813363,0.0,0.0,,
2055921282043322556,0xAllen,2026-05-17,unclassified,未分类,22.0,0.2497,1.8309801823813363,0.4571957515406197,-0.4571957515406197,0.09143915030812394,0.0,0.4571957515406197,0.0,0.2645687624037404,1.8309801823813363,1.8309801823813363,0.4571957515406197,0.8408137687476226,0.0,0.11425316338059535,-0.4571957515406197,-0.484420160838405,-0.4571957515406197,-0.4571957515406197,-0.4571957515406197,0.0,0.0,0.0,0.484420160838405,-0.4571957515406197,0.4571957515406197,0.0,0.0,1.8486964714160896,-1.8486964714160896,-0.4571957515406197,0.0,-0.4571957515406197,0.0,0.0,,
2054934641497567514,0xCheshire,2026-05-14,crypto,加密,7.0,0.2497,1.9726911717329554,0.492580985581719,-0.492580985581719,0.0985161971163438,0.0,0.492580985581719,0.0,0.35809290661787674,1.9726911717329554,1.9726911717329554,0.492580985581719,1.4183391004715618,0.0,-0.492580985581719,-0.492580985581719,-0.706406715545279,-0.492580985581719,-0.492580985581719,-0.492580985581719,0.0,0.0,0.0,0.706406715545279,-0.492580985581719,0.492580985581719,0.0,0.0,2.5023556530373727,-2.5023556530373727,-0.492580985581719,0.0,-0.492580985581719,0.0,0.0,0.0076474658732457,-0.0244977136379759
2055273356656791872,0xCheshire,2026-05-15,crypto,加密,7.0,0.25,1.9726911717329554,0.49317279293323885,-0.49317279293323885,0.09863455858664777,0.0,0.49317279293323885,0.0,0.33536080544172786,1.9726911717329554,1.9726911717329554,0.49317279293323885,1.3283014947604468,0.0,-0.49317279293323885,-0.49317279293323885,-0.6615633002401499,-0.49317279293323885,-0.49317279293323885,-0.49317279293323885,0.0,0.0,0.0,0.6615633002401499,-0.49317279293323885,0.49317279293323885,0.0,0.0,2.4499203459526346,-2.4499203459526346,-0.49317279293323885,0.0,-0.49317279293323885,0.0,0.0,-0.0126276560457356,-0.0118160267665125
2055273591294627843,0xCheshire,2026-05-15,crypto,加密,7.0,0.25,1.9726911717329554,0.49317279293323885,-0.49317279293323885,0.09863455858664777,0.0,0.49317279293323885,0.0,0.0,1.9726911717329554,1.9726911717329554,0.0,0.0,0.0,-0.49317279293323885,0.0,-0.24658639646661942,-0.49317279293323885,0.0,-0.49317279293323885,0.0,0.0,0.0,0.0,-0.49317279293323885,0.49317279293323885,0.0,0.0,0.0,-0.0,-0.49317279293323885,0.0,-0.49317279293323885,-0.49317279293323885,0.0,-0.0126276560457356,-0.0118160267665125
2055295054793871561,0xCheshire,2026-05-15,crypto,加密,7.0,0.2463,1.9726911717329554,0.4858738355978269,-0.4858738355978269,0.09717476711956538,0.0,0.4858738355978269,0.0,0.0,1.9726911717329554,1.9726911717329554,0.0,0.0,0.0,0.007101688218238679,0.0,-0.24293691779891344,-0.4858738355978269,0.0,-0.4858738355978269,0.0,0.0,0.0,0.0,-0.4858738355978269,0.4858738355978269,0.0,0.0,0.5671267084044335,-0.5671267084044335,-0.4858738355978269,0.0,-0.4858738355978269,-0.4858738355978269,0.0,0.0003669709908196,-0.0118160267665125
2055569752509272560,0xCheshire,2026-05-16,crypto,加密,7.0,0.2271,1.9726911717329554,0.4479981651005542,-0.4479981651005542,0.08959963302011084,0.0,0.4479981651005542,0.0,0.0,1.9726911717329554,1.9726911717329554,0.0,0.0,0.0,0.04320193666095173,0.0,-0.2239990825502771,-0.4479981651005542,0.0,-0.4479981651005542,0.0,0.0,0.0,0.0,-0.4479981651005542,0.4479981651005542,0.0,0.0,0.0,-0.0,-0.4479981651005542,0.0,-0.4479981651005542,-0.4479981651005542,0.0,-0.004444982372882,0.0030410494175279
2055572694092153317,0xCheshire,2026-05-16,crypto,加密,7.0,0.25,1.9726911717329554,0.49317279293323885,-0.49317279293323885,0.09863455858664777,0.0,0.49317279293323885,0.0,0.20802779157210216,1.9726911717329554,1.9726911717329554,0.49317279293323885,0.8239592165010823,0.0,-0.010613078503923292,0.0,-0.41037458790938924,-0.49317279293323885,-0.49317279293323885,-0.49317279293323885,0.0,0.0,0.0,0.41037458790938924,-0.49317279293323885,0.49317279293323885,0.0,0.0,2.4627062249882057,-2.4627062249882057,-0.49317279293323885,0.0,-0.49317279293323885,0.0,0.0,-0.0035053956694676,0.0030410494175279
2055597557955637522,0xCheshire,2026-05-16,crypto,加密,7.0,-0.1192,1.9726911717329554,-0.2351447876705683,0.2351447876705683,-0.04702895753411366,0.0,0.0,-0.2351447876705683,-0.17378414854615018,-1.9726911717329554,1.9726911717329554,-0.2351447876705683,-0.6883265442288935,0.0,0.7194733485172045,0.2351447876705683,0.342822455624119,0.0,0.2351447876705683,0.0,0.2351447876705683,0.0,0.34282245562411895,0.0,-0.2351447876705683,-0.2351447876705683,0.0,0.0,-1.4181358049679686,1.4181358049679686,0.2351447876705683,0.0,0.0,0.0,0.2351447876705683,0.0028147077835964,0.0030410494175279
2055607945799606745,0xCheshire,2026-05-16,crypto,加密,7.0,0.25,1.9726911717329554,0.49317279293323885,-0.49317279293323885,0.09863455858664777,0.0,0.49317279293323885,0.0,0.18584813604485148,1.9726911717329554,1.9726911717329554,0.49317279293323885,0.7361097447916101,0.0,-0.11162613901763191,0.0,-0.3666209772587038,-0.49317279293323885,-0.49317279293323885,-0.49317279293323885,0.0,0.0,0.0,0.3666209772587038,-0.49317279293323885,0.49317279293323885,0.0,0.0,2.3690592130890105,-2.3690592130890105,-0.49317279293323885,0.0,-0.49317279293323885,0.0,0.0,-0.0020585170116197,0.0030410494175279
2055618764478308423,0xCheshire,2026-05-16,crypto,加密,7.0,0.2463,1.9726911717329554,0.4858738355978269,-0.4858738355978269,0.09717476711956538,0.0,0.4858738355978269,0.0,0.0,1.9726911717329554,1.9726911717329554,0.0,0.0,0.0,-0.09037391430501597,0.0,-0.24293691779891344,-0.4858738355978269,0.0,-0.4858738355978269,0.0,0.0,0.0,0.0,-0.4858738355978269,0.4858738355978269,0.0,0.0,0.0,-0.0,-0.4858738355978269,0.0,-0.4858738355978269,-0.4858738355978269,0.0,-0.000954044217562,0.0030410494175279
2055624860198645931,0xCheshire,2026-05-16,crypto,加密,7.0,0.25,1.9726911717329554,0.49317279293323885,-0.49317279293323885,0.09863455858664777,0.0,0.49317279293323885,0.0,0.2551907332355522,1.9726911717329554,1.9726911717329554,0.49317279293323885,1.0107628169586376,0.0,-0.08763132560653729,0.0,-0.5034125065618335,-0.49317279293323885,-0.49317279293323885,-0.49317279293323885,0.0,0.0,0.0,0.5034125065618335,-0.49317279293323885,0.49317279293323885,0.0,0.0,2.6305653352765597,-2.6305653352765597,-0.49317279293323885,0.0,-0.49317279293323885,0.0,0.0,-0.001003865292385,0.0030410494175279
2055627645828927631,0xCheshire,2026-05-16,crypto,加密,7.0,0.2498,1.9726911717329554,0.49277825469889225,-0.49277825469889225,0.09855565093977846,0.0,0.49277825469889225,0.0,0.0,1.9726911717329554,1.9726911717329554,0.0,0.0,0.0,-0.07847365481153692,0.0,-0.24638912734944612,-0.49277825469889225,0.0,-0.49277825469889225,0.0,0.0,0.0,0.0,-0.49277825469889225,0.49277825469889225,0.0,0.0,0.0,-0.0,-0.49277825469889225,0.0,-0.49277825469889225,-0.49277825469889225,0.0,-0.0023404352863286,0.0030410494175279
2055635659873030623,0xCheshire,2026-05-16,crypto,加密,7.0,0.25,1.9726911717329554,0.49317279293323885,-0.49317279293323885,0.09863455858664777,0.0,0.49317279293323885,0.0,0.24434382822083528,1.9726911717329554,1.9726911717329554,0.49317279293323885,0.9678002527269728,0.0,-0.07173422442665289,0.0,-0.48201491279867553,-0.49317279293323885,-0.49317279293323885,-0.49317279293323885,0.0,0.0,0.0,0.48201491279867553,-0.49317279293323885,0.49317279293323885,0.0,0.0,2.248201514856621,-2.248201514856621,-0.49317279293323885,0.0,-0.49317279293323885,0.0,0.0,-0.0005621901702216,0.0030410494175279
2055644702289133598,0xCheshire,2026-05-16,crypto,加密,7.0,0.25,1.9726911717329554,0.49317279293323885,-0.49317279293323885,0.09863455858664777,0.0,0.49317279293323885,0.0,0.0,1.9726911717329554,1.9726911717329554,0.0,0.0,0.0,-0.0657563723910985,0.0,-0.24658639646661942,-0.49317279293323885,0.0,-0.49317279293323885,0.0,0.0,0.0,0.0,-0.49317279293323885,0.49317279293323885,0.0,0.0,0.0,-0.0,-0.49317279293323885,0.0,-0.49317279293323885,-0.49317279293323885,0.0,0.0041387270732791,0.0030410494175279
2055648066561286537,0xCheshire,2026-05-16,crypto,加密,7.0,0.25,1.9726911717329554,0.49317279293323885,-0.49317279293323885,0.09863455858664777,0.0,0.49317279293323885,0.0,0.20317013748437174,1.9726911717329554,1.9726911717329554,0.49317279293323885,0.8047189562170501,0.0,-0.060698189899475556,0.0,-0.4007919365751909,-0.49317279293323885,-0.49317279293323885,-0.49317279293323885,0.0,0.0,0.0,0.4007919365751909,-0.49317279293323885,0.49317279293323885,0.0,0.0,2.1649768234038533,-2.1649768234038533,-0.49317279293323885,0.0,-0.49317279293323885,0.0,0.0,0.0020903533137248,0.0030410494175279
2055651822661255322,0xCheshire,2026-05-16,crypto,加密,7.0,0.2496,1.9726911717329554,0.49238371646454565,-0.49238371646454565,0.09847674329290913,0.0,0.49238371646454565,0.0,0.0,1.9726911717329554,1.9726911717329554,0.0,0.0,0.0,-0.05557352843796263,0.0,-0.24619185823227283,-0.49238371646454565,0.0,-0.49238371646454565,0.0,0.0,0.0,0.0,-0.49238371646454565,0.49238371646454565,0.0,0.0,0.34601907253552466,-0.34601907253552466,-0.49238371646454565,0.0,-0.49238371646454565,-0.49238371646454565,0.0,0.0024115870101837,0.0030410494175279
2050089615739269289,0xcryptowizard,2026-05-01,crypto,加密,5.0,0.25,2.1258479144939915,0.5314619786234979,-0.5314619786234979,0.10629239572469958,0.0,0.5314619786234979,0.0,0.277013678516606,2.1258479144939915,2.1258479144939915,0.5314619786234979,1.452035622495111,0.0,-0.5314619786234979,-0.5314619786234979,-0.5888889507608359,-0.5314619786234979,-0.5314619786234979,-0.5314619786234979,0.0,0.0,0.0,0.5888889507608359,-0.5314619786234979,0.5314619786234979,0.0,0.0,2.686801897893862,-2.686801897893862,-0.5314619786234979,0.0,-0.5314619786234979,0.0,0.0,-0.0022964695490629,0.0061173716726998
2050193863923699830,0xcryptowizard,2026-05-01,crypto,加密,5.0,0.25,2.1258479144939915,0.5314619786234979,-0.5314619786234979,0.10629239572469958,0.0,0.5314619786234979,0.0,0.25915605941793113,2.1258479144939915,2.1258479144939915,0.5314619786234979,1.35843050088856,0.0,-0.5314619786234979,0.0,-0.5509263684420899,-0.5314619786234979,-0.5314619786234979,-0.5314619786234979,0.0,0.0,0.0,0.5509263684420899,-0.5314619786234979,0.5314619786234979,0.0,0.0,2.7137670512971828,-2.7137670512971828,-0.5314619786234979,0.0,-0.5314619786234979,0.0,0.0,0.0037769919011767,0.0061173716726998
2051508122813178070,0xcryptowizard,2026-05-05,crypto,加密,5.0,0.2478,2.1258479144939915,0.526785113211611,-0.526785113211611,0.10535702264232222,0.0,0.526785113211611,0.0,0.23781050732507772,2.1258479144939915,2.1258479144939915,0.526785113211611,1.2465425169210453,0.0,-0.526785113211611,0.0,-0.5055489710417745,-0.526785113211611,-0.526785113211611,-0.526785113211611,0.0,0.0,0.0,0.5055489710417745,-0.526785113211611,0.526785113211611,0.0,0.0,2.6890616575927644,-2.6890616575927644,-0.526785113211611,0.0,-0.526785113211611,0.0,0.0,-0.0019822420847663,0.0061842923164892
2051907087614259366,0xcryptowizard,2026-05-06,crypto,加密,5.0,0.2499,2.1258479144939915,0.5312493938320485,-0.5312493938320485,0.1062498787664097,0.0,0.5312493938320485,0.0,0.1708440678551123,2.1258479144939915,2.1258479144939915,0.5312493938320485,0.8955213827201819,0.0,-0.0013463703458462233,0.0,-0.3631885053534605,-0.5312493938320485,-0.5312493938320485,-0.5312493938320485,0.0,0.0,0.0,0.3631885053534605,-0.5312493938320485,0.5312493938320485,0.0,0.0,2.438610707099928,-2.438610707099928,-0.5312493938320485,0.0,-0.5312493938320485,0.0,0.0,0.0034298674995616,-0.0174085968313082
2052582908330930578,0xcryptowizard,2026-05-08,crypto,加密,5.0,0.25,2.1258479144939915,0.5314619786234979,-0.5314619786234979,0.10629239572469958,0.0,0.5314619786234979,0.0,0.2863495247794892,2.1258479144939915,2.1258479144939915,0.5314619786234979,1.5009717667766347,0.0,-0.0012223625508340284,-0.5314619786234979,-0.6087355400688227,-0.5314619786234979,-0.5314619786234979,-0.5314619786234979,0.0,0.0,0.0,0.6087355400688227,-0.5314619786234979,0.5314619786234979,0.0,0.0,3.0422626783213644,-3.0422626783213644,-0.5314619786234979,0.0,-0.5314619786234979,0.0,0.0,-0.0006783208366329,0.0059561145630133
2053080312721412468,0xcryptowizard,2026-05-09,crypto,加密,5.0,-0.0953,2.1258479144939915,-0.2025933062512774,0.2025933062512774,-0.04051866125025548,0.0,0.0,-0.2025933062512774,-0.11265731132811999,-2.1258479144939915,2.1258479144939915,-0.2025933062512774,-0.5905211253788177,0.0,0.733077394834108,0.2025933062512774,0.2394923103393842,0.0,0.2025933062512774,0.0,0.0,0.0,0.0,0.0,-0.2025933062512774,-0.2025933062512774,0.0,0.0,-1.1142484052767723,1.1142484052767723,0.2025933062512774,0.0,0.0,0.0,0.0,0.000791551878353,0.0182802215081221
2053334872874438794,0xcryptowizard,2026-05-10,crypto,加密,5.0,0.2478,2.1258479144939915,0.526785113211611,-0.526785113211611,0.10535702264232222,0.0,0.526785113211611,0.0,0.17555657598230287,2.1258479144939915,2.1258479144939915,0.526785113211611,0.9202231581293275,0.0,-0.11848059043446506,0.0,-0.3732065809276845,-0.526785113211611,-0.526785113211611,-0.526785113211611,0.0,0.0,0.0,0.3732065809276845,-0.526785113211611,0.526785113211611,0.0,0.0,2.473395961142234,-2.473395961142234,-0.526785113211611,0.0,-0.526785113211611,0.0,0.0,-0.0004009291804655,-0.0049992471786796
2053650596172017814,0xcryptowizard,2026-05-11,crypto,加密,5.0,0.243,2.1258479144939915,0.5165810432220399,-0.5165810432220399,0.10331620864440799,0.0,0.5165810432220399,0.0,0.29939945562880754,2.1258479144939915,2.1258479144939915,0.5165810432220399,1.5693762028527838,0.0,-0.09135072181139896,-0.5165810432220399,-0.6364777083491369,-0.5165810432220399,-0.5165810432220399,-0.5165810432220399,0.0,0.0,0.0,0.6364777083491369,-0.5165810432220399,0.5165810432220399,0.0,0.0,2.8644251532836345,-2.8644251532836345,-0.5165810432220399,0.0,-0.5165810432220399,0.0,0.0,-0.0037190674134778,-0.0153044261941864
2054418437334864278,0xcryptowizard,2026-05-13,crypto,加密,5.0,-0.25,2.1258479144939915,-0.5314619786234979,0.5314619786234979,-0.10629239572469958,0.0,0.0,-0.5314619786234979,-0.1919852140503078,-2.1258479144939915,2.1258479144939915,-0.5314619786234979,-1.0063379226837874,0.0,0.9681111402605638,0.0,0.4081313669025294,0.5314619786234979,0.5314619786234979,0.0,0.5314619786234979,0.0,0.4081313669025294,0.0,-0.5314619786234979,-0.5314619786234979,0.0,0.0,-2.494126411318175,2.494126411318175,0.5314619786234979,0.5314619786234979,0.0,0.0,0.0,-0.000959338261574,0.0223788764707975
2054500525127897517,0xcryptowizard,2026-05-13,crypto,加密,5.0,0.2493,2.1258479144939915,0.5299738850833521,-0.5299738850833521,0.10599477701667043,0.0,0.5299738850833521,0.0,0.1730053409701745,2.1258479144939915,2.1258479144939915,0.5299738850833521,0.9068502296197879,0.0,-0.20089262791968218,0.0,-0.36778304329776734,-0.5299738850833521,-0.5299738850833521,-0.5299738850833521,0.0,0.0,0.0,0.36778304329776734,-0.5299738850833521,0.5299738850833521,0.0,0.0,2.3785559045794153,-2.3785559045794153,-0.5299738850833521,0.0,-0.5299738850833521,0.0,0.0,-0.0054404761229265,0.0223788764707975
2054753204630683651,0xcryptowizard,2026-05-14,crypto,加密,5.0,-0.154,2.1258479144939915,-0.32738057883207466,0.32738057883207466,-0.06547611576641493,0.0,0.0,-0.32738057883207466,-0.154,-2.1258479144939915,2.1258479144939915,-0.32738057883207466,-0.807229040319185,0.0,0.6765510987877128,0.0,0.32738057883207466,0.0,0.32738057883207466,0.0,0.32738057883207466,0.0,0.32738057883207466,0.0,-0.32738057883207466,-0.32738057883207466,0.0,0.0,-1.6733924372125635,1.6733924372125635,0.32738057883207466,0.0,0.0,0.0,0.32738057883207466,-0.0056567830956746,-0.0244977136379759
2055274760872013864,94vanAI,2026-05-15,ai_tech,AI / 大模型,36.0,0.25,0.1988508587451652,0.0497127146862913,-0.0497127146862913,0.009942542937258261,0.0,0.0497127146862913,0.0,0.37070590913053125,0.1988508587451652,0.1988508587451652,0.0497127146862913,0.8145241345053705,0.0,-0.0497127146862913,-0.0497127146862913,-0.07371518837251331,-0.0497127146862913,-0.0497127146862913,-0.0497127146862913,0.0,0.0,0.0,0.07371518837251331,-0.0497127146862913,0.0497127146862913,0.0,0.0,2.2976619346576115,-2.2976619346576115,-0.0497127146862913,0.0,-0.0497127146862913,0.0,0.0,-0.0128940329861121,
2055316977225236696,94vanAI,2026-05-15,ai_tech,AI / 大模型,36.0,-0.1681,0.1988508587451652,-0.03342682935506227,0.03342682935506227,-0.006685365871012454,0.0,0.0,-0.03342682935506227,-0.3106466572025821,-0.1988508587451652,0.1988508587451652,-0.03342682935506227,-0.682560470072853,0.0,0.03342682935506227,0.03342682935506227,0.06177235455104842,0.0,0.03342682935506227,0.0,0.03342682935506227,0.0,0.06177235455104841,0.0,-0.03342682935506227,-0.03342682935506227,0.0,0.0,-1.4960676782066848,1.4960676782066848,0.03342682935506227,0.0,0.0,0.0,0.03342682935506227,0.001450418688502,
2055460389236756746,94vanAI,2026-05-16,ai_tech,AI / 大模型,36.0,0.0,0.1988508587451652,0.0,-0.0,0.0,0.0,0.0,0.0,0.0,0.0,0.1988508587451652,0.0,0.0,0.0,-0.0,0.0,-0.0,0.0,-0.0,0.0,0.0,0.0,0.0,0.0,-0.0,0.0,0.0,0.0,0.0,-0.0,-0.0,0.0,0.0,0.0,0.0,,
2055468521937633393,94vanAI,2026-05-16,ai_tech,AI / 大模型,36.0,-0.2093,0.1988508587451652,-0.04161948473536308,0.04161948473536308,-0.008323896947072617,0.0,0.0,-0.04161948473536308,-0.06602679871125303,-0.1988508587451652,0.1988508587451652,-0.04161948473536308,-0.14507570489119656,0.0,0.04704811317910609,0.0,0.02080974236768154,0.04161948473536308,0.04161948473536308,0.0,0.04161948473536308,0.0,0.013129485623926832,0.0,-0.04161948473536308,-0.04161948473536308,0.0,0.0,-1.5969539154809165,1.5969539154809165,0.04161948473536308,0.04161948473536308,0.0,0.0,0.0,,
2055533757256327587,94vanAI,2026-05-16,ai_tech,AI / 大模型,36.0,0.1917,0.1988508587451652,0.03811970962144817,-0.03811970962144817,0.007623941924289635,0.0,0.03811970962144817,0.0,0.12094923375964839,0.1988508587451652,0.1988508587451652,0.03811970962144817,0.26575262902668306,0.0,-0.04445310947248168,0.0,-0.02405085899767581,0.0,-0.03811970962144817,-0.03811970962144817,0.0,0.0,0.0,0.024050858997675808,-0.03811970962144817,0.03811970962144817,0.0,0.0,1.3982018530392957,-1.3982018530392957,-0.03811970962144817,0.0,0.0,0.0,0.0,,
2055579714035892320,94vanAI,2026-05-16,ai_tech,AI / 大模型,36.0,-0.236,0.1988508587451652,-0.04692880266385899,0.04692880266385899,-0.009385760532771799,0.0,0.0,-0.04692880266385899,-0.2473165863661474,-0.1988508587451652,0.1988508587451652,-0.04692880266385899,-0.5434100819465948,0.0,0.04948602470732181,0.0,0.049179115580831226,0.04692880266385899,0.04692880266385899,0.0,0.04692880266385899,0.0,0.049179115580831226,0.0,-0.04692880266385899,-0.04692880266385899,0.0,0.0,-1.6964654058132809,1.6964654058132809,0.04692880266385899,0.04692880266385899,0.0,0.0,0.04692880266385899,,
2055630572077167013,94vanAI,2026-05-16,ai_tech,AI / 大模型,36.0,-0.0261,0.1988508587451652,-0.005190007413248812,0.005190007413248812,-0.0010380014826497624,0.0,0.0,-0.005190007413248812,-0.03134836421066407,-0.1988508587451652,0.1988508587451652,-0.005190007413248812,-0.06887939630295825,0.0,-0.0005004413278419985,0.005190007413248812,0.006233649143546754,0.0,0.005190007413248812,0.0,0.0,0.0,0.0,0.0,-0.005190007413248812,-0.005190007413248812,0.0,0.0,-0.18648961912342618,0.18648961912342618,0.005190007413248812,0.0,0.0,0.0,0.0,,
2055701081590509767,94vanAI,2026-05-16,ai_tech,AI / 大模型,36.0,0.25,0.1988508587451652,0.0497127146862913,-0.0497127146862913,0.009942542937258261,0.0,0.0497127146862913,0.0,0.3288662191964321,0.1988508587451652,0.1988508587451652,0.0497127146862913,0.7225929394740411,0.0,-0.05533167180911897,-0.0497127146862913,-0.06539533009948625,-0.0497127146862913,-0.0497127146862913,-0.0497127146862913,0.0,0.0,0.0,0.06539533009948625,-0.0497127146862913,0.0497127146862913,0.0,0.0,1.8945363681048666,-1.8945363681048666,-0.0497127146862913,0.0,-0.0497127146862913,0.0,0.0,,
2055871542525907148,94vanAI,2026-05-17,ai_tech,AI / 大模型,36.0,-0.1013,0.1988508587451652,-0.020143591990885234,0.020143591990885234,-0.004028718398177047,0.0,0.0,-0.020143591990885234,-0.1013,-0.1988508587451652,0.1988508587451652,-0.020143591990885234,-0.22257884968415906,0.0,0.02144109384419744,0.0,0.020143591990885234,0.0,0.020143591990885234,0.0,0.020143591990885234,0.0,0.020143591990885234,0.0,-0.020143591990885234,-0.020143591990885234,0.0,0.0,-0.6918581056100086,0.6918581056100086,0.020143591990885234,0.0,0.0,0.0,0.020143591990885234,,
2055885790736261227,94vanAI,2026-05-17,ai_tech,AI / 大模型,36.0,0.2026,0.1988508587451652,0.04028718398177047,-0.04028718398177047,0.008057436796354093,0.0,0.04028718398177047,0.0,0.06391318403678864,0.1988508587451652,0.1988508587451652,0.04028718398177047,0.14043161878144492,0.0,-0.04137202588892465,0.0,-0.020143591990885234,-0.04028718398177047,-0.04028718398177047,-0.04028718398177047,0.0,0.0,0.0,0.012709191530853205,-0.04028718398177047,0.04028718398177047,0.0,0.0,1.1349892731102273,-1.1349892731102273,-0.04028718398177047,0.0,-0.04028718398177047,0.0,0.0,,
2055918261544587442,94vanAI,2026-05-17,ai_tech,AI / 大模型,36.0,-0.0006,0.1988508587451652,-0.0001193105152470991,0.0001193105152470991,-2.3862103049419824e-05,0.0,0.0,-0.0001193105152470991,-0.0001892789260714372,-0.1988508587451652,0.1988508587451652,-0.0001193105152470991,-0.0004158883083359671,0.0,0.0031716711969853846,0.0,5.965525762354955e-05,0.0,0.0001193105152470991,0.0,0.0,0.0,0.0,0.0,-0.0001193105152470991,-0.0001193105152470991,0.0,0.0,-0.0031386651701127517,0.0031386651701127517,0.0001193105152470991,0.0,0.0,0.0,0.0,,
2055627270610469127,AYi_AInotes,2026-05-16,ai_tech,AI / 大模型,9.0,0.2185,1.3532545070416904,0.2956861097886093,-0.2956861097886093,0.059137221957721864,0.0,0.2956861097886093,0.0,0.24912691015137248,1.3532545070416904,1.3532545070416904,0.2956861097886093,0.6190571156762832,0.0,-0.2956861097886093,-0.2956861097886093,-0.33713211398771503,-0.2956861097886093,-0.2956861097886093,-0.2956861097886093,0.0,0.0,0.0,0.33713211398771503,-0.2956861097886093,0.2956861097886093,0.0,0.0,1.8139908914306382,-1.8139908914306382,-0.2956861097886093,0.0,-0.2956861097886093,0.0,0.0,,
2055653641265070243,AYi_AInotes,2026-05-16,ai_tech,AI / 大模型,9.0,0.25,1.3532545070416904,0.3383136267604226,-0.3383136267604226,0.06766272535208452,0.0,0.3383136267604226,0.0,0.6623396921892849,1.3532545070416904,1.3532545070416904,0.3383136267604226,1.6458523055396912,0.0,-0.3383136267604226,-0.3383136267604226,-0.8963141736477557,-0.3383136267604226,-0.3383136267604226,-0.3383136267604226,0.0,0.0,0.0,0.8963141736477557,-0.3383136267604226,0.3383136267604226,0.0,0.0,2.904838852146519,-2.904838852146519,-0.3383136267604226,0.0,-0.3383136267604226,0.0,0.0,,
2055699370285084885,AYi_AInotes,2026-05-16,ai_tech,AI / 大模型,9.0,0.2497,1.3532545070416904,0.3379076504083101,-0.3379076504083101,0.06758153008166203,0.0,0.3379076504083101,0.0,0.0,1.3532545070416904,1.3532545070416904,0.0,0.0,0.0,-0.3379076504083101,0.0,-0.16895382520415506,-0.3379076504083101,0.0,-0.3379076504083101,0.0,0.0,0.0,0.0,-0.3379076504083101,0.3379076504083101,0.0,0.0,0.0,-0.0,-0.3379076504083101,0.0,-0.3379076504083101,-0.3379076504083101,0.0,,
2055717699532013896,AYi_AInotes,2026-05-16,ai_tech,AI / 大模型,9.0,0.25,1.3532545070416904,0.3383136267604226,-0.3383136267604226,0.06766272535208452,0.0,0.3383136267604226,0.0,0.6052699364191026,1.3532545070416904,1.3532545070416904,0.3383136267604226,1.5040392899245885,0.0,-0.014344497774641878,-0.3383136267604226,-0.819084269435988,-0.3383136267604226,-0.3383136267604226,-0.3383136267604226,0.0,0.0,0.0,0.819084269435988,-0.3383136267604226,0.3383136267604226,0.0,0.0,2.7475532007024532,-2.7475532007024532,-0.3383136267604226,0.0,-0.3383136267604226,0.0,0.0,,
2055727818906984529,AYi_AInotes,2026-05-16,ai_tech,AI / 大模型,9.0,0.6366,1.3532545070416904,0.8614818191827401,-0.8614818191827401,0.17229636383654803,0.0,0.8614818191827401,0.0,0.562899683193963,1.3532545070416904,1.3532545070416904,0.8614818191827401,1.3987531659322374,0.0,-0.533926565753299,0.0,-0.7617465332945701,-0.8614818191827401,-0.8614818191827401,-0.8614818191827401,0.0,0.0,0.0,0.7617465332945701,-0.8614818191827401,0.8614818191827401,0.0,0.0,4.823269777655036,-4.823269777655036,-0.8614818191827401,0.0,-0.8614818191827401,0.0,0.0,,
2055733021194473609,AYi_AInotes,2026-05-16,ai_tech,AI / 大模型,9.0,0.2497,1.3532545070416904,0.3379076504083101,-0.3379076504083101,0.06758153008166203,0.0,0.3379076504083101,0.0,0.19553803530630243,1.3532545070416904,1.3532545070416904,0.3379076504083101,0.48589376421911173,0.0,0.09643291617179088,0.0,-0.264612727576331,-0.3379076504083101,-0.3379076504083101,-0.3379076504083101,0.0,0.0,0.0,0.2646127275763309,-0.3379076504083101,0.3379076504083101,0.0,0.0,1.9709317577252887,-1.9709317577252887,-0.3379076504083101,0.0,-0.3379076504083101,0.0,0.0,,
2055877541630517563,AYi_AInotes,2026-05-17,ai_tech,AI / 大模型,9.0,-0.5,1.3532545070416904,-0.6766272535208452,0.6766272535208452,-0.13532545070416904,0.0,0.0,-0.6766272535208452,-0.8204608902015684,-1.3532545070416904,1.3532545070416904,-0.6766272535208452,-2.03876872195286,0.0,1.0948956674056478,0.6766272535208452,1.1102923975167098,0.6766272535208452,0.6766272535208452,0.0,0.6766272535208452,0.0,1.1102923975167098,0.0,-0.6766272535208452,-0.6766272535208452,0.0,0.0,-4.67886267944462,4.67886267944462,0.6766272535208452,0.6766272535208452,0.0,0.0,0.6766272535208452,,
2055910295546048823,AYi_AInotes,2026-05-17,ai_tech,AI / 大模型,9.0,0.25,1.3532545070416904,0.3383136267604226,-0.3383136267604226,0.06766272535208452,0.0,0.3383136267604226,0.0,0.25,1.3532545070416904,1.3532545070416904,0.3383136267604226,0.6212266624470001,0.0,-0.07645887964785546,0.0,-0.3383136267604226,-0.3383136267604226,-0.3383136267604226,-0.3383136267604226,0.0,0.0,0.0,0.3383136267604226,-0.3383136267604226,0.3383136267604226,0.0,0.0,1.8964472054330086,-1.8964472054330086,-0.3383136267604226,0.0,-0.3383136267604226,0.0,0.0,,
2055913588737351999,AYi_AInotes,2026-05-17,ai_tech,AI / 大模型,9.0,-0.25,1.3532545070416904,-0.3383136267604226,0.3383136267604226,-0.06766272535208452,0.0,0.0,-0.3383136267604226,-0.23165710200728173,-1.3532545070416904,1.3532545070416904,-0.3383136267604226,-0.5756462732485115,0.0,0.6097257338289717,0.0,0.31349101737957064,0.3383136267604226,0.3383136267604226,0.0,0.3383136267604226,0.0,0.31349101737957064,0.0,-0.3383136267604226,-0.3383136267604226,0.0,0.0,-2.0543596344325468,2.0543596344325468,0.3383136267604226,0.3383136267604226,0.0,0.0,0.0,,
2055935255823994890,AYi_AInotes,2026-05-17,ai_tech,AI / 大模型,9.0,1.0,1.3532545070416904,1.3532545070416904,-1.3532545070416904,0.2706509014083381,0.0,1.3532545070416904,0.0,0.647685462377997,1.3532545070416904,1.3532545070416904,1.3532545070416904,1.6094379124341003,0.0,-1.1495897037319158,0.0,-0.8764832711084055,-1.3532545070416904,-1.3532545070416904,-1.3532545070416904,0.0,0.0,0.0,0.8764832711084055,-1.3532545070416904,1.3532545070416904,0.0,0.0,5.8888779583328805,-5.8888779583328805,-1.3532545070416904,0.0,-1.3532545070416904,0.0,0.0,,
2055417528441307184,Anpo_Star,2026-05-15,unclassified,未分类,20.0,0.25,1.1755733298042381,0.29389333245105953,-0.29389333245105953,0.058778666490211906,0.0,0.29389333245105953,0.0,0.25,1.1755733298042381,1.1755733298042381,0.29389333245105953,1.3823572718778558,0.0,-0.29389333245105953,0.0,-0.29389333245105953,-0.29389333245105953,-0.29389333245105953,-0.29389333245105953,0.0,0.0,0.0,0.29389333245105953,-0.29389333245105953,0.29389333245105953,0.0,0.0,2.7442724195500174,-2.7442724195500174,-0.29389333245105953,0.0,-0.29389333245105953,0.0,0.0,,
2054705026636145023,BTCdayu,2026-05-13,crypto,加密,4.0,0.2134,2.5006159434931803,0.5336314423414447,-0.5336314423414447,0.21345257693657788,0.0,0.5336314423414447,0.0,0.24342458179184445,2.5006159434931803,2.5006159434931803,0.5336314423414447,1.0198649534300004,0.0,-0.5336314423414447,-0.5336314423414447,-0.608711390266846,-0.5336314423414447,-0.5336314423414447,-0.5336314423414447,0.0,0.0,0.0,0.608711390266846,-0.5336314423414447,0.5336314423414447,0.0,0.0,2.21481380350133,-2.21481380350133,-0.5336314423414447,0.0,-0.5336314423414447,0.0,0.0,0.0014612004734546,0.0223788764707975
2054719424423419975,BTCdayu,2026-05-14,crypto,加密,4.0,0.5141,2.5006159434931803,1.285566656549844,-1.285566656549844,0.5142266626199377,0.0,1.285566656549844,0.0,0.469801132344148,2.5006159434931803,2.5006159434931803,1.285566656549844,1.9683045419350438,0.0,-1.285566656549844,0.0,-1.1747922018109263,-1.285566656549844,-1.285566656549844,-1.285566656549844,0.0,0.0,0.0,1.174792201810926,-1.285566656549844,1.285566656549844,0.0,0.0,4.711095563659778,-4.711095563659778,-1.285566656549844,0.0,-1.285566656549844,0.0,0.0,0.0013161630484963,-0.0244977136379759
2054722644399026182,BTCdayu,2026-05-14,crypto,加密,4.0,-0.2218,2.5006159434931803,-0.5546366162667874,0.5546366162667874,-0.22185464650671496,0.0,0.0,-0.5546366162667874,-0.19116171673781263,-2.5006159434931803,2.5006159434931803,-0.5546366162667874,-0.8009015930244889,0.0,0.5546366162667874,0.0,0.4780220366601014,0.5546366162667874,0.5546366162667874,0.0,0.5546366162667874,0.0,0.4780220366601014,0.0,-0.5546366162667874,-0.5546366162667874,0.0,0.0,-2.1985808097887056,2.1985808097887056,0.5546366162667874,0.5546366162667874,0.0,0.0,0.0,-0.001591397536918,-0.0244977136379759
2054731889618108679,BTCdayu,2026-05-14,crypto,加密,6.0,-0.2482,2.5006159434931803,-0.6206528771750074,0.6206528771750074,-0.12413057543500149,0.0,0.0,-0.6206528771750074,-0.25083337390535065,-2.5006159434931803,2.5006159434931803,-0.6206528771750074,-1.05090523444104,0.0,1.0421733713831745,0.0,0.6272379339479062,0.6206528771750074,0.6206528771750074,0.0,0.6206528771750074,0.0,0.6272379339479061,0.0,-0.6206528771750074,-0.6206528771750074,0.0,0.0,-2.7289485086541534,2.7289485086541534,0.6206528771750074,0.6206528771750074,0.0,0.0,0.6206528771750074,-0.0004360141397363,-0.0244977136379759
2054737399515951113,BTCdayu,2026-05-14,crypto,加密,6.0,-0.2112,2.5006159434931803,-0.5281300872657597,0.5281300872657597,-0.10562601745315195,0.0,0.0,-0.5281300872657597,-0.22570201924572647,-2.5006159434931803,2.5006159434931803,-0.5281300872657597,-0.9456135352177972,0.0,0.6891072386281332,0.5281300872657597,0.5643940678044682,0.5281300872657597,0.5281300872657597,0.0,0.5281300872657597,0.0,0.5643940678044682,0.0,-0.5281300872657597,-0.5281300872657597,0.0,0.0,-2.272280182872539,2.272280182872539,0.5281300872657597,0.5281300872657597,0.0,0.0,0.5281300872657597,0.0022570406133548,-0.0244977136379759
2054738349102112865,BTCdayu,2026-05-14,crypto,加密,6.0,-0.24,2.5006159434931803,-0.6001478264383633,0.6001478264383633,-0.12002956528767267,0.0,0.0,-0.6001478264383633,-0.22409615567717184,-2.5006159434931803,2.5006159434931803,-0.6001478264383633,-0.938885521302755,0.0,0.6233035300751102,0.0,0.5603784197618656,0.6001478264383633,0.6001478264383633,0.0,0.6001478264383633,0.0,0.5603784197618656,0.0,-0.6001478264383633,-0.6001478264383633,0.0,0.0,-2.4622168964156064,2.4622168964156064,0.6001478264383633,0.6001478264383633,0.0,0.0,0.0,0.0022570406133548,-0.0244977136379759
2054896078504575293,BTCdayu,2026-05-14,crypto,加密,6.0,-0.0387,2.5006159434931803,-0.09677383701318608,0.09677383701318608,-0.019354767402637217,0.0,0.0,-0.09677383701318608,-0.039243511933822535,-2.5006159434931803,2.5006159434931803,-0.09677383701318608,-0.1644167658673102,0.0,0.016045618970747928,0.0,0.09813295162038152,0.0,0.09677383701318608,0.0,0.0,0.0,0.0,0.0,-0.09677383701318608,-0.09677383701318608,0.0,0.0,-0.4025851165706648,0.4025851165706648,0.09677383701318608,0.0,0.0,0.0,0.0,0.0061204934026559,-0.0244977136379759
2055082105554747724,BTCdayu,2026-05-15,crypto,加密,6.0,0.2469,2.5006159434931803,0.6174020764484662,-0.6174020764484662,0.12348041528969325,0.0,0.6174020764484662,0.0,0.166963727972759,2.5006159434931803,2.5006159434931803,0.6174020764484662,0.6995203746474798,0.0,-0.7004225257724398,0.0,-0.41751216015373943,-0.6174020764484662,-0.6174020764484662,-0.6174020764484662,0.0,0.0,0.0,0.41751216015373943,-0.6174020764484662,0.6174020764484662,0.0,0.0,2.2826459966585495,-2.2826459966585495,-0.6174020764484662,0.0,-0.6174020764484662,0.0,0.0,-0.0007621846658806,-0.0118160267665125
2055085188938629371,BTCdayu,2026-05-15,crypto,加密,6.0,0.2494,2.5006159434931803,0.6236536163071992,-0.6236536163071992,0.12473072326143984,0.0,0.6236536163071992,0.0,0.21331820359466674,2.5006159434931803,2.5006159434931803,0.6236536163071992,0.8937296232509538,0.0,-0.6191212499096178,0.0,-0.5334269009461479,-0.6236536163071992,-0.6236536163071992,-0.6236536163071992,0.0,0.0,0.0,0.5334269009461479,-0.6236536163071992,0.6236536163071992,0.0,0.0,2.547385498756388,-2.547385498756388,-0.6236536163071992,0.0,-0.6236536163071992,0.0,0.0,-0.0015432378285418,-0.0118160267665125
2055090314478854385,BTCdayu,2026-05-15,crypto,加密,6.0,0.8732,2.5006159434931803,2.183537841858245,-2.183537841858245,0.43670756837164904,0.0,2.183537841858245,0.0,0.9618747804876687,2.5006159434931803,2.5006159434931803,2.183537841858245,4.029923235305787,0.0,-2.110214225470706,-2.183537841858245,-2.4052794117314678,-2.183537841858245,-2.183537841858245,-2.183537841858245,0.0,0.0,0.0,2.4052794117314673,-2.183537841858245,2.183537841858245,0.0,0.0,9.048391303771254,-9.048391303771254,-2.183537841858245,0.0,-2.183537841858245,0.0,0.0,-0.0048009738633667,-0.0118160267665125
2055090997386957092,BTCdayu,2026-05-15,crypto,加密,6.0,0.0486,2.5006159434931803,0.12152993485376856,-0.12152993485376856,0.024305986970753715,0.0,0.12152993485376856,0.0,0.04441224476157477,2.5006159434931803,2.5006159434931803,0.12152993485376856,0.18607197186937002,0.0,0.16281510408084096,0.0,-0.11105796733711537,0.0,-0.12152993485376856,0.0,0.0,0.0,0.0,0.0,-0.12152993485376856,0.12152993485376856,0.0,0.0,0.48142599530880226,-0.48142599530880226,-0.12152993485376856,0.0,0.0,0.0,0.0,-0.0051875515614551,-0.0118160267665125
2055123247373729876,BTCdayu,2026-05-15,crypto,加密,6.0,0.2446,2.5006159434931803,0.6116506597784319,-0.6116506597784319,0.12233013195568639,0.0,0.6116506597784319,0.0,0.2711483603969997,2.5006159434931803,2.5006159434931803,0.6116506597784319,1.1360180139299798,0.0,-0.3421069939420807,-0.6116506597784319,-0.6780379130607722,-0.6116506597784319,-0.6116506597784319,-0.6116506597784319,0.0,0.0,0.0,0.6780379130607722,-0.6116506597784319,0.6116506597784319,0.0,0.0,2.5664644465946154,-2.5664644465946154,-0.6116506597784319,0.0,-0.6116506597784319,0.0,0.0,-0.001554196166008,-0.0118160267665125
2055131779020021987,BTCdayu,2026-05-15,crypto,加密,6.0,0.957,2.5006159434931803,2.3930894579229736,-2.3930894579229736,0.4786178915845947,0.0,2.3930894579229736,0.0,0.9736803850227163,2.5006159434931803,2.5006159434931803,2.3930894579229736,4.079384642328539,0.0,-2.095036875924782,0.0,-2.4348006946543825,-2.3930894579229736,-2.3930894579229736,-2.3930894579229736,0.0,0.0,0.0,2.4348006946543825,-2.3930894579229736,2.3930894579229736,0.0,0.0,10.080949863350694,-10.080949863350694,-2.3930894579229736,0.0,-2.3930894579229736,0.0,0.0,-0.0009331331433303,-0.0118160267665125
2055140132014215502,BTCdayu,2026-05-15,crypto,加密,6.0,-0.2439,2.5006159434931803,-0.6099002286179867,0.6099002286179867,-0.12198004572359733,0.0,0.0,-0.6099002286179867,-0.2322179914248624,-2.5006159434931803,2.5006159434931803,-0.6099002286179867,-0.9729132089570266,0.0,1.0691094933796228,0.0,0.5806880117229736,0.6099002286179867,0.6099002286179867,0.0,0.6099002286179867,0.0,0.5806880117229736,0.0,-0.6099002286179867,-0.6099002286179867,0.0,0.0,-2.242095978020267,2.242095978020267,0.6099002286179867,0.6099002286179867,0.0,0.0,0.0,-0.0015111033920465,-0.0118160267665125
2055196052983271729,BTCdayu,2026-05-15,crypto,加密,6.0,0.2323,2.5006159434931803,0.5808930836734658,-0.5808930836734658,0.11617861673469317,0.0,0.5808930836734658,0.0,0.17847409874046533,2.5006159434931803,2.5006159434931803,0.5808930836734658,0.747744854116883,0.0,-0.19804878272465992,0.0,-0.44629517681098374,-0.5808930836734658,-0.5808930836734658,-0.5808930836734658,0.0,0.0,0.0,0.44629517681098374,-0.5808930836734658,0.5808930836734658,0.0,0.0,2.111418644286715,-2.111418644286715,-0.5808930836734658,0.0,-0.5808930836734658,0.0,0.0,-0.0021670563926713,-0.0118160267665125
2055452065388966252,BTCdayu,2026-05-16,crypto,加密,6.0,0.2012,2.5006159434931803,0.5031239278308278,-0.5031239278308278,0.10062478556616557,0.0,0.5031239278308278,0.0,0.24830241245571222,2.5006159434931803,2.5006159434931803,0.5031239278308278,1.040301379801676,0.0,-0.1070763747003779,-0.5031239278308278,-0.6209089713945736,-0.5031239278308278,-0.5031239278308278,-0.5031239278308278,0.0,0.0,0.0,0.6209089713945736,-0.5031239278308278,0.5031239278308278,0.0,0.0,2.0708001430930048,-2.0708001430930048,-0.5031239278308278,0.0,-0.5031239278308278,0.0,0.0,0.0006340848940562,0.0030410494175279
2055486874463166662,BTCdayu,2026-05-16,crypto,加密,6.0,0.25,2.5006159434931803,0.6251539858732951,-0.6251539858732951,0.125030797174659,0.0,0.6251539858732951,0.0,0.2138313989521519,2.5006159434931803,2.5006159434931803,0.6251539858732951,0.8958797346140275,0.0,-0.23114026704355292,0.0,-0.5347102054392019,-0.6251539858732951,-0.6251539858732951,-0.6251539858732951,0.0,0.0,0.0,0.5347102054392019,-0.6251539858732951,0.6251539858732951,0.0,0.0,2.2724101466845994,-2.2724101466845994,-0.6251539858732951,0.0,-0.6251539858732951,0.0,0.0,-0.0008879967549748,0.0030410494175279
2055487588681814357,BTCdayu,2026-05-16,crypto,加密,6.0,0.1149,2.5006159434931803,0.28732077190736643,-0.28732077190736643,0.05746415438147329,0.0,0.28732077190736643,0.0,0.08477089396609533,2.5006159434931803,2.5006159434931803,0.28732077190736643,0.3551607778908705,0.0,0.0626654355439391,0.0,-0.2119794489957878,0.0,-0.28732077190736643,0.0,0.0,0.0,0.0,0.2119794489957878,-0.28732077190736643,0.28732077190736643,0.0,0.0,1.1169435874398987,-1.1169435874398987,-0.28732077190736643,0.0,0.0,0.0,0.0,-0.0012326596755392,0.0030410494175279
2055562939479060884,BTCdayu,2026-05-16,crypto,加密,6.0,-0.151,2.5006159434931803,-0.3775930074674702,0.3775930074674702,-0.07551860149349404,0.0,0.0,-0.3775930074674702,-0.24669506224289464,-2.5006159434931803,2.5006159434931803,-0.3775930074674702,-1.0335671373604476,0.0,0.7837097074637192,0.3775930074674702,0.6168896058256248,0.0,0.3775930074674702,0.0,0.3775930074674702,0.0,0.6168896058256248,0.0,-0.3775930074674702,-0.3775930074674702,0.0,0.0,-1.9215100989513034,1.9215100989513034,0.3775930074674702,0.0,0.0,0.0,0.3775930074674702,-0.0057632501832814,0.0030410494175279
2055578545871872281,BTCdayu,2026-05-16,crypto,加密,6.0,0.1988,2.5006159434931803,0.49712244956644425,-0.49712244956644425,0.09942448991328885,0.0,0.49712244956644425,0.0,0.2061144822274393,2.5006159434931803,2.5006159434931803,0.49712244956644425,0.8635485178645125,0.0,-0.0748017582563593,0.0,-0.5154131604427765,0.0,-0.49712244956644425,-0.49712244956644425,0.0,0.0,0.0,0.5154131604427765,-0.49712244956644425,0.49712244956644425,0.0,0.0,1.9403954599913795,-1.9403954599913795,-0.49712244956644425,0.0,0.0,0.0,0.0,-0.0008051386934599,0.0030410494175279
2055855428072800324,BTCdayu,2026-05-17,crypto,加密,6.0,1.0,2.5006159434931803,2.5006159434931803,-2.5006159434931803,0.500123188698636,0.0,2.5006159434931803,0.0,1.3216683970336598,2.5006159434931803,2.5006159434931803,2.5006159434931803,5.537334267018537,0.0,-2.0099450830609484,-2.5006159434931803,-3.3049850656334443,-2.5006159434931803,-2.5006159434931803,-2.5006159434931803,0.0,0.0,0.0,3.3049850656334443,-2.5006159434931803,2.5006159434931803,0.0,0.0,10.33413295917459,-10.33413295917459,-2.5006159434931803,0.0,-2.5006159434931803,0.0,0.0,,
2055952317615157591,BTCdayu,2026-05-17,crypto,加密,6.0,0.2124,2.5006159434931803,0.5311308263979515,-0.5311308263979515,0.1062261652795903,0.0,0.5311308263979515,0.0,0.2124,2.5006159434931803,2.5006159434931803,0.5311308263979515,0.8898826672064127,0.0,0.16625761869638325,0.0,-0.5311308263979515,-0.5311308263979515,-0.5311308263979515,-0.5311308263979515,0.0,0.0,0.0,0.5311308263979515,-0.5311308263979515,0.5311308263979515,0.0,0.0,2.082732661610741,-2.082732661610741,-0.5311308263979515,0.0,-0.5311308263979515,0.0,0.0,,
2055969649645555779,BTCdayu,2026-05-17,crypto,加密,6.0,-0.097,2.5006159434931803,-0.2425597465188385,0.2425597465188385,-0.048511949303767704,0.0,0.0,-0.2425597465188385,-0.09479335338822027,-2.5006159434931803,2.5006159434931803,-0.2425597465188385,-0.39715142253554375,0.0,0.981808502507249,0.0,0.23704177081976688,0.0,0.2425597465188385,0.0,0.0,0.0,0.0,0.0,-0.2425597465188385,-0.2425597465188385,0.0,0.0,-0.958525090165028,0.958525090165028,0.2425597465188385,0.0,0.0,0.0,0.0,,
2052273625450119510,CMGS1988,2026-05-07,unclassified,未分类,42.0,0.5,0.43178241642553783,0.21589120821276891,-0.21589120821276891,0.04317824164255379,0.0,0.21589120821276891,0.0,0.4720456704898911,0.43178241642553783,0.43178241642553783,0.21589120821276891,0.8047189562170501,0.0,-0.21589120821276891,0.0,-0.20382102026733837,-0.21589120821276891,-0.21589120821276891,-0.21589120821276891,0.0,0.0,0.0,0.20382102026733837,-0.21589120821276891,0.21589120821276891,0.0,0.0,3.924076543099763,-3.924076543099763,-0.21589120821276891,0.0,-0.21589120821276891,0.0,0.0,,
2053371679431377129,CMGS1988,2026-05-10,unclassified,未分类,42.0,-0.18,0.43178241642553783,-0.0777208349565968,0.0777208349565968,-0.015544166991319362,0.0,0.0,-0.0777208349565968,-0.18918730921562038,-0.43178241642553783,0.43178241642553783,-0.0777208349565968,-0.3225167044610499,0.0,0.0777208349565968,0.0,0.08168775353016598,0.0,0.0777208349565968,0.0,0.0777208349565968,0.0,0.081687753530166,0.0,-0.0777208349565968,-0.0777208349565968,0.0,0.0,-1.4365274077565404,1.4365274077565404,0.0777208349565968,0.0,0.0,0.0,0.0777208349565968,,
2054785699451441384,Crypto_He,2026-05-14,crypto,加密,3.0,-0.24,2.5937610547000824,-0.6225026531280198,0.6225026531280198,-0.37350159187681187,-0.6225026531280198,0.0,-0.6225026531280198,-0.3207869037460254,-2.5937610547000824,2.5937610547000824,-0.6225026531280198,-0.9528700592525092,0.6225026531280198,0.6225026531280198,0.6225026531280198,0.8320445777942648,0.6225026531280198,0.6225026531280198,0.0,0.6225026531280198,0.0,0.8320445777942648,0.0,-0.6225026531280198,-0.6225026531280198,0.0,0.0,-2.5246760817378378,2.5246760817378378,0.6225026531280198,0.6225026531280198,0.0,0.0,0.6225026531280198,0.0048245896663861,-0.0244977136379759
2054830519494267343,Crypto_He,2026-05-14,crypto,加密,3.0,-0.2485,2.5937610547000824,-0.6445496220929705,0.6445496220929705,-0.3867297732557823,-0.6445496220929705,0.0,-0.6445496220929705,-0.8412643677295337,-2.5937610547000824,2.5937610547000824,-0.6445496220929705,-2.498903847272155,0.6445496220929705,0.6445496220929705,0.6445496220929705,1.9336488662789115,0.6445496220929705,0.6445496220929705,0.0,0.6445496220929705,0.0,2.1820387537237536,0.0,-0.6445496220929705,-0.6445496220929705,0.0,0.0,-3.6547178929222737,3.6547178929222737,0.6445496220929705,0.6445496220929705,0.0,0.0,0.6445496220929705,-0.0007128875310824,-0.0244977136379759
2054913901695996316,Crypto_He,2026-05-14,crypto,加密,3.0,0.2463,2.5937610547000824,0.6388433477726303,-0.6388433477726303,0.38330600866357817,0.6388433477726303,0.6388433477726303,0.0,0.1613504361992804,2.5937610547000824,2.5937610547000824,0.6388433477726303,0.4792776697123236,-0.6388433477726303,-0.6388433477726303,0.0,-0.4185044775725639,-0.6388433477726303,-0.6388433477726303,-0.6388433477726303,0.0,0.0,0.0,0.4185044775725639,-0.6388433477726303,0.6388433477726303,0.0,0.0,2.432639292390486,-2.432639292390486,-0.6388433477726303,0.0,-0.6388433477726303,0.0,0.0,0.0054957039775438,-0.0244977136379759
2054917013626302755,Crypto_He,2026-05-14,crypto,加密,3.0,0.2482,2.5937610547000824,0.6437714937765605,-0.6437714937765605,0.3862628962659363,0.6437714937765605,0.6437714937765605,0.0,0.2503154892741527,2.5937610547000824,2.5937610547000824,0.6437714937765605,0.7435407502961006,-0.6437714937765605,-0.8531744695926805,0.0,-0.6492585674674936,-0.6437714937765605,-0.6437714937765605,-0.6437714937765605,0.0,0.0,0.0,0.6492585674674934,-0.6437714937765605,0.6437714937765605,0.0,0.0,2.456427044482483,-2.456427044482483,-0.6437714937765605,0.0,-0.6437714937765605,0.0,0.0,0.0025673241933814,-0.0244977136379759
2054934211279429908,Crypto_He,2026-05-14,crypto,加密,3.0,1.0,2.5937610547000824,2.5937610547000824,-2.5937610547000824,1.5562566328200493,2.5937610547000824,2.5937610547000824,0.0,0.8634988104158726,2.5937610547000824,2.5937610547000824,2.5937610547000824,2.5649493574615367,-2.5937610547000824,-2.589870413118032,0.0,-2.2397095852365405,-2.5937610547000824,-2.5937610547000824,-2.5937610547000824,0.0,0.0,0.0,2.2397095852365405,-2.5937610547000824,2.5937610547000824,0.0,0.0,9.859587910246109,-9.859587910246109,-2.5937610547000824,0.0,-2.5937610547000824,0.0,0.0,0.0076474658732457,-0.0244977136379759
2055102100598841571,Crypto_He,2026-05-15,crypto,加密,5.0,0.5334,2.5937610547000824,1.383512146577024,-1.383512146577024,0.2767024293154048,0.0,1.383512146577024,0.0,0.5190266589164768,2.5937610547000824,2.5937610547000824,1.383512146577024,1.541724295661814,0.0,-0.8616474223713674,0.0,-1.346231134248661,-1.383512146577024,-1.383512146577024,-1.383512146577024,0.0,0.0,0.0,1.3462311342486608,-1.383512146577024,1.383512146577024,0.0,0.0,4.8155879063114115,-4.8155879063114115,-1.383512146577024,0.0,-1.383512146577024,0.0,0.0,-0.003648860689884,-0.0118160267665125
2055120418479210764,Crypto_He,2026-05-15,crypto,加密,5.0,0.9039,2.5937610547000824,2.3445006173434044,-2.3445006173434044,0.46890012346868093,0.0,2.3445006173434044,0.0,0.8795429264990691,2.5937610547000824,2.5937610547000824,2.3445006173434044,2.612607031962343,0.0,-1.6790279894091866,0.0,-2.2813241886902222,-2.3445006173434044,-2.3445006173434044,-2.3445006173434044,0.0,0.0,0.0,2.2813241886902227,-2.3445006173434044,2.3445006173434044,0.0,0.0,8.597695600591944,-8.597695600591944,-2.3445006173434044,0.0,-2.3445006173434044,0.0,0.0,-0.0027703621425235,-0.0118160267665125
2055128904080474235,Crypto_He,2026-05-15,crypto,加密,5.0,0.25,2.5937610547000824,0.6484402636750206,-0.6484402636750206,0.12968805273500414,0.0,0.6484402636750206,0.0,0.1849257572305495,2.5937610547000824,2.5937610547000824,0.6484402636750206,0.5493061443340549,0.0,0.2568935056033666,0.0,-0.47965322711552144,-0.6484402636750206,-0.6484402636750206,-0.6484402636750206,0.0,0.0,0.0,0.47965322711552144,-0.6484402636750206,0.6484402636750206,0.0,0.0,2.42175230977267,-2.42175230977267,-0.6484402636750206,0.0,-0.6484402636750206,0.0,0.0,-0.0002063661895191,-0.0118160267665125
2055153403391889846,Crypto_He,2026-05-15,crypto,加密,5.0,0.25,2.5937610547000824,0.6484402636750206,-0.6484402636750206,0.12968805273500414,0.0,0.6484402636750206,0.0,0.21587470260396815,2.5937610547000824,2.5937610547000824,0.6484402636750206,0.6412373393653842,0.0,0.22478181740294584,0.0,-0.5599273963091351,-0.6484402636750206,-0.6484402636750206,-0.6484402636750206,0.0,0.0,0.0,0.5599273963091351,-0.6484402636750206,0.6484402636750206,0.0,0.0,2.2545224210260857,-2.2545224210260857,-0.6484402636750206,0.0,-0.6484402636750206,0.0,0.0,-0.0042861465151748,-0.0118160267665125
2055172237742022740,Crypto_He,2026-05-15,crypto,加密,5.0,0.5,2.5937610547000824,1.2968805273500412,-1.2968805273500412,0.2593761054700083,0.0,1.2968805273500412,0.0,0.7574380145410514,2.5937610547000824,2.5937610547000824,1.2968805273500412,2.2499048351651325,0.0,-0.44863420376129104,-1.2968805273500412,-1.964613223465934,-1.2968805273500412,-1.2968805273500412,-1.2968805273500412,0.0,0.0,0.0,1.964613223465934,-1.2968805273500412,1.2968805273500412,0.0,0.0,5.040377345291406,-5.040377345291406,-1.2968805273500412,0.0,-1.2968805273500412,0.0,0.0,0.0061403772141721,-0.0118160267665125
2055208703201280490,Crypto_He,2026-05-15,crypto,加密,5.0,0.2152,2.5937610547000824,0.5581773789714577,-0.5581773789714577,0.11163547579429155,0.0,0.5581773789714577,0.0,0.2575771535255367,2.5937610547000824,2.5937610547000824,0.5581773789714577,0.7651109028325218,0.0,0.33493236499342155,-0.5581773789714577,-0.6680935893950409,-0.5581773789714577,-0.5581773789714577,-0.5581773789714577,0.0,0.0,0.0,0.668093589395041,-0.5581773789714577,0.5581773789714577,0.0,0.0,1.8598097640200273,-1.8598097640200273,-0.5581773789714577,0.0,-0.5581773789714577,0.0,0.0,-0.0025802219025712,-0.0118160267665125
2055223690053505466,Crypto_He,2026-05-15,crypto,加密,5.0,0.8035,2.5937610547000824,2.084087007451516,-2.084087007451516,0.4168174014903032,0.0,2.084087007451516,0.0,0.0,2.5937610547000824,2.5937610547000824,0.0,0.0,0.0,-1.2214256603042206,0.0,-1.042043503725758,-2.084087007451516,0.0,-2.084087007451516,0.0,0.0,0.0,0.0,-2.084087007451516,2.084087007451516,0.0,0.0,0.556943759579916,-0.556943759579916,-2.084087007451516,0.0,-2.084087007451516,-2.084087007451516,0.0,0.00226268471971,-0.0118160267665125
2055240563096682614,Crypto_He,2026-05-15,crypto,加密,5.0,-0.2499,2.5937610547000824,-0.6481808875695506,0.6481808875695506,-0.12963617751391013,0.0,0.0,-0.6481808875695506,-0.2332569847470207,-2.5937610547000824,2.5937610547000824,-0.6481808875695506,-0.6928699216877213,0.0,1.6126277064088643,0.0,0.6050128827735934,0.6481808875695506,0.6481808875695506,0.0,0.6481808875695506,0.0,0.6050128827735934,0.0,-0.6481808875695506,-0.6481808875695506,0.0,0.0,-2.2390283170251513,2.2390283170251513,0.6481808875695506,0.6481808875695506,0.0,0.0,0.0,-0.0011343998053157,-0.0118160267665125
2055292539360649376,Crypto_He,2026-05-15,crypto,加密,5.0,0.2486,2.5937610547000824,0.6448089981984405,-0.6448089981984405,0.1289617996396881,0.0,0.6448089981984405,0.0,0.2464260589575293,2.5937610547000824,2.5937610547000824,0.6448089981984405,0.731987530220777,0.0,0.19558953553249925,0.0,-0.6391703145872659,-0.6448089981984405,-0.6448089981984405,-0.6448089981984405,0.0,0.0,0.0,0.6391703145872659,-0.6448089981984405,0.6448089981984405,0.0,0.0,2.4242810717309156,-2.4242810717309156,-0.6448089981984405,0.0,-0.6448089981984405,0.0,0.0,0.0012203785947904,-0.0118160267665125
2055512324291858527,Crypto_He,2026-05-16,crypto,加密,5.0,0.5051,2.5937610547000824,1.3101087087290115,-1.3101087087290115,0.26202174174580234,0.0,1.3101087087290115,0.0,0.46048663323971073,2.5937610547000824,2.5937610547000824,1.3101087087290115,1.3678361565767263,0.0,-0.48368085610753614,0.0,-1.194392295507122,-1.3101087087290115,-1.3101087087290115,-1.3101087087290115,0.0,0.0,0.0,1.1943922955071222,-1.3101087087290115,1.3101087087290115,0.0,0.0,4.388793309230119,-4.388793309230119,-1.3101087087290115,0.0,-1.3101087087290115,0.0,0.0,1.34498884845069e-05,0.0030410494175279
2055521893176971591,Crypto_He,2026-05-16,crypto,加密,5.0,0.2499,2.5937610547000824,0.6481808875695506,-0.6481808875695506,0.12963617751391013,0.0,0.6481808875695506,0.0,0.5432059248398585,2.5937610547000824,2.5937610547000824,0.6481808875695506,1.6135467369274836,0.0,0.21049235545909395,-0.6481808875695506,-1.4089463725319653,-0.6481808875695506,-0.6481808875695506,-0.6481808875695506,0.0,0.0,0.0,1.408946372531965,-0.6481808875695506,0.6481808875695506,0.0,0.0,3.1818076885063755,-3.1818076885063755,-0.6481808875695506,0.0,-0.6481808875695506,0.0,0.0,-0.0015665639772813,0.0030410494175279
2055579659715395834,Crypto_He,2026-05-16,crypto,加密,5.0,-0.0693,2.5937610547000824,-0.17974764109071573,0.17974764109071573,-0.035949528218143144,0.0,0.0,-0.17974764109071573,-0.07315132338685798,-2.5937610547000824,2.5937610547000824,-0.17974764109071573,-0.21728974916389007,0.0,1.1231331201658652,0.17974764109071573,0.18973705370060356,0.0,0.17974764109071573,0.0,0.0,0.0,0.0,0.0,-0.17974764109071573,-0.17974764109071573,0.0,0.0,-0.6405198551140597,0.6405198551140597,0.17974764109071573,0.0,0.0,0.0,0.0,-0.0022413608853431,0.0030410494175279
2055638159636279608,Crypto_He,2026-05-16,crypto,加密,5.0,-0.0301,2.5937610547000824,-0.07807220774647247,0.07807220774647247,-0.015614441549294495,0.0,0.0,-0.07807220774647247,-0.03479750588784542,-2.5937610547000824,2.5937610547000824,-0.07807220774647247,-0.10336301485500289,0.0,1.0524444855551054,0.07807220774647247,0.09025641557259027,0.0,0.07807220774647247,0.0,0.0,0.0,0.0,0.0,-0.07807220774647247,-0.07807220774647247,0.0,0.0,-0.2598485025097602,0.2598485025097602,0.07807220774647247,0.0,0.0,0.0,0.0,-0.0008708635360146,0.0030410494175279
2055859622842609964,Crypto_He,2026-05-17,crypto,加密,5.0,-0.1796,2.5937610547000824,-0.46583948542413484,0.46583948542413484,-0.09316789708482698,0.0,0.0,-0.46583948542413484,-0.15956517243394047,-2.5937610547000824,2.5937610547000824,-0.46583948542413484,-0.47397469639890044,0.0,1.3924173928648278,0.0,0.4138739299456579,0.0,0.46583948542413484,0.0,0.46583948542413484,0.0,0.41387392994565797,0.0,-0.46583948542413484,-0.46583948542413484,0.0,0.0,-1.6212956313119533,1.6212956313119533,0.46583948542413484,0.0,0.0,0.0,0.0,,
2055910401435681022,Crypto_He,2026-05-17,crypto,加密,5.0,0.2385,2.5937610547000824,0.6186120115459697,-0.6186120115459697,0.12372240230919394,0.0,0.6186120115459697,0.0,0.35283834479588844,2.5937610547000824,2.5937610547000824,0.6186120115459697,1.0480761233893767,0.0,0.2339918306146767,-0.6186120115459697,-0.915178357336415,-0.6186120115459697,-0.6186120115459697,-0.6186120115459697,0.0,0.0,0.0,0.915178357336415,-0.6186120115459697,0.6186120115459697,0.0,0.0,2.6466780793045466,-2.6466780793045466,-0.6186120115459697,0.0,-0.6186120115459697,0.0,0.0,,
2055940119971213426,Crypto_He,2026-05-17,crypto,加密,5.0,0.2487,2.5937610547000824,0.6450683743039105,-0.6450683743039105,0.1290136748607821,0.0,0.6450683743039105,0.0,0.2321369031876112,2.5937610547000824,2.5937610547000824,0.6450683743039105,0.6895428152210336,0.0,0.07585886497979509,0.0,-0.6021076588467094,-0.6450683743039105,-0.6450683743039105,-0.6450683743039105,0.0,0.0,0.0,0.6021076588467094,-0.6450683743039105,0.6450683743039105,0.0,0.0,2.046214741455832,-2.046214741455832,-0.6450683743039105,0.0,-0.6450683743039105,0.0,0.0,,
2055956840958349546,Crypto_He,2026-05-17,crypto,加密,5.0,0.2359,2.5937610547000824,0.6118682328037495,-0.6118682328037495,0.1223736465607499,0.0,0.6118682328037495,0.0,0.0,2.5937610547000824,2.5937610547000824,0.0,0.0,0.0,0.0598294216617486,0.0,-0.30593411640187473,-0.6118682328037495,0.0,-0.6118682328037495,0.0,0.0,0.0,0.0,-0.6118682328037495,0.6118682328037495,0.0,0.0,0.1635134198940911,-0.1635134198940911,-0.6118682328037495,0.0,-0.6118682328037495,-0.6118682328037495,0.0,,
2055962851790188773,Crypto_He,2026-05-17,crypto,加密,5.0,0.0278,2.5937610547000824,0.07210655732066229,-0.07210655732066229,0.014421311464132459,0.0,0.07210655732066229,0.0,0.029743289196757974,2.5937610547000824,2.5937610547000824,0.07210655732066229,0.08834989648367289,0.0,0.48408227150885874,-0.07210655732066229,-0.07714698515723253,0.0,-0.07210655732066229,0.0,0.0,0.0,0.0,0.0,-0.07210655732066229,0.07210655732066229,0.0,0.0,0.24952603432843978,-0.24952603432843978,-0.07210655732066229,0.0,0.0,0.0,0.0,,
2055969697934573678,Crypto_He,2026-05-17,crypto,加密,5.0,-0.0958,2.5937610547000824,-0.24848230904026788,0.24848230904026788,-0.04969646180805358,0.0,0.0,-0.24848230904026788,-0.1011240516661038,-2.5937610547000824,2.5937610547000824,-0.24848230904026788,-0.30038034588601253,0.0,0.7662488907794984,0.24848230904026788,0.262291626905019,0.0,0.24848230904026788,0.0,0.0,0.0,0.0,0.0,-0.24848230904026788,-0.24848230904026788,0.0,0.0,-0.8933784145555466,0.8933784145555466,0.24848230904026788,0.0,0.0,0.0,0.0,,
2055227191806566838,Crypto_hedyEth,2026-05-15,crypto,加密,6.0,0.8195,2.096790180014449,1.718319552521841,-1.718319552521841,0.34366391050436823,0.0,1.718319552521841,0.0,0.8319142874367885,2.096790180014449,2.096790180014449,1.718319552521841,3.4334220610906554,0.0,-1.718319552521841,0.0,-1.7443497085111759,-1.718319552521841,-1.718319552521841,-1.718319552521841,0.0,0.0,0.0,1.7443497085111759,-1.718319552521841,1.718319552521841,0.0,0.0,8.219033425179038,-8.219033425179038,-1.718319552521841,0.0,-1.718319552521841,0.0,0.0,0.0019007979565353,-0.0118160267665125
2055441856440537224,Crypto_hedyEth,2026-05-16,crypto,加密,9.0,0.145,2.096790180014449,0.3040345761020951,-0.3040345761020951,0.060806915220419026,0.0,0.3040345761020951,0.0,0.12491123884504489,2.096790180014449,2.096790180014449,0.3040345761020951,0.515525468915965,0.0,-0.3040345761020951,0.0,-0.2619126589837295,0.0,-0.3040345761020951,0.0,0.0,0.0,0.0,0.2619126589837295,-0.3040345761020951,0.3040345761020951,0.0,0.0,1.2351379403036515,-1.2351379403036515,-0.3040345761020951,0.0,0.0,0.0,0.0,-0.000448962202044,0.0030410494175279
2055562184122605607,Crypto_hedyEth,2026-05-16,crypto,加密,9.0,-0.2109,2.096790180014449,-0.4422130489650473,0.4422130489650473,-0.08844260979300947,0.0,0.0,-0.4422130489650473,-0.2109,-2.096790180014449,2.096790180014449,-0.4422130489650473,-0.8704126418060099,0.0,0.4422130489650473,0.0,0.4422130489650473,0.4422130489650473,0.4422130489650473,0.0,0.4422130489650473,0.0,0.4422130489650473,0.0,-0.4422130489650473,-0.4422130489650473,0.0,0.0,-1.8368609842835262,1.8368609842835262,0.4422130489650473,0.4422130489650473,0.0,0.0,0.4422130489650473,-0.001992638868469,0.0030410494175279
2055817087860572178,Crypto_hedyEth,2026-05-17,crypto,加密,9.0,-0.214,2.096790180014449,-0.4487130985230921,0.4487130985230921,-0.08974261970461843,0.0,0.0,-0.4487130985230921,-0.10089925188934387,-2.096790180014449,2.096790180014449,-0.4487130985230921,-0.416424771897837,0.0,0.9754267917427218,0.0,0.22435654926154605,0.4487130985230921,0.4487130985230921,0.0,0.4487130985230921,0.0,0.21156456053238057,0.0,-0.4487130985230921,-0.4487130985230921,0.0,0.0,-1.594689958616977,1.594689958616977,0.4487130985230921,0.4487130985230921,0.0,0.0,0.0,,
2055894093193166961,Crypto_hedyEth,2026-05-17,crypto,加密,9.0,-0.059,2.096790180014449,-0.12371062062085249,0.12371062062085249,-0.024742124124170498,0.0,0.0,-0.12371062062085249,-0.07574280250215762,-2.096790180014449,2.096790180014449,-0.12371062062085249,-0.31260072462633415,0.0,0.40656761590480167,0.12371062062085249,0.15881676449329793,0.0,0.12371062062085249,0.0,0.0,0.0,0.0,0.0,-0.12371062062085249,-0.12371062062085249,0.0,0.0,-0.7163571209691431,0.7163571209691431,0.12371062062085249,0.0,0.0,0.0,0.0,,
2046098442716651669,DIGITALYCHEE,2026-04-20,unclassified,未分类,38.0,0.2475,0.5187937934151676,0.12840146387025397,-0.12840146387025397,0.025680292774050796,0.0,0.12840146387025397,0.0,0.2632170094720374,0.5187937934151676,0.5187937934151676,0.12840146387025397,1.1678284706455357,0.0,-0.12840146387025397,-0.12840146387025397,-0.13655535083539436,-0.12840146387025397,-0.12840146387025397,-0.12840146387025397,0.0,0.0,0.0,0.13655535083539438,-0.12840146387025397,0.12840146387025397,0.0,0.0,2.689413779211682,-2.689413779211682,-0.12840146387025397,0.0,-0.12840146387025397,0.0,0.0,,
2049474542704455786,DIGITALYCHEE,2026-04-29,unclassified,未分类,38.0,-0.1016,0.5187937934151676,-0.052709449410981025,0.052709449410981025,-0.010541889882196205,0.0,0.0,-0.052709449410981025,-0.09258440677385256,-0.5187937934151676,0.5187937934151676,-0.052709449410981025,-0.4107740088119903,0.0,0.052709449410981025,0.0,0.04803221560129991,0.0,0.052709449410981025,0.0,0.052709449410981025,0.0,0.04803221560129991,0.0,-0.052709449410981025,-0.052709449410981025,0.0,0.0,-1.0611023249391653,1.0611023249391653,0.052709449410981025,0.0,0.0,0.0,0.0,,
2054774895918395831,FLMdongtianfudi,2026-05-14,unclassified,未分类,30.0,0.2103,0.5933268452777344,0.12477663556190753,-0.12477663556190753,0.024955327112381506,0.0,0.12477663556190753,0.0,0.21880031663576432,0.5933268452777344,0.5933268452777344,0.12477663556190753,1.063328492864749,0.0,-0.12477663556190753,0.0,-0.12982010161526744,-0.12477663556190753,-0.12477663556190753,-0.12477663556190753,0.0,0.0,0.0,0.12982010161526744,-0.12477663556190753,0.12477663556190753,0.0,0.0,2.004760155013097,-2.004760155013097,-0.12477663556190753,0.0,-0.12477663556190753,0.0,0.0,,
2054907811805745614,FLMdongtianfudi,2026-05-14,unclassified,未分类,30.0,0.2499,0.5933268452777344,0.14827237863490583,-0.14827237863490583,0.02965447572698117,0.0,0.14827237863490583,0.0,0.19458960775264442,0.5933268452777344,0.5933268452777344,0.14827237863490583,0.9456689895161735,0.0,-0.14827237863490583,0.0,-0.11545523809170828,-0.14827237863490583,-0.14827237863490583,-0.14827237863490583,0.0,0.0,0.0,0.11545523809170828,-0.14827237863490583,0.14827237863490583,0.0,0.0,2.1930869928679018,-2.1930869928679018,-0.14827237863490583,0.0,-0.14827237863490583,0.0,0.0,,
2054961379225047250,FLMdongtianfudi,2026-05-14,unclassified,未分类,30.0,0.25,0.5933268452777344,0.1483317113194336,-0.1483317113194336,0.02966634226388672,0.0,0.1483317113194336,0.0,0.25,0.5933268452777344,0.5933268452777344,0.1483317113194336,1.214953101090418,0.0,-0.1483317113194336,0.0,-0.1483317113194336,-0.1483317113194336,-0.1483317113194336,-0.1483317113194336,0.0,0.0,0.0,0.1483317113194336,-0.1483317113194336,0.1483317113194336,0.0,0.0,2.353748508494137,-2.353748508494137,-0.1483317113194336,0.0,-0.1483317113194336,0.0,0.0,,
2055261809809166728,FLMdongtianfudi,2026-05-15,unclassified,未分类,30.0,-0.2483,0.5933268452777344,-0.14732305568246146,0.14732305568246146,-0.02946461113649229,0.0,0.0,-0.14732305568246146,-0.2771742975370179,-0.5933268452777344,0.5933268452777344,-0.14732305568246146,-1.3470150893406323,0.0,0.2877832975212104,0.14732305568246146,0.16445495154971093,0.14732305568246146,0.14732305568246146,0.0,0.14732305568246146,0.0,0.16445495154971093,0.0,-0.14732305568246146,-0.14732305568246146,0.0,0.0,-2.561107777207388,2.561107777207388,0.14732305568246146,0.14732305568246146,0.0,0.0,0.14732305568246146,,
2056009411076960759,FLMdongtianfudi,2026-05-17,unclassified,未分类,30.0,0.249,0.5933268452777344,0.14773838447415585,-0.14773838447415585,0.029547676894831173,0.0,0.14773838447415585,0.0,0.19027060463886933,0.5933268452777344,0.5933268452777344,0.14773838447415585,0.9246794446093727,0.0,-0.07922396701570948,0.0,-0.11289265759946739,-0.14773838447415585,-0.14773838447415585,-0.14773838447415585,0.0,0.0,0.0,0.11289265759946739,-0.14773838447415585,0.14773838447415585,0.0,0.0,2.0419401364551324,-2.0419401364551324,-0.14773838447415585,0.0,-0.14773838447415585,0.0,0.0,,
2054367959452463438,IndieDevHailey,2026-05-13,ai_tech,AI / 大模型,8.0,-0.25,1.3837912309017721,-0.34594780772544304,0.34594780772544304,-0.06918956154508861,0.0,0.0,-0.34594780772544304,-0.16666666666666669,-1.3837912309017721,1.3837912309017721,-0.34594780772544304,-0.34657359027997264,0.0,0.34594780772544304,0.0,0.23063187181696204,0.34594780772544304,0.34594780772544304,0.0,0.34594780772544304,0.0,0.23063187181696204,0.0,-0.34594780772544304,-0.34594780772544304,0.0,0.0,-2.1993871221203896,2.1993871221203896,0.34594780772544304,0.34594780772544304,0.0,0.0,0.0,0.0022482547976074,0.0105622304188508
2054386235867812240,IndieDevHailey,2026-05-13,ai_tech,AI / 大模型,8.0,0.9545,1.3837912309017721,1.3208287298957415,-1.3208287298957415,0.2641657459791483,0.0,1.3208287298957415,0.0,4.2938119875641965,1.3837912309017721,1.3837912309017721,1.3208287298957415,8.928731019103852,0.0,-1.3208287298957415,-1.3208287298957415,-3.9624861896872243,-1.3208287298957415,-1.3208287298957415,-1.3208287298957415,0.0,0.0,0.0,5.9417393755322445,-1.3208287298957415,1.3208287298957415,0.0,0.0,13.712710460390799,-13.712710460390799,-1.3208287298957415,0.0,-1.3208287298957415,0.0,0.0,0.0022482547976074,0.0105622304188508
2054471086058963098,IndieDevHailey,2026-05-13,ai_tech,AI / 大模型,8.0,-0.1858,1.3837912309017721,-0.2571084107015493,0.2571084107015493,-0.05142168214030986,0.0,0.0,-0.2571084107015493,-0.14380474667669063,-1.3837912309017721,1.3837912309017721,-0.2571084107015493,-0.29903356413025584,0.0,0.2571084107015493,0.0,0.19899574741325526,0.0,0.2571084107015493,0.0,0.2571084107015493,0.0,0.19899574741325526,0.0,-0.2571084107015493,-0.2571084107015493,0.0,0.0,-1.3921548639113779,1.3921548639113779,0.2571084107015493,0.0,0.0,0.0,0.0,0.0022482547976074,0.0071077162744499
2054477462344724875,IndieDevHailey,2026-05-13,ai_tech,AI / 大模型,8.0,0.2323,1.3837912309017721,0.32145470293848166,-0.32145470293848166,0.06429094058769634,0.0,0.32145470293848166,0.0,0.3453086550031481,1.3837912309017721,1.3837912309017721,0.32145470293848166,0.7180491619151368,0.0,-0.08219719911556524,-0.32145470293848166,-0.4778350887478417,-0.32145470293848166,-0.32145470293848166,-0.32145470293848166,0.0,0.0,0.0,0.4778350887478417,-0.32145470293848166,0.32145470293848166,0.0,0.0,2.069018142389583,-2.069018142389583,-0.32145470293848166,0.0,-0.32145470293848166,0.0,0.0,0.0022482547976074,0.0071077162744499
2054536746499702964,IndieDevHailey,2026-05-13,ai_tech,AI / 大模型,8.0,1.0,1.3837912309017721,1.3837912309017721,-1.3837912309017721,0.27675824618035444,0.0,1.3837912309017721,0.0,0.8616541669070521,1.3837912309017721,1.3837912309017721,1.3837912309017721,1.791759469228055,0.0,-1.1239844272999644,0.0,-1.1923494802359507,-1.3837912309017721,-1.3837912309017721,-1.3837912309017721,0.0,0.0,0.0,1.1923494802359507,-1.3837912309017721,1.3837912309017721,0.0,0.0,8.001355025826703,-8.001355025826703,-1.3837912309017721,0.0,-1.3837912309017721,0.0,0.0,0.0022482547976074,0.0071077162744499
2054594633045508588,IndieDevHailey,2026-05-13,ai_tech,AI / 大模型,8.0,0.9979,1.3837912309017721,1.3808852693168785,-1.3808852693168785,0.2761770538633757,0.0,1.3808852693168785,0.0,1.1049840152960333,1.3837912309017721,1.3837912309017721,1.3808852693168785,2.2977496642987583,0.0,-0.8962815802550779,-1.3808852693168785,-1.5290671906532805,-1.3808852693168785,-1.3808852693168785,-1.3808852693168785,0.0,0.0,0.0,1.5290671906532805,-1.3808852693168785,1.3808852693168785,0.0,0.0,8.11298591600881,-8.11298591600881,-1.3808852693168785,0.0,-1.3808852693168785,0.0,0.0,0.0036307669780919,0.0071077162744499
2054784605870506015,IndieDevHailey,2026-05-14,ai_tech,AI / 大模型,8.0,-0.0221,1.3837912309017721,-0.030581786202929166,0.030581786202929166,-0.006116357240585834,0.0,0.0,-0.030581786202929166,-0.011675890421979187,-1.3837912309017721,1.3837912309017721,-0.030581786202929166,-0.024279331579565227,0.0,0.6645657386405761,0.0,0.016156994778904792,0.0,0.030581786202929166,0.0,0.0,0.0,0.0,0.0,-0.030581786202929166,-0.030581786202929166,0.0,0.0,-0.16477487479356934,0.16477487479356934,0.030581786202929166,0.0,0.0,0.0,0.0,0.0051926185114692,-0.015087714031981
2054860076897210479,IndieDevHailey,2026-05-14,ai_tech,AI / 大模型,8.0,0.25,1.3837912309017721,0.34594780772544304,-0.34594780772544304,0.06918956154508861,0.0,0.34594780772544304,0.0,0.0,1.3837912309017721,1.3837912309017721,0.34594780772544304,0.0,0.0,0.19309818204926443,0.0,-0.17297390386272152,-0.34594780772544304,-0.34594780772544304,-0.34594780772544304,0.0,0.0,0.0,0.0,-0.34594780772544304,0.34594780772544304,0.0,0.0,1.881813979843446,-1.881813979843446,-0.34594780772544304,0.0,-0.34594780772544304,0.0,0.0,0.0051926185114692,-0.015087714031981
2055112457992229006,IndieDevHailey,2026-05-15,ai_tech,AI / 大模型,8.0,0.25,1.3837912309017721,0.34594780772544304,-0.34594780772544304,0.06918956154508861,0.0,0.34594780772544304,0.0,0.7000732863568487,1.3837912309017721,1.3837912309017721,0.34594780772544304,1.4557614738707547,0.0,0.16896090929310636,-0.34594780772544304,-0.9687552746491925,-0.34594780772544304,-0.34594780772544304,-0.34594780772544304,0.0,0.0,0.0,0.9687552746491925,-0.34594780772544304,0.34594780772544304,0.0,0.0,2.570600831352689,-2.570600831352689,-0.34594780772544304,0.0,-0.34594780772544304,0.0,0.0,-0.0128940329861121,-0.015087714031981
2055132457142227035,IndieDevHailey,2026-05-15,ai_tech,AI / 大模型,8.0,0.25,1.3837912309017721,0.34594780772544304,-0.34594780772544304,0.06918956154508861,0.0,0.34594780772544304,0.0,0.5,1.3837912309017721,1.3837912309017721,0.34594780772544304,1.0397207708399179,0.0,0.15018747492720563,-0.34594780772544304,-0.6918956154508861,-0.34594780772544304,-0.34594780772544304,-0.34594780772544304,0.0,0.0,0.0,0.6918956154508861,-0.34594780772544304,0.34594780772544304,0.0,0.0,2.28706304491569,-2.28706304491569,-0.34594780772544304,0.0,-0.34594780772544304,0.0,0.0,-0.0128940329861121,-0.015087714031981
2055193967684464874,IndieDevHailey,2026-05-15,ai_tech,AI / 大模型,8.0,-0.2495,1.3837912309017721,-0.3452559121099921,0.3452559121099921,-0.06905118242199842,0.0,0.0,-0.3452559121099921,-0.2149827146433095,-1.3837912309017721,1.3837912309017721,-0.3452559121099921,-0.4470439875723997,0.0,0.8263724472699203,0.0,0.29749119531886964,0.3452559121099921,0.3452559121099921,0.0,0.3452559121099921,0.0,0.2974911953188697,0.0,-0.3452559121099921,-0.3452559121099921,0.0,0.0,-1.7382583010841888,1.7382583010841888,0.3452559121099921,0.3452559121099921,0.0,0.0,0.0,-0.0128940329861121,
2055230184199242125,IndieDevHailey,2026-05-15,ai_tech,AI / 大模型,8.0,-0.25,1.3837912309017721,-0.34594780772544304,0.34594780772544304,-0.06918956154508861,0.0,0.0,-0.34594780772544304,-0.650612910171467,-1.3837912309017721,1.3837912309017721,-0.34594780772544304,-1.3529115129637599,0.0,0.751939574951742,0.34594780772544304,0.9003124398067585,0.34594780772544304,0.34594780772544304,0.0,0.34594780772544304,0.0,0.9003124398067585,0.0,-0.34594780772544304,-0.34594780772544304,0.0,0.0,-2.699250209180074,2.699250209180074,0.34594780772544304,0.34594780772544304,0.0,0.0,0.34594780772544304,-0.0128940329861121,
2055282057967022558,IndieDevHailey,2026-05-15,ai_tech,AI / 大模型,8.0,-0.0963,1.3837912309017721,-0.13325909553584064,0.13325909553584064,-0.02665181910716813,0.0,0.0,-0.13325909553584064,-0.18804118994359506,-1.3837912309017721,1.3837912309017721,-0.13325909553584064,-0.3910206619156201,0.0,0.47658923151616117,0.13325909553584064,0.26020974969228133,0.0,0.13325909553584064,0.0,0.0,0.13325909553584064,0.0,0.0,-0.13325909553584064,-0.13325909553584064,0.0,0.0,-0.8783276316152342,0.8783276316152342,0.6867755878965496,0.0,0.0,0.0,0.0,0.0061559279147673,
2055511625575321606,IndieDevHailey,2026-05-16,ai_tech,AI / 大模型,8.0,0.25,1.3837912309017721,0.34594780772544304,-0.34594780772544304,0.06918956154508861,0.0,0.34594780772544304,0.0,0.1320802083934297,1.3837912309017721,1.3837912309017721,0.34594780772544304,0.27465307216702745,0.0,-0.03927838186175028,0.0,-0.18277143415050667,-0.34594780772544304,-0.34594780772544304,-0.34594780772544304,0.0,0.0,0.0,0.18277143415050667,-0.34594780772544304,0.34594780772544304,0.0,0.0,1.5434465259754842,-1.5434465259754842,-0.34594780772544304,0.0,-0.34594780772544304,0.0,0.0,,
2055856928128139559,IndieDevHailey,2026-05-17,ai_tech,AI / 大模型,8.0,0.9952,1.3837912309017721,1.3771490329934435,-1.3771490329934435,0.2754298065986887,0.0,1.3771490329934435,0.0,0.8575182269058982,1.3837912309017721,1.3837912309017721,1.3771490329934435,1.7831590237757602,0.0,-1.0676740084253402,0.0,-1.1866262027308179,-1.3771490329934435,-1.3771490329934435,-1.3771490329934435,0.0,0.0,0.0,1.186626202730818,-1.3771490329934435,1.3771490329934435,0.0,0.0,6.276005165570665,-6.276005165570665,-1.3771490329934435,0.0,-1.3771490329934435,0.0,0.0,,
2051823511782691235,Jason_Young1231,2026-05-06,ai_tech,AI / 大模型,33.0,0.0379,0.5822156198526637,0.022065971992415955,-0.022065971992415955,0.004413194398483191,0.0,0.022065971992415955,0.0,0.04836654425292417,0.5822156198526637,0.5822156198526637,0.022065971992415955,0.19638959655607005,0.0,-0.022065971992415955,-0.022065971992415955,-0.028159757542347535,0.0,-0.022065971992415955,0.0,0.0,0.0,0.0,0.0,-0.022065971992415955,0.022065971992415955,0.0,0.0,0.4038699788794283,-0.4038699788794283,-0.022065971992415955,0.0,0.0,0.0,0.0,0.0101392100563681,0.0207743936914068
2052015739889217777,Jason_Young1231,2026-05-06,ai_tech,AI / 大模型,33.0,0.119,0.5822156198526637,0.06928365876246698,-0.06928365876246698,0.013856731752493396,0.0,0.06928365876246698,0.0,0.14219916395987886,0.5822156198526637,0.5822156198526637,0.06928365876246698,0.5773916014064344,0.0,-0.06928365876246698,-0.06928365876246698,-0.08279057438743143,0.0,-0.06928365876246698,0.0,0.0,0.0,0.0,0.08279057438743143,-0.06928365876246698,0.06928365876246698,0.0,0.0,1.1706952260913188,-1.1706952260913188,-0.06928365876246698,0.0,0.0,0.0,0.0,0.0101392100563681,-0.0011929474776779
2052296599020454009,Jason_Young1231,2026-05-07,ai_tech,AI / 大模型,33.0,0.2472,0.5822156198526637,0.14392370122757847,-0.14392370122757847,0.028784740245515694,0.0,0.14392370122757847,0.0,0.286716464863705,0.5822156198526637,0.5822156198526637,0.14392370122757847,1.164195865764409,0.0,-0.14392370122757847,-0.14392370122757847,-0.1669308043125865,-0.14392370122757847,-0.14392370122757847,-0.14392370122757847,0.0,0.0,0.0,0.16693080431258647,-0.14392370122757847,0.14392370122757847,0.0,0.0,2.7233711303279375,-2.7233711303279375,-0.14392370122757847,0.0,-0.14392370122757847,0.0,0.0,0.0056498692103845,0.0234408408929045
2052416060394217845,Jason_Young1231,2026-05-07,ai_tech,AI / 大模型,33.0,0.2391,0.5822156198526637,0.13920775470677188,-0.13920775470677188,0.027841550941354376,0.0,0.13920775470677188,0.0,0.23489212459237754,0.5822156198526637,0.5822156198526637,0.13920775470677188,0.953766085533518,0.0,-0.06078331071261808,0.0,-0.1367578639180602,-0.13920775470677188,-0.13920775470677188,-0.13920775470677188,0.0,0.0,0.0,0.1367578639180602,-0.13920775470677188,0.13920775470677188,0.0,0.0,2.3270600215932813,-2.3270600215932813,-0.13920775470677188,0.0,-0.13920775470677188,0.0,0.0,-0.004308507896514,0.0234408408929045
2052575580793839978,Jason_Young1231,2026-05-08,ai_tech,AI / 大模型,33.0,0.9974,0.5822156198526637,0.5807018592410468,-0.5807018592410468,0.11614037184820936,0.0,0.5807018592410468,0.0,0.9609423738935706,0.5822156198526637,0.5822156198526637,0.5807018592410468,3.9018517456140325,0.0,-0.48708158756873843,0.0,-0.5594756598591354,-0.5807018592410468,-0.5807018592410468,-0.5807018592410468,0.0,0.0,0.0,0.5594756598591353,-0.5807018592410468,0.5807018592410468,0.0,0.0,9.181594440060014,-9.181594440060014,-0.5807018592410468,0.0,-0.5807018592410468,0.0,0.0,0.0151815864450868,0.0234408408929045
2052944256583750106,Jason_Young1231,2026-05-09,ai_tech,AI / 大模型,33.0,0.2091,0.5822156198526637,0.12174128611119198,-0.12174128611119198,0.024348257222238396,0.0,0.12174128611119198,0.0,0.10708467653305163,0.5822156198526637,0.5822156198526637,0.12174128611119198,0.43481122636525366,0.0,0.06929530307486403,0.0,-0.06234637132441265,-0.12174128611119198,-0.12174128611119198,-0.12174128611119198,0.0,0.0,0.0,0.06234637132441265,-0.12174128611119198,0.12174128611119198,0.0,0.0,1.6754515824017002,-1.6754515824017002,-0.12174128611119198,0.0,-0.12174128611119198,0.0,0.0,-0.0017999582175547,0.0028963874065546
2053781401221345696,Jason_Young1231,2026-05-11,ai_tech,AI / 大模型,33.0,-0.2454,0.5822156198526637,-0.14287571311184366,0.14287571311184366,-0.028575142622368734,0.0,0.0,-0.14287571311184366,-0.33989736894069755,-0.5822156198526637,0.5822156198526637,-0.14287571311184366,-1.3801338960183729,0.0,0.32236308511875567,0.14287571311184366,0.19789355734409775,0.14287571311184366,0.14287571311184366,0.0,0.14287571311184366,0.0,0.19789355734409775,0.0,-0.14287571311184366,-0.14287571311184366,0.0,0.0,-2.704228925611577,2.704228925611577,0.14287571311184366,0.14287571311184366,0.0,0.0,0.14287571311184366,-0.0017999582175547,-0.008481806809764
2054043265218036018,Jason_Young1231,2026-05-12,ai_tech,AI / 大模型,33.0,0.0,0.5822156198526637,0.0,-0.0,0.0,0.0,0.0,0.0,0.0,0.0,0.5822156198526637,0.0,0.0,0.0,0.1334355027042326,-0.0,-0.0,0.0,-0.0,0.0,0.0,0.0,0.0,0.0,-0.0,0.0,0.0,0.0,0.0,-0.0,-0.0,0.0,0.0,0.0,0.0,-0.0116490863849201,-0.008481806809764
2054194923923177578,Jason_Young1231,2026-05-12,ai_tech,AI / 大模型,33.0,0.0771,0.5822156198526637,0.044888824290640374,-0.044888824290640374,0.008977764858128075,0.0,0.044888824290640374,0.0,0.04372166047121804,0.5822156198526637,0.5822156198526637,0.044888824290640374,0.17752931066984096,0.0,0.07186724057556317,0.0,-0.025455433652237916,0.0,-0.044888824290640374,0.0,0.0,0.0,0.0,0.0,-0.044888824290640374,0.044888824290640374,0.0,0.0,0.6267366589578867,-0.6267366589578867,-0.044888824290640374,0.0,0.0,0.0,0.0,-0.0069303121524838,0.0105622304188508
2054379504345448656,Jason_Young1231,2026-05-13,ai_tech,AI / 大模型,33.0,0.25,0.5822156198526637,0.14555390496316592,-0.14555390496316592,0.029110780992633187,0.0,0.14555390496316592,0.0,0.21338409957965018,0.5822156198526637,0.5822156198526637,0.14555390496316592,0.8664339756999316,0.0,-0.03678308904980273,0.0,-0.12423555580346854,-0.14555390496316592,-0.14555390496316592,-0.14555390496316592,0.0,0.0,0.0,0.12423555580346854,-0.14555390496316592,0.14555390496316592,0.0,0.0,2.2458913086069807,-2.2458913086069807,-0.14555390496316592,0.0,-0.14555390496316592,0.0,0.0,0.0022482547976074,0.0105622304188508
2054396871238627631,Jason_Young1231,2026-05-13,ai_tech,AI / 大模型,33.0,0.2313,0.5822156198526637,0.1346664728719211,-0.1346664728719211,0.02693329457438422,0.0,0.1346664728719211,0.0,0.2842761379297349,0.5822156198526637,0.5822156198526637,0.1346664728719211,1.1542870573219217,0.0,-0.022217348053577647,-0.1346664728719211,-0.16551000785408188,-0.1346664728719211,-0.1346664728719211,-0.1346664728719211,0.0,0.0,0.0,0.1655100078540819,-0.1346664728719211,0.1346664728719211,0.0,0.0,2.5426089729743966,-2.5426089729743966,-0.1346664728719211,0.0,-0.1346664728719211,0.0,0.0,0.0022482547976074,0.0105622304188508
2055524649828839452,Jason_Young1231,2026-05-16,ai_tech,AI / 大模型,33.0,-0.1539,0.5822156198526637,-0.08960298389532495,0.08960298389532495,-0.01792059677906499,0.0,0.0,-0.08960298389532495,-0.1539,-0.5822156198526637,0.5822156198526637,-0.08960298389532495,-0.6249021793230939,0.0,0.20407186762763002,0.0,0.08960298389532495,0.0,0.08960298389532495,0.0,0.08960298389532495,0.0,0.08960298389532495,0.0,-0.08960298389532495,-0.08960298389532495,0.0,0.0,-1.544453668680107,1.544453668680107,0.08960298389532495,0.0,0.0,0.0,0.08960298389532495,,
2055846832417526150,Jason_Young1231,2026-05-17,ai_tech,AI / 大模型,33.0,0.248,0.5822156198526637,0.1443894737234606,-0.1443894737234606,0.028877894744692118,0.0,0.1443894737234606,0.0,0.23644165136945505,0.5822156198526637,0.5822156198526637,0.1443894737234606,0.960057850705157,0.0,-0.0469265789601247,0.0,-0.13766002261105467,-0.1443894737234606,-0.1443894737234606,-0.1443894737234606,0.0,0.0,0.0,0.13766002261105467,-0.1443894737234606,0.1443894737234606,0.0,0.0,2.417127735324039,-2.417127735324039,-0.1443894737234606,0.0,-0.1443894737234606,0.0,0.0,,
2055789391042183416,KKaWSB,2026-05-16,unclassified,未分类,24.0,0.25,0.37156355643248307,0.09289088910812077,-0.09289088910812077,0.018578177821624155,0.0,0.09289088910812077,0.0,0.2705449389705615,0.37156355643248307,0.37156355643248307,0.09289088910812077,1.1077041997108283,0.0,-0.09289088910812077,-0.09289088910812077,-0.10052463969871091,-0.09289088910812077,-0.09289088910812077,-0.09289088910812077,0.0,0.0,0.0,0.10052463969871091,-0.09289088910812077,0.09289088910812077,0.0,0.0,2.406636894154062,-2.406636894154062,-0.09289088910812077,0.0,-0.09289088910812077,0.0,0.0,,
2055799457698939045,KKaWSB,2026-05-16,unclassified,未分类,24.0,0.25,0.37156355643248307,0.09289088910812077,-0.09289088910812077,0.018578177821624155,0.0,0.09289088910812077,0.0,0.21880907212357617,0.37156355643248307,0.37156355643248307,0.09289088910812077,0.8958797346140275,0.0,-0.09289088910812077,0.0,-0.08130147701792766,-0.09289088910812077,-0.09289088910812077,-0.09289088910812077,0.0,0.0,0.0,0.08130147701792766,-0.09289088910812077,0.09289088910812077,0.0,0.0,2.307829694590344,-2.307829694590344,0.05573453346487247,0.0,-0.09289088910812077,0.0,0.0,,
2055305029125365798,Maggie191919,2026-05-15,consumer_tech,消费科技,2.0,1.0,0.9858167945227653,0.9858167945227653,-0.9858167945227653,0.7886534356182122,0.9858167945227653,0.9858167945227653,0.0,0.9030899869919434,0.9858167945227653,0.9858167945227653,0.9858167945227653,2.0794415416798357,-0.9858167945227653,-0.9858167945227653,0.0,-0.8902812761420035,-0.9858167945227653,-0.9858167945227653,-0.9858167945227653,0.0,0.0,0.0,0.8902812761420035,-0.9858167945227653,0.9858167945227653,0.0,0.0,7.580189417944541,-7.580189417944541,-0.9858167945227653,0.0,-0.9858167945227653,0.0,0.0,1.4092108599594866e-05,
2055307693452145075,Maggie191919,2026-05-15,consumer_tech,消费科技,2.0,0.2492,0.9858167945227653,0.2456655451950731,-0.2456655451950731,0.1965324361560585,0.2456655451950731,0.2456655451950731,0.0,0.15003334983892821,0.9858167945227653,0.9858167945227653,0.2456655451950731,0.34546455479107674,-0.2456655451950731,-0.2456655451950731,0.0,-0.14790539600972485,-0.2456655451950731,-0.2456655451950731,-0.2456655451950731,0.0,0.0,0.0,0.14790539600972485,-0.2456655451950731,0.2456655451950731,0.0,0.0,1.7166322569236887,-1.7166322569236887,-0.2456655451950731,0.0,-0.2456655451950731,0.0,0.0,-7.011786753452487e-05,
2055343483280400722,Maggie191919,2026-05-15,consumer_tech,消费科技,2.0,0.1158,0.9858167945227653,0.11415758480573622,-0.11415758480573622,0.09132606784458898,0.11415758480573622,0.11415758480573622,0.0,0.06971854699577804,0.9858167945227653,0.9858167945227653,0.11415758480573622,0.16053288701768334,-0.11415758480573622,-0.11415758480573622,0.0,-0.06872971451816266,0.0,-0.11415758480573622,0.0,0.0,0.0,0.0,0.06872971451816268,-0.11415758480573622,0.11415758480573622,0.0,0.0,0.7966294021565189,-0.7966294021565189,-0.11415758480573622,0.0,0.0,0.0,0.0,-0.0016658236483154,
2055378720525865264,Maggie191919,2026-05-15,consumer_tech,消费科技,2.0,-0.25,0.9858167945227653,-0.24645419863069132,0.24645419863069132,-0.19716335890455305,-0.24645419863069132,0.0,-0.24645419863069132,-0.3692803136799156,-0.9858167945227653,0.9858167945227653,-0.24645419863069132,-0.8502993454155389,0.24645419863069132,0.6950008401385496,0.24645419863069132,0.3640427351122957,0.24645419863069132,0.24645419863069132,0.0,0.24645419863069132,0.0,0.3640427351122957,0.0,-0.24645419863069132,-0.24645419863069132,0.0,0.0,-2.081810651864448,2.081810651864448,0.24645419863069132,0.24645419863069132,0.0,0.0,0.24645419863069132,,
2055388713719656900,Maggie191919,2026-05-15,consumer_tech,消费科技,2.0,0.25,0.9858167945227653,0.24645419863069132,-0.24645419863069132,0.19716335890455305,0.24645419863069132,0.24645419863069132,0.0,0.3537433369927045,0.9858167945227653,0.9858167945227653,0.24645419863069132,0.8145241345053705,-0.24645419863069132,0.0283422328425295,-0.24645419863069132,-0.3487261225579343,-0.24645419863069132,-0.24645419863069132,-0.24645419863069132,0.0,0.0,0.0,0.3487261225579343,-0.24645419863069132,0.24645419863069132,0.0,0.0,2.176125572430308,-2.176125572430308,-0.24645419863069132,0.0,-0.24645419863069132,0.0,0.0,,
2055907717617766903,Maggie191919,2026-05-17,ai_tech,AI / 大模型,12.0,0.5,0.9858167945227653,0.49290839726138264,-0.49290839726138264,0.09858167945227653,0.0,0.49290839726138264,0.0,0.5730640178391189,0.9858167945227653,0.9858167945227653,0.49290839726138264,1.3195286648076292,0.0,-0.2237804123566677,-0.49290839726138264,-0.5649361331224969,-0.49290839726138264,-0.49290839726138264,-0.49290839726138264,0.0,0.0,0.0,0.5649361331224969,-0.49290839726138264,0.49290839726138264,0.0,0.0,3.8823602723857387,-3.8823602723857387,-0.49290839726138264,0.0,-0.49290839726138264,0.0,0.0,,
2055907997780509077,Maggie191919,2026-05-17,ai_tech,AI / 大模型,12.0,0.5611,0.9858167945227653,0.5531418034067236,-0.5531418034067236,0.11062836068134473,0.0,0.5531418034067236,0.0,0.6250336149793662,0.9858167945227653,0.9858167945227653,0.5531418034067236,1.4391930844716683,0.0,-0.24671708310923074,-0.5531418034067236,-0.6161686347879349,-0.5531418034067236,-0.5531418034067236,-0.5531418034067236,0.0,0.0,0.0,0.616168634787935,-0.5531418034067236,0.5531418034067236,0.0,0.0,4.157606210434806,-4.157606210434806,-0.5531418034067236,0.0,-0.5531418034067236,0.0,0.0,,
2055908876541710658,Maggie191919,2026-05-17,ai_tech,AI / 大模型,12.0,0.25,0.9858167945227653,0.24645419863069132,-0.24645419863069132,0.049290839726138264,0.0,0.24645419863069132,0.0,0.11928031367991561,0.9858167945227653,0.9858167945227653,0.24645419863069132,0.27465307216702745,0.0,0.0952158192538345,0.0,-0.12322709931534566,-0.24645419863069132,-0.24645419863069132,-0.24645419863069132,0.0,0.0,0.0,0.11758853648160435,-0.24645419863069132,0.24645419863069132,0.0,0.0,1.6486033649374445,-1.6486033649374445,-0.24645419863069132,0.0,-0.24645419863069132,0.0,0.0,,
2056025860394664323,Maggie191919,2026-05-17,ai_tech,AI / 大模型,12.0,0.9564,0.9858167945227653,0.9428351822815727,-0.9428351822815727,0.18856703645631456,0.0,0.9428351822815727,0.0,1.0321289437199483,0.9858167945227653,0.9858167945227653,0.9428351822815727,2.3765647198572437,0.0,-0.6130671418037762,-0.9428351822815727,-1.017490046832167,-0.9428351822815727,-0.9428351822815727,-0.9428351822815727,0.0,0.0,0.0,1.017490046832167,-0.9428351822815727,0.9428351822815727,0.0,0.0,8.041243499430738,-8.041243499430738,-0.5485084644724666,0.0,-0.9428351822815727,0.0,0.0,,
2056035625363443993,Maggie191919,2026-05-17,ai_tech,AI / 大模型,12.0,0.25,0.9858167945227653,0.24645419863069132,-0.24645419863069132,0.049290839726138264,0.0,0.24645419863069132,0.0,0.11928031367991561,0.9858167945227653,0.9858167945227653,0.24645419863069132,0.27465307216702745,0.0,0.15143241315863593,0.0,-0.12322709931534566,-0.24645419863069132,-0.24645419863069132,-0.24645419863069132,0.0,0.0,0.0,0.11758853648160435,-0.24645419863069132,0.24645419863069132,0.0,0.0,1.5141960033071562,-1.5141960033071562,-0.24645419863069132,0.0,-0.24645419863069132,0.0,0.0,,
2055622813961298317,MaxForAI,2026-05-16,ai_tech,AI / 大模型,30.0,0.25,0.3074846997479606,0.07687117493699015,-0.07687117493699015,0.015374234987398032,0.0,0.07687117493699015,0.0,0.25,0.3074846997479606,0.3074846997479606,0.07687117493699015,0.708303336014054,0.0,-0.07687117493699015,0.0,-0.07687117493699015,-0.07687117493699015,-0.07687117493699015,-0.07687117493699015,0.0,0.0,0.0,0.07687117493699015,-0.07687117493699015,0.07687117493699015,0.0,0.0,1.9384058866399365,-1.9384058866399365,-0.07687117493699015,0.0,-0.07687117493699015,0.0,0.0,,
2055660177752522995,MaxForAI,2026-05-16,ai_tech,AI / 大模型,30.0,-0.2484,0.3074846997479606,-0.07637919941739342,0.07637919941739342,-0.015275839883478685,0.0,0.0,-0.07637919941739342,-0.12154238932433468,-0.3074846997479606,0.3074846997479606,-0.07637919941739342,-0.34435551930218083,0.0,0.07637919941739342,0.0,0.03818959970869671,0.07637919941739342,0.07637919941739342,0.0,0.07637919941739342,0.0,0.03737242508804278,0.0,-0.07637919941739342,-0.07637919941739342,0.0,0.0,-1.6360050390659013,1.6360050390659013,0.07637919941739342,0.07637919941739342,0.0,0.0,0.0,,
2055716800806170766,MaxForAI,2026-05-16,ai_tech,AI / 大模型,30.0,-0.1774,0.3074846997479606,-0.054547785735288214,0.054547785735288214,-0.010909557147057644,0.0,0.0,-0.054547785735288214,-0.1774,-0.3074846997479606,0.3074846997479606,-0.054547785735288214,-0.5026120472355727,0.0,0.054547785735288214,0.0,0.054547785735288214,0.0,0.054547785735288214,0.0,0.054547785735288214,0.0,0.054547785735288214,0.0,-0.054547785735288214,-0.054547785735288214,0.0,0.0,-1.4258028335229964,1.4258028335229964,0.054547785735288214,0.0,0.0,0.0,0.054547785735288214,,
2054546860719984701,Mikocrypto11,2026-05-13,ai_tech,AI / 大模型,2.0,0.9963,4.61512051684126,4.598044570928947,-4.598044570928947,3.6784356567431575,4.598044570928947,4.598044570928947,0.0,0.789549069734244,4.61512051684126,4.61512051684126,4.598044570928947,1.0945474232000378,-4.598044570928947,-4.598044570928947,0.0,-3.6438641107834395,-4.598044570928947,-4.598044570928947,-4.598044570928947,0.0,0.0,0.0,3.64386411078344,-4.598044570928947,4.598044570928947,0.0,0.0,6.460642085263401,-6.460642085263401,-4.598044570928947,0.0,-4.598044570928947,0.0,0.0,0.0022482547976074,0.0071077162744499
2054574121342968120,Mikocrypto11,2026-05-13,ai_tech,AI / 大模型,2.0,0.25,4.61512051684126,1.153780129210315,-1.153780129210315,0.923024103368252,1.153780129210315,1.153780129210315,0.0,0.25,4.61512051684126,4.61512051684126,1.153780129210315,0.34657359027997264,-1.153780129210315,-1.153780129210315,0.0,-1.153780129210315,-1.153780129210315,-1.153780129210315,-1.153780129210315,0.0,0.0,0.0,1.153780129210315,-1.153780129210315,1.153780129210315,0.0,0.0,1.5511394406421726,-1.5511394406421726,-1.153780129210315,0.0,-1.153780129210315,0.0,0.0,0.0028115153599863,0.0071077162744499
2054776446871310452,Mikocrypto11,2026-05-14,ai_tech,AI / 大模型,2.0,0.5514,4.61512051684126,2.5447774529862706,-2.5447774529862706,2.0358219623890164,2.5447774529862706,2.5447774529862706,0.0,1.3658719227736618,4.61512051684126,4.61512051684126,2.5447774529862706,1.8935005445531097,-2.5447774529862706,-2.5447774529862706,-2.5447774529862706,-6.303663534170147,-2.5447774529862706,-2.5447774529862706,-2.5447774529862706,0.0,0.0,0.0,6.303663534170147,-2.5447774529862706,2.5447774529862706,0.0,0.0,4.938674058626124,-4.938674058626124,-2.5447774529862706,0.0,-2.5447774529862706,0.0,0.0,0.0051926185114692,-0.015087714031981
2054837982931439756,Mikocrypto11,2026-05-14,ai_tech,AI / 大模型,2.0,0.5001,4.61512051684126,2.308021770472314,-2.308021770472314,1.8464174163778513,2.308021770472314,2.308021770472314,0.0,1.0621942747365685,4.61512051684126,4.61512051684126,2.308021770472314,1.4725139334811368,-2.308021770472314,0.45751228056953,-2.308021770472314,-4.902154590208059,-2.308021770472314,-2.308021770472314,-2.308021770472314,0.0,0.0,0.0,4.902154590208059,-2.308021770472314,2.308021770472314,0.0,0.0,3.9043323553920026,-3.9043323553920026,-2.308021770472314,0.0,-2.308021770472314,0.0,0.0,0.0051926185114692,-0.015087714031981
2054857431981969582,Mikocrypto11,2026-05-14,ai_tech,AI / 大模型,2.0,0.25,4.61512051684126,1.153780129210315,-1.153780129210315,0.923024103368252,1.153780129210315,1.153780129210315,0.0,0.125,4.61512051684126,4.61512051684126,1.153780129210315,0.17328679513998632,-1.153780129210315,1.4973758516891469,0.0,-0.5768900646051575,-1.153780129210315,-1.153780129210315,-1.153780129210315,0.0,0.0,0.0,0.5768900646051575,-1.153780129210315,1.153780129210315,0.0,0.0,1.4497731636151314,-1.4497731636151314,-1.153780129210315,0.0,-1.153780129210315,0.0,0.0,0.0051926185114692,-0.015087714031981
2054866381242618360,Mikocrypto11,2026-05-14,ai_tech,AI / 大模型,2.0,-0.25,4.61512051684126,-1.153780129210315,1.153780129210315,-0.923024103368252,-1.153780129210315,0.0,-1.153780129210315,-0.3509193652572005,-4.61512051684126,4.61512051684126,-1.153780129210315,-0.4864775372638283,1.153780129210315,3.505460939771947,1.153780129210315,1.6195351623554182,1.153780129210315,1.153780129210315,0.0,1.153780129210315,0.0,1.6195351623554182,0.0,-1.153780129210315,-1.153780129210315,0.0,0.0,-1.8019649678581189,1.8019649678581189,1.153780129210315,1.153780129210315,0.0,0.0,1.153780129210315,0.0051926185114692,-0.015087714031981
2054903536643887203,Mikocrypto11,2026-05-14,ai_tech,AI / 大模型,2.0,0.5,4.61512051684126,2.30756025842063,-2.30756025842063,1.846048206736504,2.30756025842063,2.30756025842063,0.0,0.5,4.61512051684126,4.61512051684126,2.30756025842063,0.6931471805599453,-2.30756025842063,-0.5401229378209887,0.0,-2.30756025842063,-2.30756025842063,-2.30756025842063,-2.30756025842063,0.0,0.0,0.0,2.30756025842063,-2.30756025842063,2.30756025842063,0.0,0.0,3.698474301310507,-3.698474301310507,-2.30756025842063,0.0,-2.30756025842063,0.0,0.0,0.0051926185114692,-0.015087714031981
2054953076461871597,Mikocrypto11,2026-05-14,ai_tech,AI / 大模型,2.0,0.9998,4.61512051684126,4.614197492737891,-4.614197492737891,3.691357994190313,4.614197492737891,4.614197492737891,0.0,2.1235389639704483,4.61512051684126,4.61512051684126,4.614197492737891,2.943850091370607,-4.614197492737891,-2.7695997524495377,-4.614197492737891,-9.800388240931849,-4.614197492737891,-4.614197492737891,-4.614197492737891,0.0,0.0,0.0,9.800388240931849,-4.614197492737891,4.614197492737891,0.0,0.0,7.693764074336574,-7.693764074336574,-4.614197492737891,0.0,-4.614197492737891,0.0,0.0,-0.0007485451723786,-0.015087714031981
2055157768437514501,Mikocrypto11,2026-05-15,ai_tech,AI / 大模型,2.0,0.5006,4.61512051684126,2.3103293307307347,-2.3103293307307347,1.848263464584588,2.3103293307307347,2.3103293307307347,0.0,0.0,4.61512051684126,4.61512051684126,0.0,0.0,-2.3103293307307347,-0.11953162138618878,0.0,-1.1551646653653673,-2.3103293307307347,0.0,-2.3103293307307347,0.0,0.0,0.0,0.0,-2.3103293307307347,2.3103293307307347,0.0,0.0,0.0,-0.0,-2.3103293307307347,0.0,-2.3103293307307347,-2.3103293307307347,0.0,-0.0128940329861121,
2055157950306791922,Mikocrypto11,2026-05-15,ai_tech,AI / 大模型,2.0,0.2172,4.61512051684126,1.0024041762579217,-1.0024041762579217,0.8019233410063373,1.0024041762579217,1.0024041762579217,0.0,0.25216139110476754,4.61512051684126,4.61512051684126,1.0024041762579217,0.3495699145806866,-1.0024041762579217,1.201674824351756,-1.0024041762579217,-1.1637552096428458,-1.0024041762579217,-1.0024041762579217,-1.0024041762579217,0.0,0.0,0.0,1.1637552096428458,-1.0024041762579217,1.0024041762579217,0.0,0.0,1.4349644204422525,-1.4349644204422525,-1.0024041762579217,0.0,-1.0024041762579217,0.0,0.0,-0.0128940329861121,
2055213864296567256,Mikocrypto11,2026-05-15,ai_tech,AI / 大模型,2.0,1.0,4.61512051684126,4.61512051684126,-4.61512051684126,3.692096413473008,4.61512051684126,4.61512051684126,0.0,0.7924812503605781,4.61512051684126,4.61512051684126,4.61512051684126,1.0986122886681098,-4.61512051684126,-2.5312089986667576,0.0,-3.657396477751119,-4.61512051684126,-4.61512051684126,-4.61512051684126,0.0,0.0,0.0,3.657396477751119,-4.61512051684126,4.61512051684126,0.0,0.0,6.154858094016418,-6.154858094016418,-4.61512051684126,0.0,-4.61512051684126,0.0,0.0,-0.0128940329861121,
2055281347711975649,Mikocrypto11,2026-05-15,ai_tech,AI / 大模型,2.0,0.9986,4.61512051684126,4.6086593481176825,-4.6086593481176825,3.6869274784941464,4.6086593481176825,4.6086593481176825,0.0,1.15933869777726,4.61512051684126,4.61512051684126,4.6086593481176825,1.6071846993566925,-4.6086593481176825,-2.2946379209734746,-4.6086593481176825,-5.350487810079861,-4.6086593481176825,-4.6086593481176825,-4.6086593481176825,0.0,0.0,0.0,5.350487810079861,-4.6086593481176825,4.6086593481176825,0.0,0.0,6.1441188689315185,-6.1441188689315185,-4.6086593481176825,0.0,-4.6086593481176825,0.0,0.0,0.0053809076224318,
2055317138437755164,Mikocrypto11,2026-05-15,ai_tech,AI / 大模型,2.0,0.7756,4.61512051684126,3.579487472862081,-3.579487472862081,2.863589978289665,3.579487472862081,3.579487472862081,0.0,0.3878,4.61512051684126,4.61512051684126,3.579487472862081,0.5376049532422935,-3.579487472862081,-1.0742462189700834,0.0,-1.7897437364310405,-3.579487472862081,-3.579487472862081,-3.579487472862081,0.0,0.0,0.0,1.7897437364310405,-3.579487472862081,3.579487472862081,0.0,0.0,4.511751415667461,-4.511751415667461,-3.579487472862081,0.0,-3.579487472862081,0.0,0.0,0.001450418688502,
2055462401831813399,Mikocrypto11,2026-05-16,crypto,加密,1.0,0.5023,4.61512051684126,2.3181750356093644,-2.3181750356093644,2.3181750356093644,2.3181750356093644,2.3181750356093644,0.0,0.3980633320561184,4.61512051684126,4.61512051684126,2.3181750356093644,0.5518329525979915,-2.3181750356093644,0.26970054281879274,0.0,-1.8371102507743868,-2.3181750356093644,-2.3181750356093644,-2.3181750356093644,0.0,0.0,0.0,1.837110250774387,-2.3181750356093644,2.3181750356093644,-2.3181750356093644,2.3181750356093644,3.247944494984556,-3.247944494984556,-2.3181750356093644,0.0,-2.3181750356093644,0.0,0.0,0.0006234864774259,0.0030410494175279
2055545461268938877,Mikocrypto11,2026-05-16,crypto,加密,1.0,0.25,4.61512051684126,1.153780129210315,-1.153780129210315,1.153780129210315,1.153780129210315,1.153780129210315,0.0,0.19812031259014454,4.61512051684126,4.61512051684126,1.153780129210315,0.27465307216702745,-1.153780129210315,1.4148311247307859,0.0,-0.9143491194377797,-1.153780129210315,-1.153780129210315,-1.153780129210315,0.0,0.0,0.0,0.9143491194377797,-1.153780129210315,1.153780129210315,-1.153780129210315,1.153780129210315,1.5070696300576745,-1.5070696300576745,-1.153780129210315,0.0,-1.153780129210315,0.0,0.0,-0.0001780234042497,0.0030410494175279
2055602402024386605,Mikocrypto11,2026-05-16,crypto,加密,1.0,0.2215,4.61512051684126,1.0222491944803391,-1.0222491944803391,1.0222491944803391,1.0222491944803391,1.0222491944803391,0.0,0.17553459695486806,4.61512051684126,4.61512051684126,1.0222491944803391,0.24334262193998632,-1.0222491944803391,1.452039984478709,0.0,-0.810113319821873,-1.0222491944803391,-1.0222491944803391,-1.0222491944803391,0.0,0.0,0.0,0.8101133198218728,-1.0222491944803391,1.0222491944803391,-1.0222491944803391,1.0222491944803391,1.4472342276022356,-1.4472342276022356,-1.0222491944803391,0.0,-1.0222491944803391,0.0,0.0,0.0023827136492213,0.0030410494175279
2055621963373285845,Mikocrypto11,2026-05-16,crypto,加密,1.0,0.8148,4.61512051684126,3.7604001971222583,-3.7604001971222583,3.7604001971222583,3.7604001971222583,3.7604001971222583,0.0,1.143716395246268,4.61512051684126,4.61512051684126,3.7604001971222583,1.5855275894502692,-3.7604001971222583,-1.524497376593117,-3.7604001971222583,-5.278389001148779,-3.7604001971222583,-3.7604001971222583,-3.7604001971222583,0.0,0.0,0.0,5.278389001148779,-3.7604001971222583,3.7604001971222583,-3.7604001971222583,3.7604001971222583,5.75706176865942,-5.75706176865942,-3.7604001971222583,0.0,-3.7604001971222583,0.0,0.0,-0.0023863906964295,0.0030410494175279
2055652850148180274,Mikocrypto11,2026-05-16,crypto,加密,1.0,0.9923,4.61512051684126,4.579584088861582,-4.579584088861582,4.579584088861582,4.579584088861582,4.579584088861582,0.0,2.027994688686356,4.61512051684126,4.61512051684126,4.579584088861582,2.8113976013069832,-4.579584088861582,-2.1699065971383114,-4.579584088861582,-9.359439895801506,-4.579584088861582,-4.579584088861582,-4.579584088861582,0.0,0.0,0.0,9.359439895801504,-4.579584088861582,4.579584088861582,-4.579584088861582,4.579584088861582,7.649055905119486,-7.649055905119486,-4.579584088861582,0.0,-4.579584088861582,0.0,0.0,0.0020935357946798,0.0030410494175279
2055864033493004647,NOTonlywater,2026-05-17,unclassified,未分类,48.0,-0.1101,0.11332868530700317,-0.01247748825230105,0.01247748825230105,-0.00249549765046021,0.0,0.0,-0.01247748825230105,,-0.11332868530700317,0.11332868530700317,0.0,-0.0,0.0,0.01247748825230105,0.0,,0.0,0.0,0.0,0.01247748825230105,0.0,,0.0,-0.01247748825230105,-0.01247748825230105,0.0,0.0,-0.0,0.0,0.01247748825230105,0.0,0.0,0.01247748825230105,0.0,,
2055710873935818944,Nicebabycat,2026-05-16,ai_tech,AI / 大模型,7.0,0.2487,2.644755350729896,0.6577506557265252,-0.6577506557265252,0.13155013114530506,0.0,0.6577506557265252,0.0,0.2487,2.644755350729896,2.644755350729896,0.6577506557265252,0.3447714076105168,0.0,-0.6577506557265252,0.0,-0.6577506557265252,-0.6577506557265252,-0.6577506557265252,-0.6577506557265252,0.0,0.0,0.0,0.6577506557265252,-0.6577506557265252,0.6577506557265252,0.0,0.0,1.7336205704342946,-1.7336205704342946,-0.6577506557265252,0.0,-0.6577506557265252,0.0,0.0,,
2055771774995091840,Nicebabycat,2026-05-16,ai_tech,AI / 大模型,7.0,-0.1713,2.644755350729896,-0.45304659158003124,0.45304659158003124,-0.09060931831600626,0.0,0.0,-0.45304659158003124,-0.1713,-2.644755350729896,2.644755350729896,-0.45304659158003124,-0.23747222405983726,0.0,0.45304659158003124,0.0,0.45304659158003124,0.0,0.45304659158003124,0.0,0.45304659158003124,0.0,0.45304659158003124,0.0,-0.45304659158003124,-0.45304659158003124,0.0,0.0,-1.178257324018304,1.178257324018304,0.45304659158003124,0.0,0.0,0.0,0.45304659158003124,,
2055773715158499330,Nicebabycat,2026-05-16,ai_tech,AI / 大模型,7.0,0.1348,2.644755350729896,0.35651302127839,-0.35651302127839,0.07130260425567801,0.0,0.35651302127839,0.0,0.5175969587066671,2.644755350729896,2.644755350729896,0.35651302127839,0.7175417451878575,0.0,-0.35651302127839,-0.35651302127839,-1.06953906383517,0.0,-0.35651302127839,0.0,0.0,0.0,0.0,1.368917326060979,-0.35651302127839,0.35651302127839,0.0,0.0,1.3760221213566555,-1.3760221213566555,-0.35651302127839,0.0,0.0,0.0,0.0,,
2054727939762381043,PandaTalk8,2026-05-14,unclassified,未分类,3.0,0.2475,2.7694588292308535,0.6854410602346362,-0.6854410602346362,0.41126463614078174,0.6854410602346362,0.6854410602346362,0.0,0.0,2.7694588292308535,2.7694588292308535,0.0,0.0,-0.6854410602346362,-0.6854410602346362,0.0,-0.3427205301173181,-0.6854410602346362,0.0,-0.6854410602346362,0.0,0.0,0.0,0.0,-0.6854410602346362,0.6854410602346362,0.0,0.0,0.0,-0.0,-0.6854410602346362,0.0,-0.6854410602346362,-0.6854410602346362,0.0,,
2054772765010637152,PandaTalk8,2026-05-14,unclassified,未分类,3.0,-0.9982,2.7694588292308535,-2.764473803338238,2.764473803338238,-1.6586842820029426,-2.764473803338238,0.0,-2.764473803338238,-1.5299477470773941,-2.7694588292308535,2.7694588292308535,-2.764473803338238,-3.864232849088257,2.764473803338238,2.764473803338238,2.764473803338238,4.237127296405342,2.764473803338238,2.764473803338238,0.0,2.764473803338238,0.0,4.237127296405342,0.0,-2.764473803338238,-2.764473803338238,0.0,0.0,-9.367988954316562,9.367988954316562,2.764473803338238,2.764473803338238,0.0,0.0,2.764473803338238,,
2054773343757484419,PandaTalk8,2026-05-14,unclassified,未分类,3.0,0.1221,2.7694588292308535,0.3381509230490872,-0.3381509230490872,0.20289055382945234,0.3381509230490872,0.3381509230490872,0.0,0.07780422871278964,2.7694588292308535,2.7694588292308535,0.3381509230490872,0.19651236910820363,-0.3381509230490872,-0.3381509230490872,0.0,-0.21547560816013195,0.0,-0.3381509230490872,0.0,0.0,0.0,0.0,0.21547560816013195,-0.3381509230490872,0.3381509230490872,0.0,0.0,1.0442911860880855,-1.0442911860880855,-0.3381509230490872,0.0,0.0,0.0,0.0,,
2054774115329011771,PandaTalk8,2026-05-14,unclassified,未分类,3.0,-0.243,2.7694588292308535,-0.6729784955030974,0.6729784955030974,-0.4037870973018584,-0.6729784955030974,0.0,-0.6729784955030974,-0.3572822497154261,-2.7694588292308535,2.7694588292308535,-0.6729784955030974,-0.9023980122091468,0.6729784955030974,0.0926845554849259,0.6729784955030974,0.9894784810018494,0.6729784955030974,0.6729784955030974,0.0,0.6729784955030974,0.0,0.9894784810018494,0.0,-0.6729784955030974,-0.6729784955030974,0.0,0.0,-2.1807091142105364,2.1807091142105364,0.6729784955030974,0.6729784955030974,0.0,0.0,0.6729784955030974,,
2054792349897965954,PandaTalk8,2026-05-14,unclassified,未分类,3.0,-0.1353,2.7694588292308535,-0.3747077795949345,0.3747077795949345,-0.2248246677569607,-0.3747077795949345,0.0,-0.3747077795949345,-0.09598222545912133,-2.7694588292308535,2.7694588292308535,-0.3747077795949345,-0.24242505618655585,0.3747077795949345,-0.22875729929446845,0.0,0.26581882174699,0.0,0.3747077795949345,0.0,0.3747077795949345,0.0,0.26581882174698995,0.0,-0.3747077795949345,-0.3747077795949345,0.0,0.0,-1.0426438498680026,1.0426438498680026,0.3747077795949345,0.0,0.0,0.0,0.0,,
2054856134176243972,PandaTalk8,2026-05-14,unclassified,未分类,3.0,-0.145,2.7694588292308535,-0.40157153023847375,0.40157153023847375,-0.24094291814308424,-0.40157153023847375,0.0,-0.40157153023847375,-0.0,-2.7694588292308535,2.7694588292308535,0.0,-0.0,0.40157153023847375,-0.15614208879203548,0.0,0.20078576511923688,0.0,0.0,0.0,0.40157153023847375,0.0,0.0,0.0,-0.40157153023847375,-0.40157153023847375,0.0,0.0,-0.0,0.0,0.40157153023847375,0.0,0.0,0.40157153023847375,0.0,,
2054906795995668796,PandaTalk8,2026-05-14,unclassified,未分类,3.0,0.25,2.7694588292308535,0.6923647073077134,-0.6923647073077134,0.415418824384628,0.6923647073077134,0.6923647073077134,0.0,0.0,2.7694588292308535,2.7694588292308535,0.0,0.0,-0.6923647073077134,-1.2240546448728833,0.0,-0.3461823536538567,-0.6923647073077134,0.0,-0.6923647073077134,0.0,0.0,0.0,0.0,-0.6923647073077134,0.6923647073077134,0.0,0.0,0.27465307216702745,-0.27465307216702745,-0.6923647073077134,0.0,-0.6923647073077134,-0.6923647073077134,0.0,,
2055282132910788853,PandaTalk8,2026-05-15,unclassified,未分类,3.0,1.0,2.7694588292308535,2.7694588292308535,-2.7694588292308535,1.661675297538512,2.7694588292308535,2.7694588292308535,0.0,1.1657780362913295,2.7694588292308535,2.7694588292308535,2.7694588292308535,2.9444389791664403,-2.7694588292308535,-3.1262838175284684,-2.7694588292308535,-3.2285742755304287,-2.7694588292308535,-2.7694588292308535,-2.7694588292308535,0.0,0.0,0.0,3.2285742755304287,-2.7694588292308535,2.7694588292308535,0.0,0.0,7.81237820598861,-7.81237820598861,-2.7694588292308535,0.0,-2.7694588292308535,0.0,0.0,,
2055848726607143347,PandaTalk8,2026-05-17,unclassified,未分类,3.0,-0.0673,2.7694588292308535,-0.18638457920723644,0.18638457920723644,-0.11183074752434187,-0.18638457920723644,0.0,-0.18638457920723644,-0.07031973077683892,-2.7694588292308535,2.7694588292308535,-0.18638457920723644,-0.1776085582831069,0.18638457920723644,0.2203450681006798,0.0,0.19474759926905313,0.0,0.18638457920723644,0.0,0.0,0.0,0.0,0.0,-0.18638457920723644,-0.18638457920723644,0.0,0.0,-0.5153033191566294,0.5153033191566294,0.18638457920723644,0.0,0.0,0.0,0.0,,
2055849507909165444,PandaTalk8,2026-05-17,unclassified,未分类,3.0,0.25,2.7694588292308535,0.6923647073077134,-0.6923647073077134,0.415418824384628,0.6923647073077134,0.6923647073077134,0.0,0.23734688187921946,2.7694588292308535,2.7694588292308535,0.6923647073077134,0.5994738181995927,-0.6923647073077134,-0.68288700375879,0.0,-0.6573224176108168,-0.6923647073077134,-0.6923647073077134,-0.6923647073077134,0.0,0.0,0.0,0.6573224176108168,-0.6923647073077134,0.6923647073077134,0.0,0.0,1.9238257837408916,-1.9238257837408916,-0.6923647073077134,0.0,-0.6923647073077134,0.0,0.0,,
2055850861725905043,PandaTalk8,2026-05-17,unclassified,未分类,3.0,0.25,2.7694588292308535,0.6923647073077134,-0.6923647073077134,0.415418824384628,0.6923647073077134,0.6923647073077134,0.0,0.20582590556252645,2.7694588292308535,2.7694588292308535,0.6923647073077134,0.5198603854199589,-0.6923647073077134,-0.614598303382911,0.0,-0.5700263714445747,-0.6923647073077134,-0.6923647073077134,-0.6923647073077134,0.0,0.0,0.0,0.5700263714445747,-0.6923647073077134,0.6923647073077134,0.0,0.0,1.760134097553989,-1.760134097553989,-0.6923647073077134,0.0,-0.6923647073077134,0.0,0.0,,
2052038221354385542,Pluvio9yte,2026-05-06,unclassified,未分类,21.0,-0.2361,1.0224509277025458,-0.24140066403057106,0.24140066403057106,-0.048280132806114213,0.0,0.0,-0.24140066403057106,-0.33807228543020756,-1.0224509277025458,1.0224509277025458,-0.24140066403057106,-1.2207512712285076,0.0,0.24140066403057106,0.24140066403057106,0.3456623218686356,0.24140066403057106,0.24140066403057106,0.0,0.24140066403057106,0.0,0.34566232186863555,0.0,-0.24140066403057106,-0.24140066403057106,0.0,0.0,-2.776112477055935,2.776112477055935,0.24140066403057106,0.24140066403057106,0.0,0.0,0.24140066403057106,,
2052073813752619433,Pluvio9yte,2026-05-06,unclassified,未分类,21.0,0.25,1.0224509277025458,0.25561273192563644,-0.25561273192563644,0.05112254638512729,0.0,0.25561273192563644,0.0,0.0,1.0224509277025458,1.0224509277025458,0.0,0.0,0.0,-0.25561273192563644,0.0,-0.12780636596281822,-0.25561273192563644,0.0,-0.25561273192563644,0.0,0.0,0.0,0.0,-0.25561273192563644,0.25561273192563644,0.0,0.0,0.0,-0.0,-0.25561273192563644,0.0,-0.25561273192563644,-0.25561273192563644,0.0,,
2052075776644935930,Pluvio9yte,2026-05-06,unclassified,未分类,21.0,-0.1868,1.0224509277025458,-0.19099383329483555,0.19099383329483555,-0.03819876665896711,0.0,0.0,-0.19099383329483555,-0.21828356622754297,-1.0224509277025458,1.0224509277025458,-0.19099383329483555,-0.7882040393268968,0.0,0.19099383329483555,0.19099383329483555,0.2231842347915714,0.0,0.19099383329483555,0.0,0.19099383329483555,0.0,0.2231842347915714,0.0,-0.19099383329483555,-0.19099383329483555,0.0,0.0,-1.945649442190721,1.945649442190721,0.19099383329483555,0.0,0.0,0.0,0.19099383329483555,,
2052451231709483205,Pluvio9yte,2026-05-07,unclassified,未分类,21.0,0.9998,1.0224509277025458,1.0222464375170053,-1.0222464375170053,0.20444928750340108,0.0,1.0222464375170053,0.0,0.7676813130502353,1.0224509277025458,1.0224509277025458,1.0222464375170053,2.772034204495333,0.0,-1.081173692650262,0.0,-0.7849164707081215,-1.0222464375170053,-1.0222464375170053,-1.0222464375170053,0.0,0.0,0.0,0.7849164707081215,-1.0222464375170053,1.0222464375170053,0.0,0.0,9.697655086812867,-9.697655086812867,-1.0222464375170053,0.0,-1.0222464375170053,0.0,0.0,,
2052552998061297804,Pluvio9yte,2026-05-08,unclassified,未分类,21.0,0.5,1.0224509277025458,0.5112254638512729,-0.5112254638512729,0.10224509277025458,0.0,0.5112254638512729,0.0,0.8495852079047611,1.0224509277025458,1.0224509277025458,0.5112254638512729,3.0677824455408693,0.0,-0.29985929582196413,-0.5112254638512729,-0.8686591839845832,-0.5112254638512729,-0.5112254638512729,-0.5112254638512729,0.0,0.0,0.0,0.8686591839845832,-0.5112254638512729,0.5112254638512729,0.0,0.0,5.611239788347858,-5.611239788347858,-0.5112254638512729,0.0,-0.5112254638512729,0.0,0.0,,
2052578757895131145,Pluvio9yte,2026-05-08,unclassified,未分类,21.0,1.0,1.0224509277025458,1.0224509277025458,-1.0224509277025458,0.20449018554050916,0.0,1.0224509277025458,0.0,1.6406509205511912,1.0224509277025458,1.0224509277025458,1.0224509277025458,5.924255797414532,0.0,-0.7511129005088442,-1.0224509277025458,-1.6774850557536012,-1.0224509277025458,-1.0224509277025458,-1.0224509277025458,0.0,0.0,0.0,1.6774850557536012,-1.0224509277025458,1.0224509277025458,0.0,0.0,11.722181023004264,-11.722181023004264,-1.0224509277025458,0.0,-1.0224509277025458,0.0,0.0,,
2052721181883801824,Pluvio9yte,2026-05-08,unclassified,未分类,21.0,-0.0749,1.0224509277025458,-0.07658157448492067,0.07658157448492067,-0.015316314896984136,0.0,0.0,-0.07658157448492067,-0.07433167271692781,-1.0224509277025458,1.0224509277025458,-0.07658157448492067,-0.2684055684903626,0.0,0.47310508509676297,0.0,0.07600048772710485,0.0,0.07658157448492067,0.0,0.0,0.0,0.0,0.0,-0.07658157448492067,-0.07658157448492067,0.0,0.0,-0.7185372089321654,0.7185372089321654,0.07658157448492067,0.0,0.0,0.0,0.0,,
2052805106446581874,Pluvio9yte,2026-05-08,unclassified,未分类,21.0,0.2497,1.0224509277025458,0.2553059966473257,-0.2553059966473257,0.05106119932946514,0.0,0.2553059966473257,0.0,0.2584650568813174,1.0224509277025458,1.0224509277025458,0.2553059966473257,0.9332961036853571,0.0,0.07363107323640757,0.0,-0.2642678371869942,-0.2553059966473257,-0.2553059966473257,-0.2553059966473257,0.0,0.0,0.0,0.2642678371869942,-0.2553059966473257,0.2553059966473257,0.0,0.0,2.382909924526547,-2.382909924526547,-0.2553059966473257,0.0,-0.2553059966473257,0.0,0.0,,
2052805374991073417,Pluvio9yte,2026-05-08,unclassified,未分类,21.0,0.2489,1.0224509277025458,0.25448803590516367,-0.25448803590516367,0.050897607181032735,0.0,0.25448803590516367,0.0,0.09555705081926565,1.0224509277025458,1.0224509277025458,0.25448803590516367,0.3450486664827408,0.0,0.06524514982401869,0.0,-0.12724401795258183,-0.25448803590516367,-0.25448803590516367,-0.25448803590516367,0.0,0.0,0.0,0.09770239525867747,-0.25448803590516367,0.25448803590516367,0.0,0.0,2.008381399932087,-2.008381399932087,-0.25448803590516367,0.0,-0.25448803590516367,0.0,0.0,,
2053105185820696744,Pluvio9yte,2026-05-09,unclassified,未分类,21.0,-0.0197,1.0224509277025458,-0.02014228327574015,0.02014228327574015,-0.00402845665514803,0.0,0.0,-0.02014228327574015,-0.02134273197877808,-1.0224509277025458,1.0224509277025458,-0.02014228327574015,-0.07706685320693447,0.0,0.3326260079133649,0.02014228327574015,0.021821896111408435,0.0,0.02014228327574015,0.0,0.0,0.0,0.0,0.0,-0.02014228327574015,-0.02014228327574015,0.0,0.0,-0.18774301605646007,0.18774301605646007,0.02014228327574015,0.0,0.0,0.0,0.0,,
2053173813765128636,Pluvio9yte,2026-05-09,unclassified,未分类,21.0,0.25,1.0224509277025458,0.25561273192563644,-0.25561273192563644,0.05112254638512729,0.0,0.25561273192563644,0.0,0.16601701636595953,1.0224509277025458,1.0224509277025458,0.25561273192563644,0.5994738181995927,0.0,0.02360839192065178,0.0,-0.16974425239778404,-0.25561273192563644,-0.25561273192563644,-0.25561273192563644,0.0,0.0,0.0,0.16974425239778404,-0.25561273192563644,0.25561273192563644,0.0,0.0,2.1140421223946158,-2.1140421223946158,-0.25561273192563644,0.0,-0.25561273192563644,0.0,0.0,,
2053332787621679180,Pluvio9yte,2026-05-10,unclassified,未分类,21.0,-0.2452,1.0224509277025458,-0.25070496747266424,0.25070496747266424,-0.050140993494532854,0.0,0.0,-0.25070496747266424,-0.0,-1.0224509277025458,1.0224509277025458,0.0,-0.0,0.0,0.5277798738716205,0.0,0.12535248373633212,0.25070496747266424,0.0,0.0,0.25070496747266424,0.0,0.0,0.0,-0.25070496747266424,-0.25070496747266424,0.0,0.0,-0.16995968867329858,0.16995968867329858,0.25070496747266424,0.25070496747266424,0.0,0.25070496747266424,0.0,,
2053350405661430175,Pluvio9yte,2026-05-10,unclassified,未分类,21.0,0.25,1.0224509277025458,0.25561273192563644,-0.25561273192563644,0.05112254638512729,0.0,0.25561273192563644,0.0,0.2377502956007719,1.0224509277025458,1.0224509277025458,0.25561273192563644,0.8584968011212866,0.0,-0.02251948168264856,0.0,-0.24308801029856372,-0.25561273192563644,-0.25561273192563644,-0.25561273192563644,0.0,0.0,0.0,0.24308801029856372,-0.25561273192563644,0.25561273192563644,0.0,0.0,2.2487602436712555,-2.2487602436712555,-0.25561273192563644,0.0,-0.25561273192563644,0.0,0.0,,
2053699385343840266,Pluvio9yte,2026-05-11,unclassified,未分类,21.0,-0.2377,1.0224509277025458,-0.24303658551489513,0.24303658551489513,-0.048607317102979025,0.0,0.0,-0.24303658551489513,-0.0,-1.0224509277025458,1.0224509277025458,0.0,-0.0,0.0,0.47786210357962516,0.0,0.12151829275744756,0.24303658551489513,0.0,0.0,0.24303658551489513,0.0,0.0,0.0,-0.24303658551489513,-0.24303658551489513,0.0,0.0,-0.16476108481909899,0.16476108481909899,0.24303658551489513,0.24303658551489513,0.0,0.24303658551489513,0.0,,
2053852651058843904,Pluvio9yte,2026-05-11,unclassified,未分类,21.0,0.249,1.0224509277025458,0.2545902809979339,-0.2545902809979339,0.05091805619958678,0.0,0.2545902809979339,0.0,0.2763358202159161,1.0224509277025458,1.0224509277025458,0.2545902809979339,0.9978259631228853,0.0,-0.05389777033174845,-0.2545902809979339,-0.2825398157372073,-0.2545902809979339,-0.2545902809979339,-0.2545902809979339,0.0,0.0,0.0,0.28253981573720727,-0.2545902809979339,0.2545902809979339,0.0,0.0,2.46055651203714,-2.46055651203714,-0.2545902809979339,0.0,-0.2545902809979339,0.0,0.0,,
2054222065839030521,Pluvio9yte,2026-05-12,unclassified,未分类,21.0,0.2235,1.0224509277025458,0.22851778234151898,-0.22851778234151898,0.0457035564683038,0.0,0.22851778234151898,0.0,0.12044331353835273,1.0224509277025458,1.0224509277025458,0.22851778234151898,0.4349109183138625,0.0,-0.024232086986550334,0.0,-0.12314737766285734,-0.22851778234151898,-0.22851778234151898,-0.22851778234151898,0.0,0.0,0.0,0.12314737766285734,-0.22851778234151898,0.22851778234151898,0.0,0.0,1.953357956244813,-1.953357956244813,-0.22851778234151898,0.0,-0.22851778234151898,0.0,0.0,,
2054405531662696667,Pluvio9yte,2026-05-13,unclassified,未分类,21.0,-0.2383,1.0224509277025458,-0.24365005607151666,0.24365005607151666,-0.048730011214303336,0.0,0.0,-0.24365005607151666,-0.15195749140103587,-1.0224509277025458,1.0224509277025458,-0.24365005607151666,-0.5487060276604812,0.0,0.47926364785129133,0.0,0.15536907805434075,0.24365005607151666,0.24365005607151666,0.0,0.24365005607151666,0.0,0.15536907805434075,0.0,-0.24365005607151666,-0.24365005607151666,0.0,0.0,-2.004592676305706,2.004592676305706,0.24365005607151666,0.24365005607151666,0.0,0.0,0.0,,
2054595564944379928,Pluvio9yte,2026-05-13,unclassified,未分类,21.0,0.2437,1.0224509277025458,0.2491712910811104,-0.2491712910811104,0.04983425821622209,0.0,0.2491712910811104,0.0,0.07414508477495743,1.0224509277025458,1.0224509277025458,0.2491712910811104,0.26773181474841834,0.0,-0.04684188516781261,0.0,-0.1245856455405552,-0.2491712910811104,-0.2491712910811104,-0.2491712910811104,0.0,0.0,0.0,0.07580971071273912,-0.2491712910811104,0.2491712910811104,0.0,0.0,1.9049590256568214,-1.9049590256568214,-0.2491712910811104,0.0,-0.2491712910811104,0.0,0.0,,
2054918527245832465,Pluvio9yte,2026-05-14,unclassified,未分类,21.0,-0.0005,1.0224509277025458,-0.0005112254638512728,0.0005112254638512728,-0.00010224509277025458,0.0,0.0,-0.0005112254638512728,-0.0005497621393786731,-1.0224509277025458,1.0224509277025458,-0.0005112254638512728,-0.001985145956776061,0.0,0.23218497300221208,0.0005112254638512728,0.0005621048094234605,0.0,0.0005112254638512728,0.0,0.0,0.0,0.0,0.0,-0.0005112254638512728,-0.0005112254638512728,0.0,0.0,-0.004760160975961365,0.004760160975961365,0.0005112254638512728,0.0,0.0,0.0,0.0,,
2055468475913818375,Pluvio9yte,2026-05-16,unclassified,未分类,21.0,0.2492,1.0224509277025458,0.25479477118347443,-0.25479477118347443,0.05095895423669489,0.0,0.25479477118347443,0.0,0.2492,1.0224509277025458,1.0224509277025458,0.25479477118347443,0.8998407438309407,0.0,-0.09130486784383733,0.0,-0.25479477118347443,-0.25479477118347443,-0.25479477118347443,-0.25479477118347443,0.0,0.0,0.0,0.25479477118347443,-0.25479477118347443,0.25479477118347443,0.0,0.0,2.1901554737789835,-2.1901554737789835,-0.25479477118347443,0.0,-0.25479477118347443,0.0,0.0,,
2055918583742595219,Pluvio9yte,2026-05-17,unclassified,未分类,21.0,0.913,1.0224509277025458,0.9334976969924244,-0.9334976969924244,0.18669953939848488,0.0,0.9334976969924244,0.0,0.0,1.0224509277025458,1.0224509277025458,0.0,0.0,0.0,-0.7871031731639738,0.0,-0.4667488484962122,-0.9334976969924244,0.0,-0.9334976969924244,0.0,0.0,0.0,0.0,-0.9334976969924244,0.9334976969924244,0.0,0.0,0.6328433758512301,-0.6328433758512301,-0.9334976969924244,0.0,-0.9334976969924244,-0.9334976969924244,0.0,,
2036241315642638627,RonVonng,2026-03-24,ai_tech,AI / 大模型,24.0,0.0338,0.3920420877760237,0.013251022566829598,-0.013251022566829598,0.00265020451336592,0.0,0.013251022566829598,0.0,0.025419308228956713,0.3920420877760237,0.3920420877760237,0.013251022566829598,0.054399001440272585,0.0,-0.013251022566829598,0.0,-0.009965438667902449,0.0,-0.013251022566829598,0.0,0.0,0.0,0.0,0.0,-0.013251022566829598,0.013251022566829598,0.0,0.0,0.2499753903707491,-0.2499753903707491,-0.013251022566829598,0.0,0.0,0.0,0.0,-0.0077188196597194,-0.006836767910289
2036962592363811209,RonVonng,2026-03-26,ai_tech,AI / 大模型,24.0,0.1895,0.3920420877760237,0.07429197563355648,-0.07429197563355648,0.014858395126711298,0.0,0.07429197563355648,0.0,0.18413177072271183,0.3920420877760237,0.3920420877760237,0.07429197563355648,0.3940541721483289,0.0,-0.07429197563355648,0.0,-0.07218740382002806,0.0,-0.07429197563355648,-0.07429197563355648,0.0,0.0,0.0,0.07218740382002806,-0.07429197563355648,0.07429197563355648,0.0,0.0,1.6698927811474154,-1.6698927811474154,-0.07429197563355648,0.0,0.0,0.0,0.0,-0.0080989738890444,-0.0238679002450772
2036963165544857794,RonVonng,2026-03-26,ai_tech,AI / 大模型,24.0,-0.2495,0.3920420877760237,-0.09781450090011791,0.09781450090011791,-0.019562900180023584,0.0,0.0,-0.09781450090011791,-0.24243206752145965,-0.3920420877760237,0.3920420877760237,-0.09781450090011791,-0.518820664649119,0.0,0.09781450090011791,0.0,0.09504357389497099,0.09781450090011791,0.09781450090011791,0.0,0.09781450090011791,0.0,0.09504357389497098,0.0,-0.09781450090011791,-0.09781450090011791,0.0,0.0,-1.9584062926011199,1.9584062926011199,0.09781450090011791,0.09781450090011791,0.0,0.0,0.0,-0.0080989738890444,-0.0238679002450772
2037537128394154074,RonVonng,2026-03-27,ai_tech,AI / 大模型,24.0,-0.2245,0.3920420877760237,-0.08801344870571731,0.08801344870571731,-0.017602689741143464,0.0,0.0,-0.08801344870571731,-0.2768458193510698,-0.3920420877760237,0.3920420877760237,-0.08801344870571731,-0.5924683704986256,0.0,0.08458961447247337,0.08801344870571731,0.10853521301045728,0.08801344870571731,0.08801344870571731,0.0,0.08801344870571731,0.0,0.1085352130104573,0.0,-0.08801344870571731,-0.08801344870571731,0.0,0.0,-1.7619980118115246,1.7619980118115246,0.08801344870571731,0.08801344870571731,0.0,0.0,0.08801344870571731,0.0033890223127963,-0.007643335458682
2038914872961081590,RonVonng,2026-03-31,ai_tech,AI / 大模型,24.0,-0.2483,0.3920420877760237,-0.09734405039478668,0.09734405039478668,-0.019468810078957337,0.0,0.0,-0.09734405039478668,-0.3061951757009827,-0.3920420877760237,0.3920420877760237,-0.09734405039478668,-0.6552779349434686,0.0,0.0727728125434244,0.09734405039478668,0.12004139594875965,0.09734405039478668,0.09734405039478668,0.0,0.09734405039478668,0.0,0.12004139594875965,0.0,-0.09734405039478668,-0.09734405039478668,0.0,0.0,-2.1663014225273547,2.1663014225273547,0.09734405039478668,0.09734405039478668,0.0,0.0,0.09734405039478668,0.018753756135682,0.012353174006878
2038943984194822332,RonVonng,2026-03-31,ai_tech,AI / 大模型,24.0,-0.2029,0.3920420877760237,-0.0795453396097552,0.0795453396097552,-0.01590906792195104,0.0,0.0,-0.0795453396097552,-0.2628695604547985,-0.3920420877760237,0.3920420877760237,-0.0795453396097552,-0.5625582517424516,0.0,0.040419539249708036,0.0795453396097552,0.10305593129346487,0.0795453396097552,0.0795453396097552,0.0,0.0795453396097552,0.0,0.10305593129346487,0.0,-0.0795453396097552,-0.0795453396097552,0.0,0.0,-1.663336467137682,1.663336467137682,0.0795453396097552,0.0795453396097552,0.0,0.0,0.0795453396097552,0.018753756135682,0.012353174006878
2039199551169646653,RonVonng,2026-04-01,ai_tech,AI / 大模型,24.0,0.1428,0.3920420877760237,0.05598361013441618,-0.05598361013441618,0.011196722026883238,0.0,0.05598361013441618,0.0,0.10739281701464555,0.3920420877760237,0.3920420877760237,0.05598361013441618,0.22982773389558953,0.0,-0.1018460003694147,0.0,-0.042102504194570116,0.0,-0.05598361013441618,0.0,0.0,0.0,0.0,0.04210250419457012,-0.05598361013441618,0.05598361013441618,0.0,0.0,1.0382006801320849,-1.0382006801320849,-0.05598361013441618,0.0,0.0,0.0,0.0,0.0115040361412213,0.0011466223630531
2039960496342974740,RonVonng,2026-04-03,ai_tech,AI / 大模型,24.0,0.2496,0.3920420877760237,0.0978537051088955,-0.0978537051088955,0.019570741021779102,0.0,0.0978537051088955,0.0,0.12813324743360816,0.3920420877760237,0.3920420877760237,0.0978537051088955,0.2742136272515602,0.0,-0.1291666667196919,0.0,-0.05023362583739357,-0.0978537051088955,-0.0978537051088955,-0.0978537051088955,0.0,0.0,0.0,0.05023362583739357,-0.0978537051088955,0.0978537051088955,0.0,0.0,1.8719941446216495,-1.8719941446216495,-0.0978537051088955,0.0,-0.0978537051088955,0.0,0.0,0.0060858818122107,0.0060173333255428
2040277913736777795,RonVonng,2026-04-04,ai_tech,AI / 大模型,24.0,0.2366,0.3920420877760237,0.0927571579678072,-0.0927571579678072,0.01855143159356144,0.0,0.0927571579678072,0.0,0.2151346295360879,0.3920420877760237,0.3920420877760237,0.0927571579678072,0.4604023412664871,0.0,-0.10792428623864213,0.0,-0.0843418293162493,-0.0927571579678072,-0.0927571579678072,-0.0927571579678072,0.0,0.0,0.0,0.0843418293162493,-0.0927571579678072,0.0927571579678072,0.0,0.0,1.7365346187334558,-1.7365346187334558,-0.0927571579678072,0.0,-0.0927571579678072,0.0,0.0,0.0060858818122107,0.0060173333255428
2040658074818736315,RonVonng,2026-04-05,ai_tech,AI / 大模型,24.0,-0.0761,0.3920420877760237,-0.029834402879755403,0.029834402879755403,-0.005966880575951081,0.0,0.0,-0.029834402879755403,-0.0,-0.3920420877760237,0.3920420877760237,0.0,-0.0,0.0,0.026658861968769612,0.0,0.014917201439877702,0.0,0.0,0.0,0.0,0.0,0.0,0.0,-0.029834402879755403,-0.029834402879755403,0.0,0.0,-0.0,0.0,0.029834402879755403,0.0,0.0,0.029834402879755403,0.0,0.0060858818122107,0.0060173333255428
2044049392278352328,RonVonng,2026-04-14,ai_tech,AI / 大模型,24.0,-0.2449,0.3920420877760237,-0.0960111072963482,0.0960111072963482,-0.01920222145926964,0.0,0.0,-0.0960111072963482,-0.22268161780806392,-0.3920420877760237,0.3920420877760237,-0.0960111072963482,-0.4765533955036462,0.0,0.09016968018848545,0.0,0.08730056635481595,0.0960111072963482,0.0960111072963482,0.0,0.0960111072963482,0.0,0.08730056635481595,0.0,-0.0960111072963482,-0.0960111072963482,0.0,0.0,-1.869175035904696,1.869175035904696,0.0960111072963482,0.0960111072963482,0.0,0.0,0.0,0.00214477259124,0.0139994418865865
2044247775358136324,RonVonng,2026-04-15,ai_tech,AI / 大模型,24.0,-0.25,0.3920420877760237,-0.09801052194400592,0.09801052194400592,-0.019602104388801184,0.0,0.0,-0.09801052194400592,-0.18801263482956151,-0.3920420877760237,0.3920420877760237,-0.09801052194400592,-0.40235947810852507,0.0,0.0839718511826445,0.0,0.07370886588685244,0.09801052194400592,0.09801052194400592,0.0,0.09801052194400592,0.0,0.07370886588685244,0.0,-0.09801052194400592,-0.09801052194400592,0.0,0.0,-1.945388989808835,1.945388989808835,0.09801052194400592,0.09801052194400592,0.0,0.0,0.0,0.0050672951123804,0.0139994418865865
2044590049984213474,RonVonng,2026-04-16,ai_tech,AI / 大模型,24.0,0.25,0.3920420877760237,0.09801052194400592,-0.09801052194400592,0.019602104388801184,0.0,0.09801052194400592,0.0,0.1619452688854106,0.3920420877760237,0.3920420877760237,0.09801052194400592,0.34657359027997264,0.0,-0.11904684697058773,0.0,-0.0634893613192859,-0.09801052194400592,-0.09801052194400592,-0.09801052194400592,0.0,0.0,0.0,0.0634893613192859,-0.09801052194400592,0.09801052194400592,0.0,0.0,1.852284110980032,-1.852284110980032,-0.09801052194400592,0.0,-0.09801052194400592,0.0,0.0,-0.0004157973100155,0.0048163573446433
2044590353899200751,RonVonng,2026-04-16,ai_tech,AI / 大模型,24.0,0.25,0.3920420877760237,0.09801052194400592,-0.09801052194400592,0.019602104388801184,0.0,0.09801052194400592,0.0,0.0809726344427053,0.3920420877760237,0.3920420877760237,0.09801052194400592,0.17328679513998632,0.0,-0.10988939720361943,0.0,-0.04900526097200296,-0.09801052194400592,-0.09801052194400592,-0.09801052194400592,0.0,0.0,0.0,0.03174468065964295,-0.09801052194400592,0.09801052194400592,0.0,0.0,1.7657620408470431,-1.7657620408470431,-0.09801052194400592,0.0,-0.09801052194400592,0.0,0.0,-0.0004157973100155,0.0048163573446433
2044636180755657196,RonVonng,2026-04-16,ai_tech,AI / 大模型,24.0,-0.1933,0.3920420877760237,-0.07578173556710538,0.07578173556710538,-0.015156347113421077,0.0,0.0,-0.07578173556710538,-0.5221416705066299,-0.3920420877760237,0.3920420877760237,-0.07578173556710538,-1.1174177216026573,0.0,0.07175210296489325,0.07578173556710538,0.2047015106202798,0.0,0.07578173556710538,0.0,0.07578173556710538,0.0,0.2047015106202798,0.0,-0.07578173556710538,-0.07578173556710538,0.0,0.0,-2.208222484188017,2.208222484188017,0.07578173556710538,0.0,0.0,0.0,0.07578173556710538,-0.0004157973100155,0.0130841495560092
2045031329281294383,RonVonng,2026-04-17,ai_tech,AI / 大模型,24.0,0.187,0.3920420877760237,0.07331187041411642,-0.07331187041411642,0.014662374082823285,0.0,0.07331187041411642,0.0,0.12113506112628714,0.3920420877760237,0.3920420877760237,0.07331187041411642,0.25923704552941956,0.0,-0.08212497654732144,0.0,-0.04749004226682585,0.0,-0.07331187041411642,-0.07331187041411642,0.0,0.0,0.0,0.047490042266825856,-0.07331187041411642,0.07331187041411642,0.0,0.0,1.3129427013220691,-1.3129427013220691,-0.07331187041411642,0.0,0.0,0.0,0.0,0.009712577878417,-0.0031748441644519
2045333993026121963,RonVonng,2026-04-18,ai_tech,AI / 大模型,24.0,-0.2468,0.3920420877760237,-0.09675598726312264,0.09675598726312264,-0.01935119745262453,0.0,0.0,-0.09675598726312264,-0.4721742977822541,-0.3920420877760237,0.3920420877760237,-0.09675598726312264,-1.0104842379564143,0.0,0.09194693765307008,0.09675598726312264,0.1851121974967328,0.09675598726312264,0.09675598726312264,0.0,0.09675598726312264,0.0,0.1851121974967328,0.0,-0.09675598726312264,-0.09675598726312264,0.0,0.0,-2.684846359633945,2.684846359633945,0.09675598726312264,0.09675598726312264,0.0,0.0,0.09675598726312264,-0.0036607168728265,-0.0031748441644519
2045478559146561768,RonVonng,2026-04-18,ai_tech,AI / 大模型,24.0,0.5736,0.3920420877760237,0.22487534154832717,-0.22487534154832717,0.04497506830966544,0.0,0.22487534154832717,0.0,1.4610369110537709,0.3920420877760237,0.3920420877760237,0.22487534154832717,3.1267156569652856,0.0,-0.24108758868482502,-0.22487534154832717,-0.572787960927353,-0.22487534154832717,-0.22487534154832717,-0.22487534154832717,0.0,0.0,0.0,0.572787960927353,-0.22487534154832717,0.22487534154832717,0.0,0.0,5.931875443606992,-5.931875443606992,-0.22487534154832717,0.0,-0.22487534154832717,0.0,0.0,-0.0036607168728265,-0.0031748441644519
2045824218118697262,RonVonng,2026-04-19,ai_tech,AI / 大模型,24.0,0.8987,0.3920420877760237,0.3523282242843125,-0.3523282242843125,0.0704656448568625,0.0,0.3523282242843125,0.0,0.9227031207418563,0.3920420877760237,0.3920420877760237,0.3523282242843125,1.9746457276520606,0.0,-0.34702781525758064,0.0,-0.3617384578530898,-0.3523282242843125,-0.3523282242843125,-0.3523282242843125,0.0,0.0,0.0,0.36173845785308983,-0.3523282242843125,0.3523282242843125,0.0,0.0,7.032906920846105,-7.032906920846105,-0.3523282242843125,0.0,-0.3523282242843125,0.0,0.0,-0.0036607168728265,-0.0031748441644519
2045846022371553599,RonVonng,2026-04-19,ai_tech,AI / 大模型,24.0,-0.0188,0.3920420877760237,-0.007370391250189246,0.007370391250189246,-0.0014740782500378491,0.0,0.0,-0.007370391250189246,-0.01930212381211405,-0.3920420877760237,0.3920420877760237,-0.007370391250189246,-0.04130782205392093,0.0,0.04202691180958974,0.0,0.007567244917812494,0.0,0.007370391250189246,0.0,0.0,0.0,0.0,0.0,-0.007370391250189246,-0.007370391250189246,0.0,0.0,-0.14525279782954156,0.14525279782954156,0.007370391250189246,0.0,0.0,0.0,0.0,-0.0036607168728265,-0.0031748441644519
2046409780554834357,RonVonng,2026-04-21,ai_tech,AI / 大模型,24.0,-0.2429,0.3920420877760237,-0.09522702312079616,0.09522702312079616,-0.019045404624159233,0.0,0.0,-0.09522702312079616,-0.3400190992494669,-0.3920420877760237,0.3920420877760237,-0.09522702312079616,-0.7276633692462644,0.0,0.13588178762316983,0.09522702312079616,0.133301797553484,0.09522702312079616,0.09522702312079616,0.0,0.09522702312079616,0.0,0.133301797553484,0.0,-0.09522702312079616,-0.09522702312079616,0.0,0.0,-1.9115705099245723,1.9115705099245723,0.09522702312079616,0.09522702312079616,0.0,0.0,0.09522702312079616,0.0037079538119486,-0.0038033380557359
2047231909668020370,RonVonng,2026-04-23,ai_tech,AI / 大模型,24.0,0.8014,0.3920420877760237,0.31418252914370537,-0.31418252914370537,0.06283650582874108,0.0,0.31418252914370537,0.0,0.7786976309086083,0.3920420877760237,0.3920420877760237,0.31418252914370537,1.6664644515022204,0.0,-0.27457321020873443,0.0,-0.30528224496765427,-0.31418252914370537,-0.31418252914370537,-0.31418252914370537,0.0,0.0,0.0,0.3052822449676543,-0.31418252914370537,0.31418252914370537,0.0,0.0,5.986637622510233,-5.986637622510233,-0.31418252914370537,0.0,-0.31418252914370537,0.0,0.0,-0.0023813847436897,0.0191274788915629
2047988878007787672,RonVonng,2026-04-25,ai_tech,AI / 大模型,24.0,0.2408,0.3920420877760237,0.0944037347364665,-0.0944037347364665,0.018880746947293303,0.0,0.0944037347364665,0.0,0.20160857058981646,0.3920420877760237,0.3920420877760237,0.0944037347364665,0.4314556801901156,0.0,-0.03758115453420962,0.0,-0.0790390449275715,-0.0944037347364665,-0.0944037347364665,-0.0944037347364665,0.0,0.0,0.0,0.0790390449275715,-0.0944037347364665,0.0944037347364665,0.0,0.0,1.7907374374684017,-1.7907374374684017,-0.0944037347364665,0.0,-0.0944037347364665,0.0,0.0,-0.0026208225584166,0.0005271669328243
2049061088562720778,RonVonng,2026-04-28,ai_tech,AI / 大模型,24.0,-0.1218,0.3920420877760237,-0.047750726291119684,0.047750726291119684,-0.009550145258223938,0.0,0.0,-0.047750726291119684,-0.11834960250145807,-0.3920420877760237,0.3920420877760237,-0.047750726291119684,-0.253275979776604,0.0,0.10434330846854795,0.0,0.046398025252134135,0.0,0.047750726291119684,0.0,0.047750726291119684,0.0,0.046398025252134135,0.0,-0.047750726291119684,-0.047750726291119684,0.0,0.0,-1.0068188283794015,1.0068188283794015,0.047750726291119684,0.0,0.0,0.0,0.0,-0.0099830016355183,0.0061136333448092
2049062857426514025,RonVonng,2026-04-28,ai_tech,AI / 大模型,24.0,0.2492,0.3920420877760237,0.0976968882737851,-0.0976968882737851,0.019539377654757023,0.0,0.0976968882737851,0.0,0.46232063369517074,0.3920420877760237,0.3920420877760237,0.0976968882737851,0.9893967448571888,0.0,-0.05047149838028529,-0.0976968882737851,-0.18124914645578902,-0.0976968882737851,-0.0976968882737851,-0.0976968882737851,0.0,0.0,0.0,0.18124914645578902,-0.0976968882737851,0.0976968882737851,0.0,0.0,2.4093332378609222,-2.4093332378609222,-0.0976968882737851,0.0,-0.0976968882737851,0.0,0.0,-0.0099830016355183,0.0061136333448092
2049067331616477502,RonVonng,2026-04-28,ai_tech,AI / 大模型,24.0,0.2488,0.3920420877760237,0.09754007143867469,-0.09754007143867469,0.019508014287734937,0.0,0.09754007143867469,0.0,0.3148327381306237,0.3920420877760237,0.3920420877760237,0.09754007143867469,0.6737628900342298,0.0,-0.04181259546827217,-0.09754007143867469,-0.12342768395697183,-0.09754007143867469,-0.09754007143867469,-0.09754007143867469,0.0,0.0,0.0,0.12342768395697185,-0.09754007143867469,0.09754007143867469,0.0,0.0,1.8759744716521567,-1.8759744716521567,-0.09754007143867469,0.0,-0.09754007143867469,0.0,0.0,-0.0099830016355183,0.0061136333448092
2049329022518370789,RonVonng,2026-04-29,ai_tech,AI / 大模型,24.0,-0.9893,0.3920420877760237,-0.3878472374368202,0.3878472374368202,-0.07756944748736405,0.0,0.0,-0.3878472374368202,-1.0644285075642144,-0.3920420877760237,0.3920420877760237,-0.3878472374368202,-2.2779474324990097,0.0,0.45647812532289095,0.3878472374368202,0.4173007743937916,0.3878472374368202,0.3878472374368202,0.0,0.3878472374368202,0.0,0.4173007743937916,0.0,-0.3878472374368202,-0.3878472374368202,0.0,0.0,-7.510628794540611,7.510628794540611,0.3878472374368202,0.3878472374368202,0.0,0.0,0.3878472374368202,0.0037866542066102,0.0061136333448092
2051249565538632092,RonVonng,2026-05-04,ai_tech,AI / 大模型,24.0,-0.2224,0.3920420877760237,-0.08719016032138766,0.08719016032138766,-0.01743803206427753,0.0,0.0,-0.08719016032138766,-0.23928929554460857,-0.3920420877760237,0.3920420877760237,-0.08719016032138766,-0.5120949246818758,0.0,0.1364986005079374,0.08719016032138766,0.0938114750077623,0.08719016032138766,0.08719016032138766,0.0,0.08719016032138766,0.0,0.0938114750077623,0.0,-0.08719016032138766,-0.08719016032138766,0.0,0.0,-1.821596485832947,1.821596485832947,0.08719016032138766,0.08719016032138766,0.0,0.0,0.08719016032138766,0.0012905781817413,0.0129740524393653
2051565082526846984,RonVonng,2026-05-05,ai_tech,AI / 大模型,24.0,0.2364,0.3920420877760237,0.092678749550252,-0.092678749550252,0.0185357499100504,0.0,0.092678749550252,0.0,0.3640709097753001,0.3920420877760237,0.3920420877760237,0.092678749550252,0.7791358351234234,0.0,-0.05571702151472848,-0.092678749550252,-0.14273111956682502,-0.092678749550252,-0.092678749550252,-0.092678749550252,0.0,0.0,0.0,0.142731119566825,-0.092678749550252,0.092678749550252,0.0,0.0,2.0865706622774014,-2.0865706622774014,-0.092678749550252,0.0,-0.092678749550252,0.0,0.0,0.0122458539034906,0.0207743936914068
2052219489186705481,RonVonng,2026-05-07,ai_tech,AI / 大模型,24.0,0.221,0.3920420877760237,0.08664130139850124,-0.08664130139850124,0.017328260279700247,0.0,0.08664130139850124,0.0,0.07157980884735149,0.3920420877760237,0.3920420877760237,0.08664130139850124,0.1531855269037479,0.0,-0.05003502485589465,0.0,-0.04332065069925062,-0.08664130139850124,-0.08664130139850124,-0.08664130139850124,0.0,0.0,0.0,0.028062297703124368,-0.08664130139850124,0.08664130139850124,0.0,0.0,1.37910096178274,-1.37910096178274,-0.08664130139850124,0.0,-0.08664130139850124,0.0,0.0,0.0056498692103845,-0.0011929474776779
2052220303758283226,RonVonng,2026-05-07,ai_tech,AI / 大模型,24.0,0.2457,0.3920420877760237,0.09632474096656901,-0.09632474096656901,0.019264948193313803,0.0,0.09632474096656901,0.0,0.12613116544245803,0.3920420877760237,0.3920420877760237,0.09632474096656901,0.26992903932575457,0.0,-0.048890261959588656,0.0,-0.049448725433684296,-0.09632474096656901,-0.09632474096656901,-0.09632474096656901,0.0,0.0,0.0,0.049448725433684296,-0.09632474096656901,0.09632474096656901,0.0,0.0,1.7222117747665122,-1.7222117747665122,-0.09632474096656901,0.0,-0.09632474096656901,0.0,0.0,0.0056498692103845,-0.0011929474776779
2052410474659254750,RonVonng,2026-05-07,ai_tech,AI / 大模型,24.0,0.0012,0.3920420877760237,0.0004704505053312284,-0.0004704505053312284,9.409010106624568e-05,0.0,0.0004704505053312284,0.0,0.00134457260081018,0.3920420877760237,0.3920420877760237,0.0004704505053312284,0.0028774743273580444,0.0,0.04849821987181264,-0.0004704505053312284,-0.0005271290495880611,0.0,-0.0004704505053312284,0.0,0.0,0.0,0.0,0.0,-0.0004704505053312284,0.0004704505053312284,0.0,0.0,0.009594367944348986,-0.009594367944348986,-0.0004704505053312284,0.0,0.0,0.0,0.0,-0.0039124317278044,0.0234408408929045
2053677537121952028,RonVonng,2026-05-11,ai_tech,AI / 大模型,24.0,0.2492,0.3920420877760237,0.0976968882737851,-0.0976968882737851,0.019539377654757023,0.0,0.0976968882737851,0.0,0.08071352201248864,0.3920420877760237,0.3920420877760237,0.0976968882737851,0.17273227739553837,0.0,-0.04224645537874432,0.0,-0.04884844413689255,-0.0976968882737851,-0.0976968882737851,-0.0976968882737851,0.0,0.0,0.0,0.03164309768153209,-0.0976968882737851,0.0976968882737851,0.0,0.0,1.9588542397562352,-1.9588542397562352,-0.0976968882737851,0.0,-0.0976968882737851,0.0,0.0,-0.0017999582175547,0.0028963874065546
2054593530337648793,RonVonng,2026-05-13,ai_tech,AI / 大模型,24.0,0.2309,0.3920420877760237,0.09052251806748386,-0.09052251806748386,0.01810450361349677,0.0,0.09052251806748386,0.0,0.37050613623096146,0.3920420877760237,0.3920420877760237,0.09052251806748386,0.7929076455156202,0.0,-0.04355064872407921,-0.09052251806748386,-0.14525399918181398,-0.09052251806748386,-0.09052251806748386,-0.09052251806748386,0.0,0.0,0.0,0.14525399918181398,-0.09052251806748386,0.09052251806748386,0.0,0.0,2.14179311251777,-2.14179311251777,-0.09052251806748386,0.0,-0.09052251806748386,0.0,0.0,0.0037383002847097,0.0071077162744499
2055108871098618259,RonVonng,2026-05-15,ai_tech,AI / 大模型,24.0,0.2417,0.3920420877760237,0.09475657261546493,-0.09475657261546493,0.018951314523092986,0.0,0.09475657261546493,0.0,0.30584836336885746,0.3920420877760237,0.3920420877760237,0.09475657261546493,0.6545357336064042,0.0,-0.06523841701984884,-0.09475657261546493,-0.11990543091800682,-0.09475657261546493,-0.09475657261546493,-0.09475657261546493,0.0,0.0,0.0,0.1199054309180068,-0.09475657261546493,0.09475657261546493,0.0,0.0,2.035332141766375,-2.035332141766375,-0.09475657261546493,0.0,-0.09475657261546493,0.0,0.0,-0.0128940329861121,-0.015087714031981
2055147472645960057,ShoryuPaw,2026-05-15,unclassified,未分类,15.0,-0.088,1.4724720573609429,-0.12957754104776298,0.12957754104776298,-0.025915508209552598,0.0,0.0,-0.12957754104776298,,-1.4724720573609429,1.4724720573609429,0.0,-0.0,0.0,0.12957754104776298,0.0,,0.0,0.0,0.0,0.0,0.0,0.0,0.0,-0.12957754104776298,-0.12957754104776298,0.0,0.0,-0.06099695188927518,0.06099695188927518,0.12957754104776298,0.0,0.0,0.12957754104776298,0.0,,
2055185089815085156,ShoryuPaw,2026-05-15,unclassified,未分类,15.0,-0.0589,1.4724720573609429,-0.08672860417855954,0.08672860417855954,-0.017345720835711908,0.0,0.0,-0.08672860417855954,,-1.4724720573609429,1.4724720573609429,0.0,-0.0,0.0,0.08672860417855954,0.0,,0.0,0.0,0.0,0.0,0.0,0.0,0.0,-0.08672860417855954,-0.08672860417855954,0.0,0.0,-0.06470826380255167,0.06470826380255167,0.08672860417855954,0.0,0.0,0.08672860417855954,0.0,,
2037472615615594648,Snow_Wo1f,2026-03-27,unclassified,未分类,49.0,0.25,0.33647223662121295,0.08411805915530324,-0.08411805915530324,0.01682361183106065,0.0,0.08411805915530324,0.0,0.28837197116600444,0.33647223662121295,0.33647223662121295,0.08411805915530324,1.1193342036195517,0.0,-0.08411805915530324,-0.08411805915530324,-0.09702916211709345,-0.08411805915530324,-0.08411805915530324,-0.08411805915530324,0.0,0.0,0.0,0.09702916211709345,-0.08411805915530324,0.08411805915530324,0.0,0.0,2.1165802152606203,-2.1165802152606203,-0.08411805915530324,0.0,-0.08411805915530324,0.0,0.0,,
2037774887583097120,Snow_Wo1f,2026-03-28,unclassified,未分类,49.0,0.2498,0.33647223662121295,0.084050764707979,-0.084050764707979,0.0168101529415958,0.0,0.084050764707979,0.0,0.14140349817498626,0.33647223662121295,0.33647223662121295,0.084050764707979,0.5488666994185877,0.0,-0.084050764707979,0.0,-0.047578351297001234,-0.084050764707979,-0.084050764707979,-0.084050764707979,0.0,0.0,0.0,0.047578351297001234,-0.084050764707979,0.084050764707979,0.0,0.0,1.773998657710537,-1.773998657710537,-0.084050764707979,0.0,-0.084050764707979,0.0,0.0,,
2042156113098109156,Snow_Wo1f,2026-04-09,unclassified,未分类,49.0,0.0754,0.33647223662121295,0.025370006641239454,-0.025370006641239454,0.005074001328247891,0.0,0.025370006641239454,0.0,0.0,0.33647223662121295,0.33647223662121295,0.0,0.0,0.0,-0.025370006641239454,0.0,-0.012685003320619727,0.0,0.0,0.0,0.0,0.0,0.0,0.0,-0.025370006641239454,0.025370006641239454,0.0,0.0,0.0,-0.0,-0.025370006641239454,0.0,0.0,-0.025370006641239454,0.0,,
2055246383750516777,YigeKing,2026-05-15,unclassified,未分类,7.0,-0.0227,2.080690761080268,-0.04723168027652208,0.04723168027652208,-0.009446336055304417,0.0,0.0,-0.04723168027652208,-0.02099220318529722,-2.080690761080268,2.080690761080268,-0.04723168027652208,-0.08373756360838636,0.0,0.04723168027652208,0.0,0.04367828322236769,0.0,0.04723168027652208,0.0,0.0,0.0,0.0,0.0,-0.04723168027652208,-0.04723168027652208,0.0,0.0,-0.21547477855923391,0.21547477855923391,0.04723168027652208,0.0,0.0,0.0,0.0,,
2055512718543851569,YigeKing,2026-05-16,unclassified,未分类,7.0,-0.1727,2.080690761080268,-0.3593352944385622,0.3593352944385622,-0.07186705888771244,0.0,0.0,-0.3593352944385622,-0.18268034471372557,-2.080690761080268,2.080690761080268,-0.3593352944385622,-0.7287089806839137,0.0,0.3593352944385622,0.3593352944385622,0.3801013054768073,0.0,0.3593352944385622,0.0,0.3593352944385622,0.0,0.38010130547680737,0.0,-0.3593352944385622,-0.3593352944385622,0.0,0.0,-1.6974089329783966,1.6974089329783966,0.3593352944385622,0.0,0.0,0.0,0.3593352944385622,,
2055203739489939911,abskoop,2026-05-15,unclassified,未分类,12.0,-0.0537,1.6134299337036377,-0.08664118743988534,0.08664118743988534,-0.01732823748797707,0.0,0.0,-0.08664118743988534,-0.0331373492006303,-1.6134299337036377,1.6134299337036377,-0.08664118743988534,-0.14171737860033937,0.0,0.08664118743988534,0.0,0.053464791123887245,0.0,0.08664118743988534,0.0,0.0,0.0,0.0,0.0,-0.08664118743988534,-0.08664118743988534,0.0,0.0,-0.5009965460647151,0.5009965460647151,0.08664118743988534,0.0,0.0,0.0,0.0,,
2055225769912410491,abskoop,2026-05-15,unclassified,未分类,12.0,-0.25,1.6134299337036377,-0.40335748342590944,0.40335748342590944,-0.08067149668518189,0.0,0.0,-0.40335748342590944,-0.24030832369017807,-1.6134299337036377,1.6134299337036377,-0.40335748342590944,-1.0277184660433278,0.0,0.40335748342590944,0.0,0.38772064275987633,0.40335748342590944,0.40335748342590944,0.0,0.40335748342590944,0.0,0.38772064275987633,0.0,-0.40335748342590944,-0.40335748342590944,0.0,0.0,-2.460442927638869,2.460442927638869,0.40335748342590944,0.40335748342590944,0.0,0.0,0.0,,
2055475702343106776,abskoop,2026-05-16,unclassified,未分类,12.0,-0.191,1.6134299337036377,-0.3081651173373948,0.3081651173373948,-0.06163302346747897,0.0,0.0,-0.3081651173373948,-0.22164538872109313,-1.6134299337036377,1.6134299337036377,-0.3081651173373948,-0.9479033243796422,0.0,0.3081651173373948,0.3081651173373948,0.3576093048299903,0.0,0.3081651173373948,0.0,0.3081651173373948,0.0,0.3576093048299903,0.0,-0.3081651173373948,-0.3081651173373948,0.0,0.0,-2.296587257192618,2.296587257192618,0.3081651173373948,0.0,0.0,0.0,0.3081651173373948,,
2055532610466771209,abskoop,2026-05-16,unclassified,未分类,12.0,0.25,1.6134299337036377,0.40335748342590944,-0.40335748342590944,0.08067149668518189,0.0,0.40335748342590944,0.0,0.25,1.6134299337036377,1.6134299337036377,0.40335748342590944,1.0691665297540138,0.0,-0.6694120794936393,0.0,-0.40335748342590944,-0.40335748342590944,-0.40335748342590944,-0.40335748342590944,0.0,0.0,0.0,0.40335748342590944,-0.40335748342590944,0.40335748342590944,0.0,0.0,2.405148499204036,-2.405148499204036,-0.40335748342590944,0.0,-0.40335748342590944,0.0,0.0,,
2055583822532792727,abskoop,2026-05-16,unclassified,未分类,12.0,0.2471,1.6134299337036377,0.3986785366181689,-0.3986785366181689,0.07973570732363378,0.0,0.3986785366181689,0.0,0.30922314437915355,1.6134299337036377,1.6134299337036377,0.3986785366181689,1.322444144781936,0.0,-0.4973801128124889,-0.3986785366181689,-0.49890987733528813,-0.3986785366181689,-0.3986785366181689,-0.3986785366181689,0.0,0.0,0.0,0.49890987733528813,-0.3986785366181689,0.3986785366181689,0.0,0.0,2.6435414799233734,-2.6435414799233734,-0.3986785366181689,0.0,-0.3986785366181689,0.0,0.0,,
2052924817184288805,aigclink,2026-05-09,ai_tech,AI / 大模型,45.0,0.25,0.10436001532424277,0.026090003831060693,-0.026090003831060693,0.005218000766212139,0.0,0.026090003831060693,0.0,0.3259314848372168,0.10436001532424277,0.10436001532424277,0.026090003831060693,1.2407111575649767,0.0,-0.026090003831060693,-0.026090003831060693,-0.03401421475226515,-0.026090003831060693,-0.026090003831060693,-0.026090003831060693,0.0,0.0,0.0,0.03401421475226515,-0.026090003831060693,0.026090003831060693,0.0,0.0,2.514898365627918,-2.514898365627918,-0.026090003831060693,0.0,-0.026090003831060693,0.0,0.0,-0.0017999582175547,0.0028963874065546
2053765076801470554,aigclink,2026-05-11,ai_tech,AI / 大模型,45.0,0.2456,0.10436001532424277,0.025630819763634027,-0.025630819763634027,0.005126163952726806,0.0,0.025630819763634027,0.0,0.37073617831609035,0.10436001532424277,0.10436001532424277,0.025630819763634027,1.4112675035966615,0.0,-0.025630819763634027,-0.025630819763634027,-0.03869003325031839,-0.025630819763634027,-0.025630819763634027,-0.025630819763634027,0.0,0.0,0.0,0.03869003325031839,-0.025630819763634027,0.025630819763634027,0.0,0.0,2.4284973489128676,-2.4284973489128676,-0.025630819763634027,0.0,-0.025630819763634027,0.0,0.0,-0.0017999582175547,-0.008481806809764
2054028720529453303,aigclink,2026-05-12,ai_tech,AI / 大模型,45.0,-0.2475,0.10436001532424277,-0.025829103792750087,0.025829103792750087,-0.005165820758550018,0.0,0.0,-0.025829103792750087,-0.07142911728477484,-0.10436001532424277,0.10436001532424277,-0.025829103792750087,-0.27190654144535714,0.0,0.025829103792750087,0.0,0.012914551896375043,0.025829103792750087,0.025829103792750087,0.0,0.025829103792750087,0.0,0.007454343774436237,0.0,-0.025829103792750087,-0.025829103792750087,0.0,0.0,-1.9355587800273897,1.9355587800273897,0.025829103792750087,0.025829103792750087,0.0,0.0,0.0,-0.0116490863849201,-0.008481806809764
2054395966086869128,aigclink,2026-05-13,ai_tech,AI / 大模型,45.0,1.0,0.10436001532424277,0.10436001532424277,-0.10436001532424277,0.020872003064848557,0.0,0.10436001532424277,0.0,0.28860249407989835,0.10436001532424277,0.10436001532424277,0.10436001532424277,1.0986122886681098,0.0,-0.09572944205692789,0.0,-0.052180007662121386,-0.10436001532424277,-0.10436001532424277,-0.10436001532424277,0.0,0.0,0.0,0.030118560704792876,-0.10436001532424277,0.10436001532424277,0.0,0.0,8.558527054909215,-8.558527054909215,-0.10436001532424277,0.0,-0.10436001532424277,0.0,0.0,0.0022482547976074,0.0105622304188508
2054500488717238275,aigclink,2026-05-13,ai_tech,AI / 大模型,45.0,0.2402,0.10436001532424277,0.025067275680883114,-0.025067275680883114,0.005013455136176623,0.0,0.025067275680883114,0.0,0.08747502738575834,0.10436001532424277,0.10436001532424277,0.025067275680883114,0.3329879055409977,0.0,0.007495658100663737,0.0,-0.012533637840441557,-0.025067275680883114,-0.025067275680883114,-0.025067275680883114,0.0,0.0,0.0,0.009128895198466297,-0.025067275680883114,0.025067275680883114,0.0,0.0,1.862626467702386,-1.862626467702386,-0.025067275680883114,0.0,-0.025067275680883114,0.0,0.0,0.0022482547976074,0.0071077162744499
2055100487654072766,aigclink,2026-05-15,ai_tech,AI / 大模型,45.0,-0.25,0.10436001532424277,-0.026090003831060693,0.026090003831060693,-0.005218000766212139,0.0,0.0,-0.026090003831060693,-0.38889568194953783,-0.10436001532424277,0.10436001532424277,-0.026090003831060693,-1.480394604910954,0.0,0.0571538059924748,0.026090003831060693,0.040585159327785614,0.026090003831060693,0.026090003831060693,0.0,0.026090003831060693,0.0,0.040585159327785614,0.0,-0.026090003831060693,-0.026090003831060693,0.0,0.0,-2.6438400057043046,2.6438400057043046,0.026090003831060693,0.026090003831060693,0.0,0.0,0.026090003831060693,-0.0128940329861121,-0.015087714031981
2055179549651181591,aigclink,2026-05-15,ai_tech,AI / 大模型,45.0,-0.2392,0.10436001532424277,-0.02496291566555887,0.02496291566555887,-0.004992583133111774,0.0,0.0,-0.02496291566555887,-0.19130925556454648,-0.10436001532424277,0.10436001532424277,-0.02496291566555887,-0.7282497671034428,0.0,0.04650108349489384,0.0,0.019965036842385545,0.02496291566555887,0.02496291566555887,0.0,0.02496291566555887,0.0,0.01996503684238555,0.0,-0.02496291566555887,-0.02496291566555887,0.0,0.0,-2.021696327752452,2.021696327752452,0.02496291566555887,0.02496291566555887,0.0,0.0,0.0,-0.0128940329861121,
2055227561190568194,aigclink,2026-05-15,ai_tech,AI / 大模型,45.0,0.25,0.10436001532424277,0.026090003831060693,-0.026090003831060693,0.005218000766212139,0.0,0.026090003831060693,0.0,0.29099091466279775,0.10436001532424277,0.10436001532424277,0.026090003831060693,1.1077041997108283,0.0,-0.0111948479295677,-0.026090003831060693,-0.030367816313424993,-0.026090003831060693,-0.026090003831060693,-0.026090003831060693,0.0,0.0,0.0,0.030367816313424993,-0.026090003831060693,0.026090003831060693,0.0,0.0,2.2694021648805562,-2.2694021648805562,-0.026090003831060693,0.0,-0.026090003831060693,0.0,0.0,-0.0128940329861121,
2055643599392608332,aigclink,2026-05-16,ai_tech,AI / 大模型,45.0,0.25,0.10436001532424277,0.026090003831060693,-0.026090003831060693,0.005218000766212139,0.0,0.026090003831060693,0.0,0.25,0.10436001532424277,0.10436001532424277,0.026090003831060693,0.9516656224425799,0.0,-0.00979549193837174,0.0,-0.026090003831060693,-0.026090003831060693,-0.026090003831060693,-0.026090003831060693,0.0,0.0,0.0,0.026090003831060693,-0.026090003831060693,0.026090003831060693,0.0,0.0,2.1164223371372803,-2.1164223371372803,-0.026090003831060693,0.0,-0.026090003831060693,0.0,0.0,,
2049487144763146242,aiwarts,2026-04-29,ai_tech,AI / 大模型,33.0,0.2498,0.26236426446749106,0.06553859326397926,-0.06553859326397926,0.013107718652795853,0.0,0.06553859326397926,0.0,0.2498,0.26236426446749106,0.26236426446749106,0.06553859326397926,0.5488666994185877,0.0,-0.06553859326397926,0.0,-0.06553859326397926,-0.06553859326397926,-0.06553859326397926,-0.06553859326397926,0.0,0.0,0.0,0.06553859326397926,-0.06553859326397926,0.06553859326397926,0.0,0.0,1.976157154234828,-1.976157154234828,-0.06553859326397926,0.0,-0.06553859326397926,0.0,0.0,0.0028071264021856,0.0093262736246331
2050174976603427009,aiwarts,2026-05-01,ai_tech,AI / 大模型,33.0,1.0,0.26236426446749106,0.26236426446749106,-0.26236426446749106,0.05247285289349821,0.0,0.26236426446749106,0.0,1.1673587597363964,0.26236426446749106,0.26236426446749106,0.26236426446749106,2.5649493574615367,0.0,-0.26236426446749106,-0.26236426446749106,-0.30627322236792226,-0.26236426446749106,-0.26236426446749106,-0.26236426446749106,0.0,0.0,0.0,0.30627322236792226,-0.26236426446749106,0.26236426446749106,0.0,0.0,8.308199063206446,-8.308199063206446,-0.26236426446749106,0.0,-0.26236426446749106,0.0,0.0,0.0109276672560474,-0.0018838826451929
2050179898312970465,aiwarts,2026-05-01,ai_tech,AI / 大模型,33.0,0.0115,0.26236426446749106,0.0030171890413761473,-0.0030171890413761473,0.0006034378082752295,0.0,0.0030171890413761473,0.0,0.0115,0.26236426446749106,0.26236426446749106,0.0030171890413761473,0.025268082639366526,0.0,-0.0030171890413761473,0.0,-0.0030171890413761473,0.0,-0.0030171890413761473,0.0,0.0,0.0,0.0,0.0,-0.0030171890413761473,0.0030171890413761473,0.0,0.0,0.10806820009207563,-0.10806820009207563,-0.0030171890413761473,0.0,0.0,0.0,0.0,0.0109276672560474,-0.0018838826451929
2050868145368261088,aiwarts,2026-05-03,ai_tech,AI / 大模型,33.0,-0.1632,0.26236426446749106,-0.04281784796109454,0.04281784796109454,-0.00856356959221891,0.0,0.0,-0.04281784796109454,-0.27582749962722836,-0.26236426446749106,0.26236426446749106,-0.04281784796109454,-0.6060549612861431,0.0,0.15312453021871006,0.04281784796109454,0.07236727905960492,0.0,0.04281784796109454,0.0,0.04281784796109454,0.0,0.07236727905960494,0.0,-0.04281784796109454,-0.04281784796109454,0.0,0.0,-1.5599289557437894,1.5599289557437894,0.04281784796109454,0.0,0.0,0.0,0.04281784796109454,0.0012905781817413,-0.0018838826451929
2050870142410584094,aiwarts,2026-05-03,ai_tech,AI / 大模型,33.0,-0.2083,0.26236426446749106,-0.054650476288578394,0.054650476288578394,-0.01093009525771568,0.0,0.0,-0.054650476288578394,-0.0,-0.26236426446749106,0.26236426446749106,0.0,-0.0,0.0,0.1266760259915164,0.0,0.027325238144289197,0.054650476288578394,0.0,0.0,0.054650476288578394,0.0,0.0,0.0,-0.054650476288578394,-0.054650476288578394,0.0,0.0,-0.0,0.0,0.054650476288578394,0.054650476288578394,0.0,0.054650476288578394,0.0,0.0012905781817413,-0.0018838826451929
2051861523748827253,aiwarts,2026-05-06,ai_tech,AI / 大模型,33.0,0.0319,0.26236426446749106,0.008369420036512963,-0.008369420036512963,0.0016738840073025928,0.0,0.008369420036512963,0.0,0.02601332956946474,0.26236426446749106,0.26236426446749106,0.008369420036512963,0.05715712706837495,0.0,0.03832092446812175,0.0,-0.006824968078843053,0.0,-0.008369420036512963,0.0,0.0,0.0,0.0,0.0,-0.008369420036512963,0.008369420036512963,0.0,0.0,0.21793931874155076,-0.21793931874155076,-0.008369420036512963,0.0,0.0,0.0,0.0,0.0101392100563681,0.0207743936914068
2052029080548057234,aiwarts,2026-05-06,ai_tech,AI / 大模型,33.0,-0.0,0.26236426446749106,-0.0,0.0,-0.0,0.0,0.0,-0.0,-0.0,0.0,0.26236426446749106,-0.0,-0.0,0.0,0.040303523759947744,0.0,0.0,0.0,0.0,0.0,0.0,0.0,0.0,0.0,0.0,-0.0,0.0,0.0,-0.0,0.0,0.0,0.0,0.0,0.0,0.0,0.0022110134770412,-0.0011929474776779
2054204831670112510,aiwarts,2026-05-12,ai_tech,AI / 大模型,33.0,0.25,0.26236426446749106,0.06559106611687276,-0.06559106611687276,0.013118213223374553,0.0,0.06559106611687276,0.0,0.4225298707524944,0.26236426446749106,0.26236426446749106,0.06559106611687276,0.928393016676077,0.0,-0.031045188608346118,-0.06559106611687276,-0.11085673875552225,-0.06559106611687276,-0.06559106611687276,-0.06559106611687276,0.0,0.0,0.0,0.11085673875552225,-0.06559106611687276,0.06559106611687276,0.0,0.0,2.1207539349036626,-2.1207539349036626,-0.06559106611687276,0.0,-0.06559106611687276,0.0,0.0,-0.0097132680698092,0.0105622304188508
2054563539600257459,aiwarts,2026-05-13,ai_tech,AI / 大模型,33.0,0.2154,0.26236426446749106,0.05651326256629757,-0.05651326256629757,0.011302652513259515,0.0,0.05651326256629757,0.0,0.13590226891929194,0.26236426446749106,0.26236426446749106,0.05651326256629757,0.29860780538522447,0.0,-0.018086736481727667,0.0,-0.035655898824473196,-0.05651326256629757,-0.05651326256629757,-0.05651326256629757,0.0,0.0,0.0,0.0356558988244732,-0.05651326256629757,0.05651326256629757,0.0,0.0,1.6576662711654957,-1.6576662711654957,-0.05651326256629757,0.0,-0.05651326256629757,0.0,0.0,0.0059267883772475,0.0071077162744499
2054573352484741124,aiwarts,2026-05-13,ai_tech,AI / 大模型,33.0,0.9992,0.26236426446749106,0.26215437305591704,-0.26215437305591704,0.05243087461118341,0.0,0.26215437305591704,0.0,0.9992,0.26236426446749106,0.26236426446749106,0.26215437305591704,2.1954667976743507,0.0,-0.22171820958448854,0.0,-0.26215437305591704,-0.26215437305591704,-0.26215437305591704,-0.26215437305591704,0.0,0.0,0.0,0.26215437305591704,-0.26215437305591704,0.26215437305591704,0.0,0.0,7.386733402705046,-7.386733402705046,-0.26215437305591704,0.0,-0.26215437305591704,0.0,0.0,0.0038479694192765,0.0071077162744499
2054778608627937383,aiwarts,2026-05-14,ai_tech,AI / 大模型,33.0,-0.2226,0.26236426446749106,-0.05840228527046351,0.05840228527046351,-0.011680457054092703,0.0,0.0,-0.05840228527046351,-0.2598540599173218,-0.26236426446749106,0.26236426446749106,-0.05840228527046351,-0.570957726970938,0.0,0.1210102697003409,0.05840228527046351,0.0681764192990995,0.05840228527046351,0.05840228527046351,0.0,0.05840228527046351,0.0,0.06817641929909948,0.0,-0.05840228527046351,-0.05840228527046351,0.0,0.0,-1.8335450806984799,1.8335450806984799,0.05840228527046351,0.05840228527046351,0.0,0.0,0.05840228527046351,0.0051926185114692,-0.015087714031981
2055235954105806892,aiwarts,2026-05-15,ai_tech,AI / 大模型,33.0,-0.25,0.26236426446749106,-0.06559106611687276,0.06559106611687276,-0.013118213223374553,0.0,0.0,-0.06559106611687276,-0.4600179824057969,-0.26236426446749106,0.26236426446749106,-0.06559106611687276,-1.0107628169586376,0.0,0.11719811693762826,0.06559106611687276,0.12069227959571614,0.06559106611687276,0.06559106611687276,0.0,0.06559106611687276,0.0,0.12069227959571614,0.0,-0.06559106611687276,-0.06559106611687276,0.0,0.0,-2.3693656326156507,2.3693656326156507,0.06559106611687276,0.06559106611687276,0.0,0.0,0.06559106611687276,-0.0128940329861121,
2051253652497834137,aliez_ren,2026-05-04,unclassified,未分类,23.0,0.2296,0.9516578757114464,0.2185006482633481,-0.2185006482633481,0.043700129652669624,0.0,0.2185006482633481,0.0,0.09649982940321211,0.9516578757114464,0.9516578757114464,0.2185006482633481,0.4467809702230999,0.0,-0.2185006482633481,0.0,-0.10925032413167406,-0.2185006482633481,-0.2185006482633481,-0.2185006482633481,0.0,0.0,0.0,0.09183482265637782,-0.2185006482633481,0.2185006482633481,0.0,0.0,1.796584570659766,-1.796584570659766,-0.2185006482633481,0.0,-0.2185006482633481,0.0,0.0,,
2054191146046476606,aliez_ren,2026-05-12,unclassified,未分类,23.0,0.1869,0.9516578757114464,0.17786485697046936,-0.17786485697046936,0.03557297139409387,0.0,0.17786485697046936,0.0,0.2134787035892892,0.9516578757114464,0.9516578757114464,0.17786485697046936,0.9883771080368087,0.0,-0.17786485697046936,-0.17786485697046936,-0.2031586895674165,0.0,-0.17786485697046936,-0.17786485697046936,0.0,0.0,0.0,0.20315868956741648,-0.17786485697046936,0.17786485697046936,0.0,0.0,1.8389593724011513,-1.8389593724011513,-0.17786485697046936,0.0,0.0,0.0,0.0,,
2052379460129976440,anorth_chen,2026-05-07,unclassified,未分类,14.0,1.0,1.5151272329628591,1.5151272329628591,-1.5151272329628591,0.30302544659257186,0.0,1.5151272329628591,0.0,1.0403484321940764,1.5151272329628591,1.5151272329628591,1.5151272329628591,3.6375861597263857,0.0,-1.5151272329628591,0.0,-1.5762602413874596,-1.5151272329628591,-1.5151272329628591,-1.5151272329628591,0.0,0.0,0.0,1.5762602413874596,-1.5151272329628591,1.5151272329628591,0.0,0.0,8.70167907103957,-8.70167907103957,-1.5151272329628591,0.0,-1.5151272329628591,0.0,0.0,,
2052641906107318331,anorth_chen,2026-05-08,unclassified,未分类,14.0,0.25,1.5151272329628591,0.3787818082407148,-0.3787818082407148,0.07575636164814296,0.0,0.3787818082407148,0.0,0.38094270319231066,1.5151272329628591,1.5151272329628591,0.3787818082407148,1.3319690421973953,0.0,-0.3787818082407148,-0.3787818082407148,-0.5771766638051574,-0.3787818082407148,-0.3787818082407148,-0.3787818082407148,0.0,0.0,0.0,0.5771766638051574,-0.3787818082407148,0.3787818082407148,0.0,0.0,2.772241343556455,-2.772241343556455,-0.3787818082407148,0.0,-0.3787818082407148,0.0,0.0,,
2052659766376473060,anorth_chen,2026-05-08,unclassified,未分类,14.0,0.25,1.5151272329628591,0.3787818082407148,-0.3787818082407148,0.07575636164814296,0.0,0.3787818082407148,0.0,0.23825234549025504,1.5151272329628591,1.5151272329628591,0.3787818082407148,0.833051127543801,0.0,-0.3787818082407148,0.0,-0.36098261696956124,-0.3787818082407148,-0.3787818082407148,-0.3787818082407148,0.0,0.0,0.0,0.36098261696956124,-0.3787818082407148,0.3787818082407148,0.0,0.0,2.15033762485574,-2.15033762485574,-0.3787818082407148,0.0,-0.3787818082407148,0.0,0.0,,
2052815948458143942,anorth_chen,2026-05-08,unclassified,未分类,14.0,0.25,1.5151272329628591,0.3787818082407148,-0.3787818082407148,0.07575636164814296,0.0,0.3787818082407148,0.0,0.1936253642739456,1.5151272329628591,1.5151272329628591,0.3787818082407148,0.6770125502755525,0.0,0.3787818082407148,0.0,-0.29336706240380883,-0.3787818082407148,-0.3787818082407148,-0.3787818082407148,0.0,0.0,0.0,0.29336706240380883,-0.3787818082407148,0.3787818082407148,0.0,0.0,1.9002256148855206,-1.9002256148855206,-0.3787818082407148,0.0,-0.3787818082407148,0.0,0.0,,
2052991511906967677,anorth_chen,2026-05-09,unclassified,未分类,14.0,0.249,1.5151272329628591,0.3772666810077519,-0.3772666810077519,0.07545333620155038,0.0,0.3772666810077519,0.0,0.2726525514293311,1.5151272329628591,1.5151272329628591,0.3772666810077519,0.9533317077257847,0.0,0.28560148341349895,-0.3772666810077519,-0.4131033058073861,-0.3772666810077519,-0.3772666810077519,-0.3772666810077519,0.0,0.0,0.0,0.4131033058073861,-0.3772666810077519,0.3772666810077519,0.0,0.0,1.996473709169906,-1.996473709169906,-0.3772666810077519,0.0,-0.3772666810077519,0.0,0.0,,
2054454556021637283,anorth_chen,2026-05-13,unclassified,未分类,14.0,0.2467,1.5151272329628591,0.3737818883719373,-0.3737818883719373,0.07475637767438746,0.0,0.3737818883719373,0.0,0.1624614654639513,1.5151272329628591,1.5151272329628591,0.3737818883719373,0.5680477424416311,0.0,0.23196597936661378,0.0,-0.2461497906314876,-0.3737818883719373,-0.3737818883719373,-0.3737818883719373,0.0,0.0,0.0,0.24614979063148762,-0.3737818883719373,0.3737818883719373,0.0,0.0,1.929797114765015,-1.929797114765015,-0.3737818883719373,0.0,-0.3737818883719373,0.0,0.0,,
2054800000878800930,anorth_chen,2026-05-14,unclassified,未分类,14.0,0.5364,1.5151272329628591,0.8127142477612777,-0.8127142477612777,0.16254284955225554,0.0,0.8127142477612777,0.0,0.3678616452897314,1.5151272329628591,1.5151272329628591,0.8127142477612777,1.286231024329046,0.0,-0.24562737658382888,0.0,-0.5573571967409955,-0.8127142477612777,-0.8127142477612777,-0.8127142477612777,0.0,0.0,0.0,0.5573571967409956,-0.8127142477612777,0.8127142477612777,0.0,0.0,3.6014810722434407,-3.6014810722434407,-0.8127142477612777,0.0,-0.8127142477612777,0.0,0.0,,
2055168009551974548,anorth_chen,2026-05-15,unclassified,未分类,14.0,0.2457,1.5151272329628591,0.3722667611389745,-0.3722667611389745,0.07445335222779491,0.0,0.3722667611389745,0.0,0.3290139152514598,1.5151272329628591,1.5151272329628591,0.3722667611389745,1.150399642504421,0.0,0.2299097352647355,-0.3722667611389745,-0.4984979430212209,-0.3722667611389745,-0.3722667611389745,-0.3722667611389745,0.0,0.0,0.0,0.4984979430212209,-0.3722667611389745,0.3722667611389745,0.0,0.0,2.4773348217766267,-2.4773348217766267,-0.3722667611389745,0.0,-0.3722667611389745,0.0,0.0,,
2055517369221743052,anorth_chen,2026-05-16,unclassified,未分类,14.0,0.2499,1.5151272329628591,0.3786302955174185,-0.3786302955174185,0.0757260591034837,0.0,0.3786302955174185,0.0,0.3339732304889583,1.5151272329628591,1.5151272329628591,0.3786302955174185,1.1677399257320302,0.0,0.1948074839781996,-0.3786302955174185,-0.5060119365944025,-0.3786302955174185,-0.3786302955174185,-0.3786302955174185,0.0,0.0,0.0,0.5060119365944026,-0.3786302955174185,0.3786302955174185,0.0,0.0,2.6369979076342775,-2.6369979076342775,-0.3786302955174185,0.0,-0.3786302955174185,0.0,0.0,,
2055540125317390636,anorth_chen,2026-05-16,unclassified,未分类,14.0,0.25,1.5151272329628591,0.3787818082407148,-0.3787818082407148,0.07575636164814296,0.0,0.3787818082407148,0.0,0.22100927847428228,1.5151272329628591,1.5151272329628591,0.3787818082407148,0.772760613339579,0.0,0.1730106952573256,0.0,-0.33485717655385727,-0.3787818082407148,-0.3787818082407148,-0.3787818082407148,0.0,0.0,0.0,0.33485717655385727,-0.3787818082407148,0.3787818082407148,0.0,0.0,2.3783139562671383,-2.3783139562671383,-0.3787818082407148,0.0,-0.3787818082407148,0.0,0.0,,
2054379443053850704,appinn,2026-05-13,ai_tech,AI / 大模型,39.0,-0.2266,0.173953307123438,-0.03941781939417105,0.03941781939417105,-0.00788356387883421,0.0,0.0,-0.03941781939417105,-0.26307445315073813,-0.173953307123438,0.173953307123438,-0.03941781939417105,-0.3646986309575671,0.0,0.03941781939417105,0.03941781939417105,0.04576267114526085,0.03941781939417105,0.03941781939417105,0.0,0.03941781939417105,0.0,0.04576267114526086,0.0,-0.03941781939417105,-0.03941781939417105,0.0,0.0,-1.678635651492005,1.678635651492005,0.03941781939417105,0.03941781939417105,0.0,0.0,0.03941781939417105,0.0022482547976074,0.0105622304188508
2054387002703745077,appinn,2026-05-13,ai_tech,AI / 大模型,39.0,-0.2462,0.173953307123438,-0.04282730421379044,0.04282730421379044,-0.008565460842758088,0.0,0.0,-0.04282730421379044,-0.0,-0.173953307123438,0.173953307123438,-0.04282730421379044,-0.0,0.0,0.04282730421379044,0.0,0.02141365210689522,0.04282730421379044,0.04282730421379044,0.0,0.04282730421379044,0.0,0.0,0.0,-0.04282730421379044,-0.04282730421379044,0.0,0.0,-1.7760297574588095,1.7760297574588095,0.04282730421379044,0.04282730421379044,0.0,0.0,0.0,0.0022482547976074,0.0105622304188508
2054404635461361897,appinn,2026-05-13,ai_tech,AI / 大模型,39.0,0.0665,0.173953307123438,0.011567894923708629,-0.011567894923708629,0.002313578984741726,0.0,0.011567894923708629,0.0,0.0665,0.173953307123438,0.173953307123438,0.011567894923708629,0.09218857501447272,0.0,-0.011567894923708629,0.0,-0.011567894923708629,0.0,-0.011567894923708629,0.0,0.0,0.0,0.0,0.0,-0.011567894923708629,0.011567894923708629,0.0,0.0,0.48566080840724724,-0.48566080840724724,-0.011567894923708629,0.0,0.0,0.0,0.0,0.0022482547976074,0.0105622304188508
2054452443723837925,appinn,2026-05-13,ai_tech,AI / 大模型,39.0,-0.1317,0.173953307123438,-0.022909650548156787,0.022909650548156787,-0.0045819301096313575,0.0,0.0,-0.022909650548156787,-0.1528989650483328,-0.173953307123438,0.173953307123438,-0.022909650548156787,-0.21196297306757103,0.0,-0.000649425679927498,0.022909650548156787,0.02659728062590845,0.0,0.022909650548156787,0.0,0.022909650548156787,0.0,0.02659728062590845,0.0,-0.022909650548156787,-0.022909650548156787,0.0,0.0,-0.941126154397985,0.941126154397985,0.022909650548156787,0.0,0.0,0.0,0.022909650548156787,0.0022482547976074,0.0071077162744499
2054455952552697994,appinn,2026-05-13,ai_tech,AI / 大模型,39.0,0.2446,0.173953307123438,0.04254897892239294,-0.04254897892239294,0.008509795784478589,0.0,0.04254897892239294,0.0,0.1223,0.173953307123438,0.173953307123438,0.04254897892239294,0.16954380036496264,0.0,-0.06594569873049536,0.0,-0.02127448946119647,-0.04254897892239294,-0.04254897892239294,-0.04254897892239294,0.0,0.0,0.0,0.02127448946119647,-0.04254897892239294,0.04254897892239294,0.0,0.0,1.905705386295213,-1.905705386295213,-0.04254897892239294,0.0,-0.04254897892239294,0.0,0.0,0.0022482547976074,0.0071077162744499
2054464974894854635,appinn,2026-05-13,ai_tech,AI / 大模型,39.0,0.2351,0.173953307123438,0.040896422504720274,-0.040896422504720274,0.008179284500944056,0.0,0.040896422504720274,0.0,0.0,0.173953307123438,0.173953307123438,0.040896422504720274,0.0,0.0,-0.051104002566723615,0.0,-0.020448211252360137,-0.040896422504720274,-0.040896422504720274,-0.040896422504720274,0.0,0.0,0.0,0.0,-0.040896422504720274,0.040896422504720274,0.0,0.0,1.6717246585123222,-1.6717246585123222,-0.040896422504720274,0.0,-0.040896422504720274,0.0,0.0,0.0022482547976074,0.0071077162744499
2054489865664749920,appinn,2026-05-13,ai_tech,AI / 大模型,37.0,0.2487,0.173953307123438,0.04326218748159903,-0.04326218748159903,0.008652437496319807,0.0,0.04326218748159903,0.0,0.2487,0.173953307123438,0.173953307123438,0.04326218748159903,0.3447714076105168,0.0,-0.044952433782481774,0.0,-0.04326218748159903,-0.04326218748159903,-0.04326218748159903,-0.04326218748159903,0.0,0.0,0.0,0.04326218748159903,-0.04326218748159903,0.04326218748159903,0.0,0.0,1.9852269454560574,-1.9852269454560574,-0.04326218748159903,0.0,-0.04326218748159903,0.0,0.0,0.0022482547976074,0.0071077162744499
2054497554809618512,appinn,2026-05-13,ai_tech,AI / 大模型,37.0,0.1353,0.173953307123438,0.023535882453801164,-0.023535882453801164,0.004707176490760233,0.0,0.023535882453801164,0.0,0.39110898461994326,0.173953307123438,0.173953307123438,0.023535882453801164,0.5421921799619533,0.0,-0.01880435250004365,-0.023535882453801164,-0.06803470132032899,0.0,-0.023535882453801164,0.0,0.0,0.0,0.0,0.06803470132032899,-0.023535882453801164,0.023535882453801164,0.0,0.0,1.208599807897358,-1.208599807897358,-0.023535882453801164,0.0,0.0,0.0,0.0,0.0022482547976074,0.0071077162744499
2054766814526071231,appinn,2026-05-14,ai_tech,AI / 大模型,37.0,0.0384,0.173953307123438,0.006679806993540019,-0.006679806993540019,0.001335961398708004,0.0,0.006679806993540019,0.0,0.12138101942183734,0.173953307123438,0.173953307123438,0.006679806993540019,0.16826982277147703,0.0,0.00040226702272295073,-0.006679806993540019,-0.02003942098062006,0.0,-0.006679806993540019,0.0,0.0,0.0,0.0,0.0,-0.006679806993540019,0.006679806993540019,0.0,0.0,0.36723952307059515,-0.36723952307059515,-0.006679806993540019,0.0,0.0,0.0,0.0,0.0051926185114692,0.0071077162744499
2054811998265786809,appinn,2026-05-14,ai_tech,AI / 大模型,37.0,-0.1983,0.173953307123438,-0.034494940802577756,0.034494940802577756,-0.006898988160515551,0.0,0.0,-0.034494940802577756,-0.1983,-0.173953307123438,0.173953307123438,-0.034494940802577756,-0.2749021718100743,0.0,0.041532318482982625,0.0,0.034494940802577756,0.0,0.034494940802577756,0.0,0.034494940802577756,0.0,0.034494940802577756,0.0,-0.034494940802577756,-0.034494940802577756,0.0,0.0,-1.624531846886577,1.624531846886577,0.034494940802577756,0.0,0.0,0.0,0.034494940802577756,0.0051926185114692,-0.015087714031981
2054822124771037241,appinn,2026-05-14,ai_tech,AI / 大模型,37.0,0.1522,0.173953307123438,0.026475693344187267,-0.026475693344187267,0.005295138668837454,0.0,0.026475693344187267,0.0,0.1522,0.173953307123438,0.173953307123438,0.026475693344187267,0.21099400176244734,0.0,-0.02359154751208066,0.0,-0.026475693344187267,0.0,-0.026475693344187267,-0.026475693344187267,0.0,0.0,0.0,0.026475693344187267,-0.026475693344187267,0.026475693344187267,0.0,0.0,1.2728297014830523,-1.2728297014830523,-0.026475693344187267,0.0,0.0,0.0,0.0,0.0051926185114692,-0.015087714031981
2055110478544711818,appinn,2026-05-15,ai_tech,AI / 大模型,37.0,-0.2278,0.173953307123438,-0.03962656336271918,0.03962656336271918,-0.007925312672543835,0.0,0.0,-0.03962656336271918,-0.1139,-0.173953307123438,0.173953307123438,-0.03962656336271918,-0.15789892773155553,0.0,0.044655395332287656,0.0,0.01981328168135959,0.03962656336271918,0.03962656336271918,0.0,0.03962656336271918,0.0,0.01981328168135959,0.0,-0.03962656336271918,-0.03962656336271918,0.0,0.0,-1.8365503853515297,1.8365503853515297,0.03962656336271918,0.03962656336271918,0.0,0.0,0.0,-0.0128940329861121,-0.015087714031981
2055115370558525621,appinn,2026-05-15,ai_tech,AI / 大模型,37.0,0.5098,0.173953307123438,0.0886813959715287,-0.0886813959715287,0.017736279194305742,0.0,0.0886813959715287,0.0,0.2549,0.173953307123438,0.173953307123438,0.0886813959715287,0.3533664326494601,0.0,-0.08737384694631754,0.0,-0.04434069798576435,-0.0886813959715287,-0.0886813959715287,-0.0886813959715287,0.0,0.0,0.0,0.04434069798576435,-0.0886813959715287,0.0886813959715287,0.0,0.0,3.672296134648162,-3.672296134648162,-0.0886813959715287,0.0,-0.0886813959715287,0.0,0.0,-0.0128940329861121,-0.015087714031981
2055146816019054872,appinn,2026-05-15,ai_tech,AI / 大模型,37.0,0.1441,0.173953307123438,0.025066671556487417,-0.025066671556487417,0.005013334311297484,0.0,0.025066671556487417,0.0,0.24925204812281732,0.173953307123438,0.173953307123438,0.025066671556487417,0.34553670881024523,0.0,-0.01703805738155951,-0.025066671556487417,-0.043358218078254386,0.0,-0.025066671556487417,0.0,0.0,0.0,0.0,0.04335821807825439,-0.025066671556487417,0.025066671556487417,0.0,0.0,1.2733005371568986,-1.2733005371568986,-0.025066671556487417,0.0,0.0,0.0,0.0,-0.0128940329861121,
2055150794685497361,appinn,2026-05-15,ai_tech,AI / 大模型,37.0,-0.0926,0.173953307123438,-0.01610807623963036,0.01610807623963036,-0.003221615247926072,0.0,0.0,-0.01610807623963036,-0.0463,-0.173953307123438,0.173953307123438,-0.01610807623963036,-0.06418542891985093,0.0,0.025353694513241095,0.0,0.00805403811981518,0.0,0.01610807623963036,0.0,0.0,0.0,0.0,0.0,-0.01610807623963036,-0.01610807623963036,0.0,0.0,-0.6908946666292066,0.6908946666292066,0.01610807623963036,0.0,0.0,0.0,0.0,-0.0128940329861121,
2055386054539071496,appinn,2026-05-15,ai_tech,AI / 大模型,37.0,-0.1972,0.173953307123438,-0.03430359216474197,0.03430359216474197,-0.006860718432948394,0.0,0.0,-0.03430359216474197,-0.0986,-0.173953307123438,0.173953307123438,-0.03430359216474197,-0.1366886240064212,0.0,0.041858964137469964,0.0,0.017151796082370985,0.0,0.03430359216474197,0.0,0.03430359216474197,0.0,0.017151796082370985,0.0,-0.03430359216474197,-0.03430359216474197,0.0,0.0,-1.4580727988092492,1.4580727988092492,0.03430359216474197,0.0,0.0,0.0,0.0,,
2055550932310536675,appinn,2026-05-16,ai_tech,AI / 大模型,37.0,-0.2498,0.173953307123438,-0.04345353611943482,0.04345353611943482,-0.008690707223886963,0.0,0.0,-0.04345353611943482,-0.19796181634007243,-0.173953307123438,0.173953307123438,-0.04345353611943482,-0.27443334970929384,0.0,0.05134985657412474,0.0,0.034436112636518246,0.04345353611943482,0.04345353611943482,0.0,0.04345353611943482,0.0,0.034436112636518246,0.0,-0.04345353611943482,-0.04345353611943482,0.0,0.0,-1.9304482904179685,1.9304482904179685,0.04345353611943482,0.04345353611943482,0.0,0.0,0.0,,
2055872861068235178,appinn,2026-05-17,ai_tech,AI / 大模型,37.0,0.2498,0.173953307123438,0.04345353611943482,-0.04345353611943482,0.008690707223886963,0.0,0.04345353611943482,0.0,0.3747,0.173953307123438,0.173953307123438,0.04345353611943482,0.519444497111623,0.0,-0.03559896445845451,-0.04345353611943482,-0.06518030417915223,-0.04345353611943482,-0.04345353611943482,-0.04345353611943482,0.0,0.0,0.0,0.06518030417915222,-0.04345353611943482,0.04345353611943482,0.0,0.0,1.9080219214225875,-1.9080219214225875,-0.04345353611943482,0.0,-0.04345353611943482,0.0,0.0,,
2055905834249359777,appinn,2026-05-17,ai_tech,AI / 大模型,37.0,-0.1154,0.173953307123438,-0.020074211642044745,0.020074211642044745,-0.00401484232840895,0.0,0.0,-0.020074211642044745,-0.19960920439537208,-0.173953307123438,0.173953307123438,-0.020074211642044745,-0.276717114480932,0.0,0.030054492716073463,0.020074211642044745,0.03472268123685327,0.0,0.020074211642044745,0.0,0.020074211642044745,0.0,0.03472268123685327,0.0,-0.020074211642044745,-0.020074211642044745,0.0,0.0,-0.8820026195437068,0.8820026195437068,0.020074211642044745,0.0,0.0,0.0,0.020074211642044745,,
2055948549792075986,appinn,2026-05-17,ai_tech,AI / 大模型,37.0,-0.2141,0.173953307123438,-0.03724340305512808,0.03724340305512808,-0.007448680611025616,0.0,0.0,-0.03724340305512808,-0.10705,-0.173953307123438,0.173953307123438,-0.03724340305512808,-0.1484028113578843,0.0,0.04741271338956427,0.0,0.01862170152756404,0.03724340305512808,0.03724340305512808,0.0,0.03724340305512808,0.0,0.01862170152756404,0.0,-0.03724340305512808,-0.03724340305512808,0.0,0.0,-1.4551999580826467,1.4551999580826467,0.03724340305512808,0.03724340305512808,0.0,0.0,0.0,,
2055950816301691262,appinn,2026-05-17,ai_tech,AI / 大模型,37.0,0.2162,0.173953307123438,0.0376087050000873,-0.0376087050000873,0.00752174100001746,0.0,0.0376087050000873,0.0,0.1081,0.173953307123438,0.173953307123438,0.0376087050000873,0.14985842043706019,0.0,-0.03275888679748584,0.0,-0.01880435250004365,-0.0376087050000873,-0.0376087050000873,-0.0376087050000873,0.0,0.0,0.0,0.01880435250004365,-0.0376087050000873,0.0376087050000873,0.0,0.0,1.5449618419198505,-1.5449618419198505,-0.0376087050000873,0.0,-0.0376087050000873,0.0,0.0,,
2055988715244188037,appinn,2026-05-17,ai_tech,AI / 大模型,37.0,0.0395,0.173953307123438,0.006871155631375802,-0.006871155631375802,0.0013742311262751605,0.0,0.006871155631375802,0.0,0.09875,0.173953307123438,0.173953307123438,0.006871155631375802,0.1368965681605892,0.0,-0.0022405185957498804,-0.006871155631375802,-0.017177889078439503,0.0,-0.006871155631375802,0.0,0.0,0.0,0.0,0.0,-0.006871155631375802,0.006871155631375802,0.0,0.0,0.33929314534701793,-0.33929314534701793,-0.006871155631375802,0.0,0.0,0.0,0.0,,
2055997728585355383,appinn,2026-05-17,ai_tech,AI / 大模型,37.0,-0.2489,0.173953307123438,-0.043296978143023725,0.043296978143023725,-0.008659395628604745,0.0,0.0,-0.043296978143023725,-0.12445,-0.173953307123438,0.173953307123438,-0.043296978143023725,-0.1725243332413704,0.0,0.04550154638863476,0.0,0.021648489071511862,0.043296978143023725,0.043296978143023725,0.0,0.043296978143023725,0.0,0.021648489071511862,0.0,-0.043296978143023725,-0.043296978143023725,0.0,0.0,-1.7827207370918383,1.7827207370918383,0.043296978143023725,0.043296978143023725,0.0,0.0,0.0,,
2055997730623717568,appinn,2026-05-17,ai_tech,AI / 大模型,37.0,-0.2466,0.173953307123438,-0.04289688553663982,0.04289688553663982,-0.008579377107327963,0.0,0.0,-0.04289688553663982,-0.2862937340996118,-0.173953307123438,0.173953307123438,-0.04289688553663982,-0.39688738920624916,0.0,0.040645929742462526,0.04289688553663982,0.049801741855345666,0.04289688553663982,0.04289688553663982,0.0,0.04289688553663982,0.0,0.049801741855345666,0.0,-0.04289688553663982,-0.04289688553663982,0.0,0.0,-1.887351844722465,1.887351844722465,0.04289688553663982,0.04289688553663982,0.0,0.0,0.04289688553663982,,
2046945894269170070,austinit,2026-04-22,ai_tools,AI 工具 / Agent,1.0,0.25,4.61512051684126,1.153780129210315,-1.153780129210315,1.153780129210315,1.153780129210315,1.153780129210315,0.0,0.2902410118609203,4.61512051684126,4.61512051684126,1.153780129210315,0.40235947810852507,-1.153780129210315,-1.153780129210315,-1.153780129210315,-1.3394972486681005,-1.153780129210315,-1.153780129210315,-1.153780129210315,0.0,0.0,0.0,1.3394972486681005,-1.153780129210315,1.153780129210315,-1.153780129210315,1.153780129210315,1.9154993897254733,-1.9154993897254733,-1.153780129210315,0.0,-1.153780129210315,0.0,0.0,0.0059472285495556,-0.0056326456990668
2047509937010684212,austinit,2026-04-24,ai_tools,AI 工具 / Agent,1.0,-0.1592,4.61512051684126,-0.7347271862811285,0.7347271862811285,-0.7347271862811285,-0.7347271862811285,0.0,-0.7347271862811285,-0.12616301505740404,-4.61512051684126,4.61512051684126,-0.7347271862811285,-0.17489907635596308,0.7347271862811285,0.7347271862811285,0.0,0.5822575192579782,0.0,0.7347271862811285,0.0,0.7347271862811285,0.0,0.5822575192579782,0.0,-0.7347271862811285,-0.7347271862811285,0.7347271862811285,-0.7347271862811285,-1.3462220235408915,1.3462220235408915,0.7347271862811285,0.0,0.0,0.0,0.0,0.0103314990272846,0.0191274788915629
2047514231634038929,austinit,2026-04-24,ai_tools,AI 工具 / Agent,1.0,0.25,4.61512051684126,1.153780129210315,-1.153780129210315,1.153780129210315,1.153780129210315,1.153780129210315,0.0,0.25,4.61512051684126,4.61512051684126,1.153780129210315,0.34657359027997264,-1.153780129210315,-1.153780129210315,0.0,-1.153780129210315,-1.153780129210315,-1.153780129210315,-1.153780129210315,0.0,0.0,0.0,1.153780129210315,-1.153780129210315,1.153780129210315,-1.153780129210315,1.153780129210315,1.928892383630052,-1.928892383630052,-1.153780129210315,0.0,-1.153780129210315,0.0,0.0,0.0103314990272846,0.0191274788915629
2047518444422352940,austinit,2026-04-24,ai_tools,AI 工具 / Agent,1.0,-0.0377,4.61512051684126,-0.17399004348491548,0.17399004348491548,-0.17399004348491548,-0.17399004348491548,0.0,-0.17399004348491548,-0.0,-4.61512051684126,4.61512051684126,-0.17399004348491548,-0.0,0.17399004348491548,0.6982677341980825,0.0,0.08699502174245774,0.0,0.17399004348491548,0.0,0.0,0.0,0.0,0.0,-0.17399004348491548,-0.17399004348491548,0.17399004348491548,-0.17399004348491548,-0.2989687739920125,0.2989687739920125,0.17399004348491548,0.0,0.0,0.0,0.0,0.0103314990272846,0.0191274788915629
2047525841639522758,austinit,2026-04-24,ai_tools,AI 工具 / Agent,1.0,0.2495,4.61512051684126,1.1514725689518943,-1.1514725689518943,1.1514725689518943,1.1514725689518943,1.1514725689518943,0.0,0.3954481439299285,4.61512051684126,4.61512051684126,1.1514725689518943,0.5482075320453867,-1.1514725689518943,-0.8017618117882479,-1.1514725689518943,-1.8250408423978084,-1.1514725689518943,-1.1514725689518943,-1.1514725689518943,0.0,0.0,0.0,1.8250408423978084,-1.1514725689518943,1.1514725689518943,-1.1514725689518943,1.1514725689518943,2.221060812732259,-2.221060812732259,-1.1514725689518943,0.0,-1.1514725689518943,0.0,0.0,0.0103314990272846,0.0191274788915629
2048017069061623821,austinit,2026-04-25,ai_tools,AI 工具 / Agent,1.0,0.2494,4.61512051684126,1.15101105690021,-1.15101105690021,1.15101105690021,1.15101105690021,1.15101105690021,0.0,0.1976448238399282,4.61512051684126,4.61512051684126,1.15101105690021,0.27399390479382657,-1.15101105690021,-0.6409479373789142,0.0,-0.9121546815511291,-1.15101105690021,-1.15101105690021,-1.15101105690021,0.0,0.0,0.0,0.9121546815511292,-1.15101105690021,1.15101105690021,-1.15101105690021,1.15101105690021,1.8704941493134593,-1.8704941493134593,-1.15101105690021,0.0,-1.15101105690021,0.0,0.0,-0.0026208225584166,0.0005271669328243
2049498722766389546,austinit,2026-04-29,ai_tools,AI 工具 / Agent,1.0,0.25,4.61512051684126,1.153780129210315,-1.153780129210315,1.153780129210315,1.153780129210315,1.153780129210315,0.0,0.3962406251802891,4.61512051684126,4.61512051684126,1.153780129210315,0.5493061443340549,-1.153780129210315,-0.5368923534591998,-1.153780129210315,-1.8286982388755595,-1.153780129210315,-1.153780129210315,-1.153780129210315,0.0,0.0,0.0,1.8286982388755595,-1.153780129210315,1.153780129210315,-1.153780129210315,1.153780129210315,2.0576443042866135,-2.0576443042866135,-1.153780129210315,0.0,-1.153780129210315,0.0,0.0,-0.0007867997170845,0.0093262736246331
2049659335962472605,austinit,2026-04-30,ai_tools,AI 工具 / Agent,1.0,0.25,4.61512051684126,1.153780129210315,-1.153780129210315,1.153780129210315,1.153780129210315,1.153780129210315,0.0,0.19812031259014454,4.61512051684126,4.61512051684126,1.153780129210315,0.27465307216702745,-1.153780129210315,-0.46019344582217125,0.0,-0.9143491194377797,-1.153780129210315,-1.153780129210315,-1.153780129210315,0.0,0.0,0.0,0.9143491194377797,-1.153780129210315,1.153780129210315,-1.153780129210315,1.153780129210315,1.646887503706199,-1.646887503706199,-1.153780129210315,0.0,-1.153780129210315,0.0,0.0,-0.0037034587110436,0.0093262736246331
2049862199704011077,austinit,2026-04-30,ai_tools,AI 工具 / Agent,1.0,0.2496,4.61512051684126,1.1519340810035783,-1.1519340810035783,1.1519340810035783,1.1519340810035783,1.1519340810035783,0.0,0.2897766262419428,4.61512051684126,4.61512051684126,1.1519340810035783,0.4017157029435514,-1.1519340810035783,-0.4008232168876633,-1.1519340810035783,-1.3373540530702315,-1.1519340810035783,-1.1519340810035783,-1.1519340810035783,0.0,0.0,0.0,1.3373540530702315,-1.1519340810035783,1.1519340810035783,-1.1519340810035783,1.1519340810035783,1.8361274571870667,-1.8361274571870667,-1.1519340810035783,0.0,-1.1519340810035783,0.0,0.0,0.0042453003484062,0.0095995960604928
2050038431217312088,austinit,2026-05-01,ai_tools,AI 工具 / Agent,1.0,0.1439,4.61512051684126,0.6641158423734572,-0.6641158423734572,0.6641158423734572,0.6641158423734572,0.6641158423734572,0.0,0.1439,4.61512051684126,4.61512051684126,0.6641158423734572,0.19948775856515225,-0.6641158423734572,0.1315309347299759,0.0,-0.6641158423734572,0.0,-0.6641158423734572,0.0,0.0,0.0,0.0,0.6641158423734572,-0.6641158423734572,0.6641158423734572,-0.6641158423734572,0.6641158423734572,1.0323326022130026,-1.0323326022130026,-0.6641158423734572,0.0,0.0,0.0,0.0,0.0109276672560474,0.0095995960604928
2050559671308849648,austinit,2026-05-02,ai_tools,AI 工具 / Agent,1.0,0.25,4.61512051684126,1.153780129210315,-1.153780129210315,1.153780129210315,1.153780129210315,1.153780129210315,0.0,0.0,4.61512051684126,4.61512051684126,0.0,0.0,-1.153780129210315,-0.37128644557987933,0.0,-0.5768900646051575,-1.153780129210315,0.0,-1.153780129210315,0.0,0.0,0.0,0.0,-1.153780129210315,1.153780129210315,-1.153780129210315,1.153780129210315,0.0,-0.0,-1.153780129210315,0.0,-1.153780129210315,-1.153780129210315,0.0,0.0012905781817413,-0.0018838826451929
2052395493830046073,austinit,2026-05-07,ai_tools,AI 工具 / Agent,1.0,0.2001,4.61512051684126,0.923485615419936,-0.923485615419936,0.923485615419936,0.923485615419936,0.923485615419936,0.0,0.1585754981971517,4.61512051684126,4.61512051684126,0.923485615419936,0.21983231896248875,-0.923485615419936,-0.10723861855496601,0.0,-0.7318450351979989,-0.923485615419936,-0.923485615419936,-0.923485615419936,0.0,0.0,0.0,0.7318450351979989,-0.923485615419936,0.923485615419936,-0.923485615419936,0.923485615419936,1.4180562606955665,-1.4180562606955665,-0.923485615419936,0.0,-0.923485615419936,0.0,0.0,-0.0006719346482695,0.0234408408929045
2053112382558511408,austinit,2026-05-09,ai_tools,AI 工具 / Agent,1.0,-0.2471,4.61512051684126,-1.1403962797114753,1.1403962797114753,-1.1403962797114753,-1.1403962797114753,0.0,-1.1403962797114753,-0.31937211696409884,-4.61512051684126,4.61512051684126,-1.1403962797114753,-0.44274376484625233,1.1403962797114753,1.9655798281226922,1.1403962797114753,1.473940809508039,1.1403962797114753,1.1403962797114753,0.0,1.1403962797114753,0.0,1.473940809508039,0.0,-1.1403962797114753,-1.1403962797114753,1.1403962797114753,-1.1403962797114753,-2.0296605204783797,2.0296605204783797,1.1403962797114753,1.1403962797114753,0.0,0.0,1.1403962797114753,-0.0017999582175547,0.0028963874065546
2054041031839269252,austinit,2026-05-12,ai_tools,AI 工具 / Agent,1.0,0.0955,4.61512051684126,0.4407440093583403,-0.4407440093583403,0.4407440093583403,0.4407440093583403,0.4407440093583403,0.0,0.15862206653087157,4.61512051684126,4.61512051684126,0.4407440093583403,0.2198968763809314,-0.4407440093583403,0.2332410907357467,-0.4407440093583403,-0.7320599536703847,0.0,-0.4407440093583403,0.0,0.0,0.0,0.0,0.0,-0.4407440093583403,0.4407440093583403,-0.4407440093583403,0.4407440093583403,0.8136399275486647,-0.8136399275486647,-0.4407440093583403,0.0,0.0,0.0,0.0,-0.0116490863849201,-0.008481806809764
2054383309493539259,austinit,2026-05-13,ai_tools,AI 工具 / Agent,1.0,-0.25,4.61512051684126,-1.153780129210315,1.153780129210315,-1.153780129210315,-1.153780129210315,0.0,-1.153780129210315,-0.4625549647676365,-4.61512051684126,4.61512051684126,-1.153780129210315,-0.6412373393653842,1.153780129210315,1.8111051513947058,1.153780129210315,2.1347469080659054,1.153780129210315,1.153780129210315,0.0,1.153780129210315,0.0,2.1347469080659054,0.0,-1.153780129210315,-1.153780129210315,1.153780129210315,-1.153780129210315,-2.054089583096539,2.054089583096539,1.153780129210315,1.153780129210315,0.0,0.0,1.153780129210315,0.0022482547976074,0.0105622304188508
2054917763433635884,austinit,2026-05-14,ai_tools,AI 工具 / Agent,1.0,0.5343,4.61512051684126,2.465858892148285,-2.465858892148285,2.465858892148285,2.465858892148285,2.465858892148285,0.0,0.5343,4.61512051684126,4.61512051684126,2.465858892148285,0.7406970771463576,-2.465858892148285,-1.9292742133902079,0.0,-2.465858892148285,-2.465858892148285,-2.465858892148285,-2.465858892148285,0.0,0.0,0.0,2.465858892148285,-2.465858892148285,2.465858892148285,-2.465858892148285,2.465858892148285,4.654524165382021,-4.654524165382021,-2.465858892148285,0.0,-2.465858892148285,0.0,0.0,0.0027077233111423,-0.015087714031981
2054918115016991058,austinit,2026-05-14,ai_tools,AI 工具 / Agent,1.0,-0.0496,4.61512051684126,-0.22890997763532647,0.22890997763532647,-0.22890997763532647,-0.22890997763532647,0.0,-0.22890997763532647,-0.0496,-4.61512051684126,4.61512051684126,-0.22890997763532647,-0.06876020031154657,0.22890997763532647,0.8529665739226016,0.0,0.22890997763532647,0.0,0.22890997763532647,0.0,0.0,0.0,0.0,0.0,-0.22890997763532647,-0.22890997763532647,0.22890997763532647,-0.22890997763532647,-0.3978543065351422,0.3978543065351422,0.22890997763532647,0.0,0.0,0.0,0.0,0.0027077233111423,-0.015087714031981
2055632355872981368,austinit,2026-05-16,ai_tools,AI 工具 / Agent,1.0,0.1678,4.61512051684126,0.7744172227259634,-0.7744172227259634,0.7744172227259634,0.7744172227259634,0.7744172227259634,0.0,0.0839,4.61512051684126,4.61512051684126,0.7744172227259634,0.11631009689795882,-0.7744172227259634,-0.1166394791956348,0.0,-0.3872086113629817,0.0,-0.7744172227259634,-0.7744172227259634,0.0,0.0,0.0,0.3872086113629817,-0.7744172227259634,0.7744172227259634,-0.7744172227259634,0.7744172227259634,1.2171323302144639,-1.2171323302144639,-0.7744172227259634,0.0,0.0,0.0,0.0,,
2055639827891318890,austinit,2026-05-16,ai_tools,AI 工具 / Agent,1.0,0.25,4.61512051684126,1.153780129210315,-1.153780129210315,1.153780129210315,1.153780129210315,1.153780129210315,0.0,0.6824289523296622,4.61512051684126,4.61512051684126,1.153780129210315,0.9460474084795653,-1.153780129210315,-0.5212932461122765,-1.153780129210315,-3.14949185918311,-1.153780129210315,-1.153780129210315,-1.153780129210315,0.0,0.0,0.0,3.14949185918311,-1.153780129210315,1.153780129210315,-1.153780129210315,1.153780129210315,2.452760815536212,-2.452760815536212,-1.153780129210315,0.0,-1.153780129210315,0.0,0.0,,
2054819224489427392,bearliu,2026-05-14,ai_tech,AI / 大模型,44.0,0.25,0.32208349916911333,0.08052087479227833,-0.08052087479227833,0.016104174958455668,0.0,0.08052087479227833,0.0,0.05691756217423825,0.32208349916911333,0.32208349916911333,0.08052087479227833,0.17328679513998632,0.0,-0.08052087479227833,0.0,-0.040260437396139166,-0.08052087479227833,-0.08052087479227833,-0.08052087479227833,0.0,0.0,0.0,0.01833220758925422,-0.08052087479227833,0.08052087479227833,0.0,0.0,1.9200439101091475,-1.9200439101091475,-0.08052087479227833,0.0,-0.08052087479227833,0.0,0.0,0.0051926185114692,-0.015087714031981
2054866062932406535,bearliu,2026-05-14,ai_tech,AI / 大模型,44.0,0.044,0.32208349916911333,0.014171673963440986,-0.014171673963440986,0.002834334792688197,0.0,0.014171673963440986,0.0,0.05435755803273564,0.32208349916911333,0.32208349916911333,0.014171673963440986,0.16549280509051673,0.0,-0.014171673963440986,-0.014171673963440986,-0.01750767249747164,0.0,-0.014171673963440986,0.0,0.0,0.0,0.0,0.0,-0.014171673963440986,0.014171673963440986,0.0,0.0,0.39312761901673776,-0.39312761901673776,-0.014171673963440986,0.0,0.0,0.0,0.0,0.0051926185114692,-0.015087714031981
2054912141165994041,bearliu,2026-05-14,ai_tech,AI / 大模型,44.0,-0.2256,0.32208349916911333,-0.07266203741255196,0.07266203741255196,-0.014532407482510393,0.0,0.0,-0.07266203741255196,-0.2256,-0.32208349916911333,0.32208349916911333,-0.07266203741255196,-0.6868442619504043,0.0,0.07266203741255196,0.0,0.07266203741255196,0.07266203741255196,0.07266203741255196,0.0,0.07266203741255196,0.0,0.07266203741255196,0.0,-0.07266203741255196,-0.07266203741255196,0.0,0.0,-1.83991447539457,1.83991447539457,0.07266203741255196,0.07266203741255196,0.0,0.0,0.07266203741255196,0.0051926185114692,-0.015087714031981
2054951878853550116,bearliu,2026-05-14,ai_tech,AI / 大模型,44.0,0.2263,0.32208349916911333,0.07288749586197035,-0.07288749586197035,0.014577499172394072,0.0,0.07288749586197035,0.0,0.22975784265135796,0.32208349916911333,0.32208349916911333,0.07288749586197035,0.699502907194987,0.0,-0.06554399208091456,0.0,-0.07400120992269593,-0.07288749586197035,-0.07288749586197035,-0.07288749586197035,0.0,0.0,0.0,0.07400120992269592,-0.07288749586197035,0.07288749586197035,0.0,0.0,1.9810308638497514,-1.9810308638497514,-0.07288749586197035,0.0,-0.07288749586197035,0.0,0.0,-0.0005269283134595,-0.015087714031981
2055067691053195352,bearliu,2026-05-14,ai_tech,AI / 大模型,44.0,-0.2273,0.32208349916911333,-0.07320957936113946,0.07320957936113946,-0.014641915872227892,0.0,0.0,-0.07320957936113946,-0.12015849611206054,-0.32208349916911333,0.32208349916911333,-0.07320957936113946,-0.365825237496271,0.0,0.09693908116242388,0.0,0.03870106888267076,0.07320957936113946,0.07320957936113946,0.0,0.07320957936113946,0.0,0.03870106888267076,0.0,-0.07320957936113946,-0.07320957936113946,0.0,0.0,-1.8621083650898584,1.8621083650898584,0.07320957936113946,0.07320957936113946,0.0,0.0,0.0,-0.0128940329861121,-0.015087714031981
2055081987031916868,bearliu,2026-05-15,ai_tech,AI / 大模型,44.0,0.198,0.32208349916911333,0.06377253283548444,-0.06377253283548444,0.012754506567096889,0.0,0.06377253283548444,0.0,0.10466952147025073,0.32208349916911333,0.32208349916911333,0.06377253283548444,0.31866870666195185,0.0,-0.059430847266684794,0.0,-0.03371232573149499,0.0,-0.06377253283548444,-0.06377253283548444,0.0,0.0,0.0,0.03371232573149499,-0.06377253283548444,0.06377253283548444,0.0,0.0,1.5152040471533963,-1.5152040471533963,-0.06377253283548444,0.0,0.0,0.0,0.0,-0.0128940329861121,-0.015087714031981
2055096279697592673,bearliu,2026-05-15,ai_tech,AI / 大模型,44.0,0.0296,0.32208349916911333,0.009533671575405755,-0.009533671575405755,0.001906734315081151,0.0,0.009533671575405755,0.0,0.07487838063189847,0.32208349916911333,0.32208349916911333,0.009533671575405755,0.2279689099342099,0.0,0.004713155204508027,-0.009533671575405755,-0.024117090846038622,0.0,-0.009533671575405755,0.0,0.0,0.0,0.0,0.0,-0.009533671575405755,0.009533671575405755,0.0,0.0,0.42292643779073613,-0.42292643779073613,-0.009533671575405755,0.0,0.0,0.0,0.0,-0.0128940329861121,-0.015087714031981
2055157632269451525,bearliu,2026-05-15,ai_tech,AI / 大模型,44.0,0.2242,0.32208349916911333,0.07221112051371521,-0.07221112051371521,0.014442224102743043,0.0,0.07221112051371521,0.0,0.17658208509161044,0.32208349916911333,0.32208349916911333,0.07221112051371521,0.5376081201613947,0.0,-0.05863760162015972,0.0,-0.056874175856884014,-0.07221112051371521,-0.07221112051371521,-0.07221112051371521,0.0,0.0,0.0,0.056874175856884014,-0.07221112051371521,0.07221112051371521,0.0,0.0,1.870784741274085,-1.870784741274085,-0.07221112051371521,0.0,-0.07221112051371521,0.0,0.0,-0.0128940329861121,
2055197245394280659,bearliu,2026-05-15,ai_tech,AI / 大模型,44.0,-0.5012,0.32208349916911333,-0.1614282497835596,0.1614282497835596,-0.032285649956711925,0.0,0.0,-0.1614282497835596,-0.6740254133650555,-0.32208349916911333,0.32208349916911333,-0.1614282497835596,-2.0520854945857168,0.0,0.18233146887963508,0.1614282497835596,0.21709246366552512,0.1614282497835596,0.1614282497835596,0.0,0.1614282497835596,0.0,0.21709246366552512,0.0,-0.1614282497835596,-0.1614282497835596,0.0,0.0,-4.442727702526431,4.442727702526431,0.03259485011591425,0.1614282497835596,0.0,0.0,0.1614282497835596,-0.0128940329861121,
2055237265207566582,bearliu,2026-05-15,ai_tech,AI / 大模型,44.0,0.25,0.32208349916911333,0.08052087479227833,-0.08052087479227833,0.016104174958455668,0.0,0.08052087479227833,0.0,0.19690241424131405,0.32208349916911333,0.32208349916911333,0.08052087479227833,0.5994738181995927,0.0,-0.0798767077939401,0.0,-0.06341901857368869,-0.08052087479227833,-0.08052087479227833,-0.08052087479227833,0.0,0.0,0.0,0.06341901857368869,-0.08052087479227833,0.08052087479227833,0.0,0.0,2.3160413646677727,-2.3160413646677727,-0.08052087479227833,0.0,-0.08052087479227833,0.0,0.0,-0.0128940329861121,
2055274512497684745,bearliu,2026-05-15,ai_tech,AI / 大模型,44.0,-0.2467,0.32208349916911333,-0.07945799924502026,0.07945799924502026,-0.01589159984900405,0.0,0.0,-0.07945799924502026,-0.16849875106061488,-0.32208349916911333,0.32208349916911333,-0.07945799924502026,-0.5129982283324155,0.0,0.0880898370227525,0.0,0.054270667347228185,0.07945799924502026,0.07945799924502026,0.0,0.07945799924502026,0.0,0.054270667347228185,0.0,-0.07945799924502026,-0.07945799924502026,0.0,0.0,-2.2467187926922803,2.2467187926922803,0.07945799924502026,0.07945799924502026,0.0,0.0,0.0,-0.0128940329861121,
2055296654287192390,bearliu,2026-05-15,ai_tech,AI / 大模型,44.0,-0.1986,0.32208349916911333,-0.06396578293498591,0.06396578293498591,-0.012793156586997182,0.0,0.0,-0.06396578293498591,-0.15020201322955726,-0.32208349916911333,0.32208349916911333,-0.06396578293498591,-0.4572933994686175,0.0,0.06458945371064974,0.0,0.048377590003221255,0.0,0.06396578293498591,0.0,0.06396578293498591,0.0,0.048377590003221255,0.0,-0.06396578293498591,-0.06396578293498591,0.0,0.0,-1.5986796133831052,1.5986796133831052,0.06396578293498591,0.0,0.0,0.0,0.0,0.0002973584273524,
2055450664549978483,bearliu,2026-05-16,ai_tech,AI / 大模型,44.0,-0.25,0.32208349916911333,-0.08052087479227833,0.08052087479227833,-0.016104174958455668,0.0,0.0,-0.08052087479227833,-0.1471297638528708,-0.32208349916911333,0.32208349916911333,-0.08052087479227833,-0.44793986730701374,0.0,0.07576209109205467,0.0,0.047388069173657954,0.08052087479227833,0.08052087479227833,0.0,0.08052087479227833,0.0,0.047388069173657954,0.0,-0.08052087479227833,-0.08052087479227833,0.0,0.0,-2.0655107109917354,2.0655107109917354,0.08052087479227833,0.08052087479227833,0.0,0.0,0.0,,
2055517316344074323,bearliu,2026-05-16,ai_tech,AI / 大模型,44.0,0.1701,0.32208349916911333,0.05478640320866618,-0.05478640320866618,0.010957280641733236,0.0,0.05478640320866618,0.0,0.1701,0.32208349916911333,0.32208349916911333,0.05478640320866618,0.5178732666567543,0.0,-0.0653730400698171,0.0,-0.05478640320866618,0.0,-0.05478640320866618,-0.05478640320866618,0.0,0.0,0.0,0.05478640320866618,-0.05478640320866618,0.05478640320866618,0.0,0.0,1.4726663575533652,-1.4726663575533652,-0.05478640320866618,0.0,0.0,0.0,0.0,,
2055519867718021513,bearliu,2026-05-16,ai_tech,AI / 大模型,44.0,-0.247,0.32208349916911333,-0.07955462429477099,0.07955462429477099,-0.0159109248589542,0.0,0.0,-0.07955462429477099,-0.528172757140737,-0.32208349916911333,0.32208349916911333,-0.07955462429477099,-1.608033810109218,0.0,0.07363749029574986,0.07955462429477099,0.17011572978568684,0.07955462429477099,0.07955462429477099,0.0,0.07955462429477099,0.0,0.17011572978568684,0.0,-0.07955462429477099,-0.07955462429477099,0.0,0.0,-2.940678810478814,2.940678810478814,0.07955462429477099,0.07955462429477099,0.0,0.0,0.07955462429477099,,
2055636900694692270,bearliu,2026-05-16,ai_tech,AI / 大模型,44.0,0.25,0.32208349916911333,0.08052087479227833,-0.08052087479227833,0.016104174958455668,0.0,0.08052087479227833,0.0,0.2942595277057416,0.32208349916911333,0.32208349916911333,0.08052087479227833,0.8958797346140275,0.0,-0.09134717481101613,-0.08052087479227833,-0.09477613834731591,-0.08052087479227833,-0.08052087479227833,-0.08052087479227833,0.0,0.0,0.0,0.09477613834731591,-0.08052087479227833,0.08052087479227833,0.0,0.0,2.3571479943024913,-2.3571479943024913,-0.08052087479227833,0.0,-0.08052087479227833,0.0,0.0,,
2055665577197232372,bearliu,2026-05-16,ai_tech,AI / 大模型,44.0,-0.1999,0.32208349916911333,-0.06438449148390575,0.06438449148390575,-0.012876898296781151,0.0,0.0,-0.06438449148390575,-0.3391141754761808,-0.32208349916911333,0.32208349916911333,-0.06438449148390575,-1.0324407161873106,0.0,0.05355819146516796,0.06438449148390575,0.10922308025521701,0.0,0.06438449148390575,0.0,0.06438449148390575,0.0,0.10922308025521703,0.0,-0.06438449148390575,-0.06438449148390575,0.0,0.0,-2.192993827237401,2.192993827237401,0.06438449148390575,0.0,0.0,0.0,0.06438449148390575,,
2055821604995686538,bearliu,2026-05-17,ai_tech,AI / 大模型,44.0,0.25,0.32208349916911333,0.08052087479227833,-0.08052087479227833,0.016104174958455668,0.0,0.08052087479227833,0.0,0.2765044353314414,0.32208349916911333,0.32208349916911333,0.08052087479227833,0.8418239574966185,0.0,-0.09658425250750591,-0.08052087479227833,-0.08905751606733046,-0.08052087479227833,-0.08052087479227833,-0.08052087479227833,0.0,0.0,0.0,0.08905751606733046,-0.08052087479227833,0.08052087479227833,0.0,0.0,2.009062485533029,-2.009062485533029,-0.08052087479227833,0.0,-0.08052087479227833,0.0,0.0,,
2055932841238687896,bearliu,2026-05-17,ai_tech,AI / 大模型,44.0,0.25,0.32208349916911333,0.08052087479227833,-0.08052087479227833,0.016104174958455668,0.0,0.08052087479227833,0.0,0.1138351243484765,0.32208349916911333,0.32208349916911333,0.08052087479227833,0.34657359027997264,0.0,-0.08637205836051723,0.0,-0.040260437396139166,-0.08052087479227833,-0.08052087479227833,-0.08052087479227833,0.0,0.0,0.0,0.03666441517850844,-0.08052087479227833,0.08052087479227833,0.0,0.0,1.5311708477235513,-1.5311708477235513,-0.08052087479227833,0.0,-0.08052087479227833,0.0,0.0,,
2055035103970222411,billtheinvestor,2026-05-14,ai_tools,AI 工具 / Agent,2.0,0.1683,4.5208098373700185,0.7608522956293742,-0.7608522956293742,0.6086818365034994,0.7608522956293742,0.7608522956293742,0.0,0.13724273876303814,4.5208098373700185,4.5208098373700185,0.7608522956293742,0.30155311867108164,-0.7608522956293742,-0.7608522956293742,0.0,-0.6204483235075464,0.0,-0.7608522956293742,-0.7608522956293742,0.0,0.0,0.0,0.6204483235075464,-0.7608522956293742,0.7608522956293742,0.0,0.0,1.3292400799556854,-1.3292400799556854,-0.7608522956293742,0.0,0.0,0.0,0.0,-0.0128940329861121,-0.015087714031981
2055036496202338619,billtheinvestor,2026-05-14,ai_tools,AI 工具 / Agent,2.0,0.2498,4.5208098373700185,1.1292982973750305,-1.1292982973750305,0.9034386379000244,1.1292982973750305,1.1292982973750305,0.0,0.41052121111446227,4.5208098373700185,4.5208098373700185,1.1292982973750305,0.9020072945785272,-1.1292982973750305,-1.1292982973750305,-1.1292982973750305,-1.855888329655315,-1.1292982973750305,-1.1292982973750305,-1.1292982973750305,0.0,0.0,0.0,1.8558883296553152,-1.1292982973750305,1.1292982973750305,0.0,0.0,2.617585146344899,-2.617585146344899,-1.1292982973750305,0.0,-1.1292982973750305,0.0,0.0,-0.0128940329861121,-0.015087714031981
2055044447931609249,billtheinvestor,2026-05-14,ai_tools,AI 工具 / Agent,2.0,1.0,4.5208098373700185,4.5208098373700185,-4.5208098373700185,3.616647869896015,4.5208098373700185,4.5208098373700185,0.0,1.7804383975036557,4.5208098373700185,4.5208098373700185,4.5208098373700185,3.912023005428146,-4.5208098373700185,-4.5208098373700185,-4.5208098373700185,-8.049023422265838,-4.5208098373700185,-4.5208098373700185,-4.5208098373700185,0.0,0.0,0.0,8.049023422265838,-4.5208098373700185,4.5208098373700185,0.0,0.0,8.484669999710677,-8.484669999710677,-4.5208098373700185,0.0,-4.5208098373700185,0.0,0.0,-0.0128940329861121,-0.015087714031981
2055045585540112455,billtheinvestor,2026-05-14,ai_tools,AI 工具 / Agent,2.0,-0.2472,4.5208098373700185,-1.1175441917978686,1.1175441917978686,-0.8940353534382949,-1.1175441917978686,0.0,-1.1175441917978686,-0.504996586167348,-4.5208098373700185,4.5208098373700185,-1.1175441917978686,-1.109590910597785,1.1175441917978686,3.2545310019226763,1.1175441917978686,2.282993534583623,1.1175441917978686,1.1175441917978686,0.0,1.1175441917978686,0.0,2.282993534583623,0.0,-1.1175441917978686,-1.1175441917978686,0.0,0.0,-2.2265302635352553,2.2265302635352553,1.1175441917978686,1.1175441917978686,0.0,0.0,1.1175441917978686,-0.0128940329861121,-0.015087714031981
2055117717188001899,billtheinvestor,2026-05-15,ai_tools,AI 工具 / Agent,2.0,-0.0718,4.5208098373700185,-0.32459414632316735,0.32459414632316735,-0.2596753170585339,-0.32459414632316735,0.0,-0.32459414632316735,-0.05855037815321532,-4.5208098373700185,4.5208098373700185,-0.32459414632316735,-0.12864832989057434,0.32459414632316735,1.6479482059673058,0.0,0.2646951255367904,0.0,0.32459414632316735,0.0,0.0,0.0,0.0,0.0,-0.32459414632316735,-0.32459414632316735,0.0,0.0,-0.5203403859732573,0.5203403859732573,0.32459414632316735,0.0,0.0,0.0,0.0,-0.0128940329861121,-0.015087714031981
2055174291914956824,billtheinvestor,2026-05-15,ai_tools,AI 工具 / Agent,2.0,-0.0244,4.5208098373700185,-0.11030776003182846,0.11030776003182846,-0.08824620802546278,-0.11030776003182846,0.0,-0.11030776003182846,-0.07224620218820636,-4.5208098373700185,4.5208098373700185,-0.11030776003182846,-0.15874113106712878,0.11030776003182846,1.1040721784825058,0.11030776003182846,0.3266113415650667,0.0,0.11030776003182846,0.0,0.0,0.0,0.0,0.0,-0.11030776003182846,-0.11030776003182846,0.0,0.0,-0.2730630188663659,0.2730630188663659,0.11030776003182846,0.0,0.0,0.0,0.0,-0.0128940329861121,
2055349065207222736,billtheinvestor,2026-05-15,ai_tools,AI 工具 / Agent,2.0,0.25,4.5208098373700185,1.1302024593425046,-1.1302024593425046,0.9041619674740038,1.1302024593425046,1.1302024593425046,0.0,0.20386621919643216,4.5208098373700185,4.5208098373700185,1.1302024593425046,0.44793986730701374,-1.1302024593425046,-0.32045007063891146,0.0,-0.921640409250663,-1.1302024593425046,-1.1302024593425046,-1.1302024593425046,0.0,0.0,0.0,0.921640409250663,-1.1302024593425046,1.1302024593425046,0.0,0.0,1.7929142056921286,-1.7929142056921286,-1.1302024593425046,0.0,-1.1302024593425046,0.0,0.0,-0.0046452508320161,
2055353650957197558,billtheinvestor,2026-05-15,ai_tools,AI 工具 / Agent,2.0,1.0,4.5208098373700185,4.5208098373700185,-4.5208098373700185,3.616647869896015,4.5208098373700185,4.5208098373700185,0.0,1.2618595071429148,4.5208098373700185,4.5208098373700185,4.5208098373700185,2.772588722239781,-4.5208098373700185,-3.665278867146581,-4.5208098373700185,-5.7046268732705725,-4.5208098373700185,-4.5208098373700185,-4.5208098373700185,0.0,0.0,0.0,5.7046268732705725,-4.5208098373700185,4.5208098373700185,0.0,0.0,7.786551806428712,-7.786551806428712,-4.5208098373700185,0.0,-4.5208098373700185,0.0,0.0,-0.0044915873939256,
2055370312766918914,billtheinvestor,2026-05-15,ai_tools,AI 工具 / Agent,2.0,0.1701,4.5208098373700185,0.7689897533366401,-0.7689897533366401,0.6151918026693122,0.7689897533366401,0.7689897533366401,0.0,0.1701,4.5208098373700185,4.5208098373700185,0.7689897533366401,0.37374790060489094,-0.7689897533366401,0.5447010752801201,0.0,-0.7689897533366401,0.0,-0.7689897533366401,-0.7689897533366401,0.0,0.0,0.0,0.7689897533366401,-0.7689897533366401,0.7689897533366401,0.0,0.0,1.5378294636490595,-1.5378294636490595,-0.7689897533366401,0.0,0.0,0.0,0.0,,
2055832189661749394,billtheinvestor,2026-05-17,ai_tools,AI 工具 / Agent,2.0,0.2478,4.5208098373700185,1.1202566777002905,-1.1202566777002905,0.8962053421602324,1.1202566777002905,1.1202566777002905,0.0,0.622702854118357,4.5208098373700185,4.5208098373700185,1.1202566777002905,1.3682180154462644,-1.1202566777002905,0.1329118092186786,-1.1202566777002905,-2.8151211886566556,-1.1202566777002905,-1.1202566777002905,-1.1202566777002905,0.0,0.0,0.0,2.815121188656656,-1.1202566777002905,1.1202566777002905,0.0,0.0,2.6473429664252714,-2.6473429664252714,-1.1202566777002905,0.0,-1.1202566777002905,0.0,0.0,,
2055832838843597095,billtheinvestor,2026-05-17,ai_tools,AI 工具 / Agent,2.0,0.25,4.5208098373700185,1.1302024593425046,-1.1302024593425046,0.9041619674740038,1.1302024593425046,1.1302024593425046,0.0,0.18312169008974086,4.5208098373700185,4.5208098373700185,1.1302024593425046,0.40235947810852507,-1.1302024593425046,0.10967484665459666,0.0,-0.8278583379935243,-1.1302024593425046,-1.1302024593425046,-1.1302024593425046,0.0,0.0,0.0,0.8278583379935243,-1.1302024593425046,1.1302024593425046,0.0,0.0,1.7603529159487026,-1.7603529159487026,-1.1302024593425046,0.0,-1.1302024593425046,0.0,0.0,,
2055833711334379645,billtheinvestor,2026-05-17,ai_tools,AI 工具 / Agent,2.0,0.25,4.5208098373700185,1.1302024593425046,-1.1302024593425046,0.9041619674740038,1.1302024593425046,1.1302024593425046,0.0,0.0,4.5208098373700185,4.5208098373700185,1.1302024593425046,0.0,-1.1302024593425046,0.09970440604963324,0.0,-0.5651012296712523,-1.1302024593425046,-1.1302024593425046,-1.1302024593425046,0.0,0.0,0.0,0.0,-1.1302024593425046,1.1302024593425046,0.0,0.0,1.9034546712021572,-1.9034546712021572,-1.1302024593425046,0.0,-1.1302024593425046,0.0,0.0,,
2055834477457543484,billtheinvestor,2026-05-17,ai_tools,AI 工具 / Agent,2.0,0.25,4.5208098373700185,1.1302024593425046,-1.1302024593425046,0.9041619674740038,1.1302024593425046,1.1302024593425046,0.0,0.18312169008974086,4.5208098373700185,4.5208098373700185,1.1302024593425046,0.40235947810852507,-1.1302024593425046,0.09139570554549718,0.0,-0.8278583379935243,-1.1302024593425046,-1.1302024593425046,-1.1302024593425046,0.0,0.0,0.0,0.8278583379935243,-1.1302024593425046,1.1302024593425046,0.0,0.0,1.9332018826055053,-1.9332018826055053,-1.1302024593425046,0.0,-1.1302024593425046,0.0,0.0,,
2055834907788935670,billtheinvestor,2026-05-17,ai_tools,AI 工具 / Agent,2.0,0.25,4.5208098373700185,1.1302024593425046,-1.1302024593425046,0.9041619674740038,1.1302024593425046,1.1302024593425046,0.0,0.20386621919643216,4.5208098373700185,4.5208098373700185,1.1302024593425046,0.44793986730701374,-1.1302024593425046,0.08436526665738199,0.0,-0.921640409250663,-1.1302024593425046,-1.1302024593425046,-1.1302024593425046,0.0,0.0,0.0,0.921640409250663,-1.1302024593425046,1.1302024593425046,0.0,0.0,1.8072784694483255,-1.8072784694483255,-1.1302024593425046,0.0,-1.1302024593425046,0.0,0.0,,
2055838358543425750,billtheinvestor,2026-05-17,ai_tools,AI 工具 / Agent,2.0,0.25,4.5208098373700185,1.1302024593425046,-1.1302024593425046,0.9041619674740038,1.1302024593425046,1.1302024593425046,0.0,0.2365986575892965,4.5208098373700185,4.5208098373700185,1.1302024593425046,0.5198603854199589,-1.1302024593425046,0.0783391761818547,0.0,-1.069617538738232,-1.1302024593425046,-1.1302024593425046,-1.1302024593425046,0.0,0.0,0.0,1.069617538738232,-1.1302024593425046,1.1302024593425046,0.0,0.0,1.9980671608176863,-1.9980671608176863,-1.1302024593425046,0.0,-1.1302024593425046,0.0,0.0,,
2055913590776115681,billtheinvestor,2026-05-17,ai_tools,AI 工具 / Agent,2.0,0.25,4.5208098373700185,1.1302024593425046,-1.1302024593425046,0.9041619674740038,1.1302024593425046,1.1302024593425046,0.0,0.5802623091453588,4.5208098373700185,4.5208098373700185,1.1302024593425046,1.2749666069560497,-1.1302024593425046,0.07311656443639769,-1.1302024593425046,-2.623255555439381,-1.1302024593425046,-1.1302024593425046,-1.1302024593425046,0.0,0.0,0.0,2.623255555439381,-1.1302024593425046,1.1302024593425046,0.0,0.0,2.394352773024259,-2.394352773024259,-1.1302024593425046,0.0,-1.1302024593425046,0.0,0.0,,
2056030009962512816,billtheinvestor,2026-05-17,ai_tools,AI 工具 / Agent,2.0,0.25,4.5208098373700185,1.1302024593425046,-1.1302024593425046,0.9041619674740038,1.1302024593425046,1.1302024593425046,0.0,0.25,4.5208098373700185,4.5208098373700185,1.1302024593425046,0.5493061443340549,-1.1302024593425046,0.09773990868393993,0.0,-1.1302024593425046,-1.1302024593425046,-1.1302024593425046,-1.1302024593425046,0.0,0.0,0.0,1.1302024593425046,-1.1302024593425046,1.1302024593425046,0.0,0.0,1.8381102750608957,-1.8381102750608957,-1.1302024593425046,0.0,-1.1302024593425046,0.0,0.0,,
2056091281336700990,billtheinvestor,2026-05-17,ai_tools,AI 工具 / Agent,2.0,0.0351,4.5208098373700185,0.15868042529168766,-0.15868042529168766,0.12694434023335013,0.15868042529168766,0.15868042529168766,0.0,0.011072817175179078,4.5208098373700185,4.5208098373700185,0.15868042529168766,0.02432946603765408,-0.15868042529168766,1.0693222201992552,0.0,-0.07934021264584383,0.0,-0.15868042529168766,0.0,0.0,0.0,0.0,0.0,-0.15868042529168766,0.15868042529168766,0.0,0.0,0.2422862700742666,-0.2422862700742666,-0.15868042529168766,0.0,0.0,0.0,0.0,,
2046078965706858560,biquanliergou,2026-04-20,ai_tech,AI / 大模型,35.0,0.25,0.5306282510621704,0.1326570627655426,-0.1326570627655426,0.02653141255310852,0.0,0.1326570627655426,0.0,0.20284193554110647,0.5306282510621704,0.5306282510621704,0.1326570627655426,0.5493061443340549,0.0,-0.1326570627655426,0.0,-0.10763366149824283,-0.1326570627655426,-0.1326570627655426,-0.1326570627655426,0.0,0.0,0.0,0.10763366149824283,-0.1326570627655426,0.1326570627655426,0.0,0.0,2.2823639108089298,-2.2823639108089298,-0.1326570627655426,0.0,-0.1326570627655426,0.0,0.0,-0.0036607168728265,-0.0038033380557359
2046427348942360693,biquanliergou,2026-04-21,ai_tech,AI / 大模型,35.0,-0.0419,0.5306282510621704,-0.022233323719504938,0.022233323719504938,-0.004446664743900988,0.0,0.0,-0.022233323719504938,-0.03010787437110007,-0.5306282510621704,0.5306282510621704,-0.022233323719504938,-0.08153363524541762,0.0,0.022233323719504938,0.0,0.015976088720736373,0.0,0.022233323719504938,0.0,0.0,0.0,0.0,0.0,-0.022233323719504938,-0.022233323719504938,0.0,0.0,-0.40753333701655897,0.40753333701655897,0.022233323719504938,0.0,0.0,0.0,0.0,0.0037079538119486,-0.0038033380557359
2047957531105140755,biquanliergou,2026-04-25,ai_tech,AI / 大模型,35.0,0.25,0.5306282510621704,0.1326570627655426,-0.1326570627655426,0.02653141255310852,0.0,0.1326570627655426,0.0,0.14857903222944677,0.5306282510621704,0.5306282510621704,0.1326570627655426,0.40235947810852507,0.0,-0.1326570627655426,0.0,-0.07884023201642118,-0.1326570627655426,-0.1326570627655426,-0.1326570627655426,0.0,0.0,0.0,0.07884023201642118,-0.1326570627655426,0.1326570627655426,0.0,0.0,2.244475943437595,-2.244475943437595,-0.1326570627655426,0.0,-0.1326570627655426,0.0,0.0,-0.0026208225584166,0.0005271669328243
2048720956752122293,biquanliergou,2026-04-27,ai_tech,AI / 大模型,35.0,0.25,0.5306282510621704,0.1326570627655426,-0.1326570627655426,0.02653141255310852,0.0,0.1326570627655426,0.0,0.23678931029579608,0.5306282510621704,0.5306282510621704,0.1326570627655426,0.6412373393653842,0.0,-0.05163012882834918,0.0,-0.12564709759247586,-0.1326570627655426,-0.1326570627655426,-0.1326570627655426,0.0,0.0,0.0,0.12564709759247586,-0.1326570627655426,0.1326570627655426,0.0,0.0,2.27490806249794,-2.27490806249794,-0.1326570627655426,0.0,-0.1326570627655426,0.0,0.0,-0.0026208225584166,-0.0100567467175557
2050840011390726290,biquanliergou,2026-05-03,ai_tech,AI / 大模型,35.0,0.9982,0.5306282510621704,0.5296731202102585,-0.5296731202102585,0.1059346240420517,0.0,0.5296731202102585,0.0,1.0443357212823594,0.5306282510621704,0.5306282510621704,0.5296731202102585,2.8281135600369147,0.0,-0.4357386540659777,0.0,-0.5541540373058086,-0.5296731202102585,-0.5296731202102585,-0.5296731202102585,0.0,0.0,0.0,0.5541540373058086,-0.5296731202102585,0.5296731202102585,0.0,0.0,9.000040782025014,-9.000040782025014,-0.5296731202102585,0.0,-0.5296731202102585,0.0,0.0,0.0012905781817413,-0.0018838826451929
2053415626874720730,biquanliergou,2026-05-10,ai_tech,AI / 大模型,35.0,1.0,0.5306282510621704,0.5306282510621704,-0.5306282510621704,0.10612565021243409,0.0,0.5306282510621704,0.0,1.451902786412166,0.5306282510621704,0.5306282510621704,0.5306282510621704,3.9318256327243257,0.0,-0.3495460541046941,-0.5306282510621704,-0.7704206362661796,-0.5306282510621704,-0.5306282510621704,-0.5306282510621704,0.0,0.0,0.0,0.7704206362661796,-0.5306282510621704,0.5306282510621704,0.0,0.0,9.665357258913595,-9.665357258913595,-0.5306282510621704,0.0,-0.5306282510621704,0.0,0.0,-0.0017999582175547,0.0028963874065546
2053416150189724112,biquanliergou,2026-05-10,ai_tech,AI / 大模型,35.0,0.5119,0.5306282510621704,0.27162860171872505,-0.27162860171872505,0.05432572034374501,0.0,0.27162860171872505,0.0,0.7505002786580995,0.5306282510621704,0.5306282510621704,0.27162860171872505,2.0323924305473313,0.0,-0.03228872907713311,-0.27162860171872505,-0.3982366502860189,-0.27162860171872505,-0.27162860171872505,-0.27162860171872505,0.0,0.0,0.0,0.39823665028601885,-0.27162860171872505,0.27162860171872505,0.0,0.0,4.954471484462935,-4.954471484462935,-0.27162860171872505,0.0,-0.27162860171872505,0.0,0.0,-0.0017999582175547,0.0028963874065546
2054856800797852004,biquanliergou,2026-05-14,ai_tech,AI / 大模型,35.0,0.25,0.5306282510621704,0.1326570627655426,-0.1326570627655426,0.02653141255310852,0.0,0.1326570627655426,0.0,0.3534500020467485,0.5306282510621704,0.5306282510621704,0.1326570627655426,0.9571603491222738,0.0,0.11129548545849692,-0.1326570627655426,-0.1875505564239867,-0.1326570627655426,-0.1326570627655426,-0.1326570627655426,0.0,0.0,0.0,0.1875505564239867,-0.1326570627655426,0.1326570627655426,0.0,0.0,2.423654165127159,-2.423654165127159,-0.1326570627655426,0.0,-0.1326570627655426,0.0,0.0,0.0051926185114692,-0.015087714031981
2054873044590731401,biquanliergou,2026-05-14,ai_tech,AI / 大模型,35.0,0.25,0.5306282510621704,0.1326570627655426,-0.1326570627655426,0.02653141255310852,0.0,0.1326570627655426,0.0,0.0,0.5306282510621704,0.5306282510621704,0.0,0.0,0.0,0.09738354977618481,0.0,-0.0663285313827713,-0.1326570627655426,0.0,-0.1326570627655426,0.0,0.0,0.0,0.0,-0.1326570627655426,0.1326570627655426,0.0,0.0,0.0,-0.0,-0.1326570627655426,0.0,-0.1326570627655426,-0.1326570627655426,0.0,0.0051926185114692,-0.015087714031981
2055938314415341570,biquanliergou,2026-05-17,ai_tech,AI / 大模型,35.0,-0.5593,0.5306282510621704,-0.2967803808190719,0.2967803808190719,-0.05935607616381438,0.0,0.0,-0.2967803808190719,-0.0,-0.5306282510621704,0.5306282510621704,-0.2967803808190719,-0.0,0.0,0.5160005989412232,0.0,0.14839019040953594,0.2967803808190719,0.2967803808190719,0.0,0.2967803808190719,0.0,0.0,0.0,-0.2967803808190719,-0.2967803808190719,0.0,0.0,-3.49991348190276,3.49991348190276,0.2967803808190719,0.2967803808190719,0.0,0.0,0.0,,
2054749036029358313,boniusex,2026-05-14,ai_tech,AI / 大模型,48.0,-0.7575,0.09531017980432487,-0.07219746120177609,0.07219746120177609,-0.014439492240355218,0.0,0.0,-0.07219746120177609,-0.34909040611841535,-0.09531017980432487,0.09531017980432487,-0.07219746120177609,-0.5250589892741585,0.0,0.07219746120177609,0.0,0.03609873060088804,0.07219746120177609,0.07219746120177609,0.0,0.07219746120177609,0.0,0.03327186937511096,0.0,-0.07219746120177609,-0.07219746120177609,0.0,0.0,-3.805589494541054,3.805589494541054,0.07219746120177609,0.07219746120177609,0.0,0.0,0.0,0.0051926185114692,0.0071077162744499
2054796143612342476,boniusex,2026-05-14,ai_tech,AI / 大模型,48.0,0.2053,0.09531017980432487,0.019567179913827896,-0.019567179913827896,0.00391343598276558,0.0,0.019567179913827896,0.0,0.0,0.09531017980432487,0.09531017980432487,0.0,0.0,0.0,-0.019567179913827896,0.0,-0.009783589956913948,-0.019567179913827896,0.0,-0.019567179913827896,0.0,0.0,0.0,0.0,-0.019567179913827896,0.019567179913827896,0.0,0.0,0.0,-0.0,-0.019567179913827896,0.0,-0.019567179913827896,-0.019567179913827896,0.0,0.0051926185114692,-0.015087714031981
2054884916660424945,boniusex,2026-05-14,ai_tech,AI / 大模型,48.0,0.2195,0.09531017980432487,0.020920584467049308,-0.020920584467049308,0.004184116893409862,0.0,0.020920584467049308,0.0,0.10115556982573225,0.09531017980432487,0.09531017980432487,0.020920584467049308,0.15214580613290798,0.0,-0.020920584467049308,0.0,-0.010460292233524654,-0.020920584467049308,-0.020920584467049308,-0.020920584467049308,0.0,0.0,0.0,0.009641155548299479,-0.020920584467049308,0.020920584467049308,0.0,0.0,1.1684006904208806,-1.1684006904208806,-0.020920584467049308,0.0,-0.020920584467049308,0.0,0.0,0.0051926185114692,-0.015087714031981
2055022004433240431,boniusex,2026-05-14,ai_tech,AI / 大模型,48.0,0.2296,0.09531017980432487,0.02188321728307299,-0.02188321728307299,0.004376643456614598,0.0,0.02188321728307299,0.0,0.0,0.09531017980432487,0.09531017980432487,0.02188321728307299,0.0,0.0,-0.032453116223372616,0.0,-0.010941608641536494,-0.02188321728307299,-0.02188321728307299,-0.02188321728307299,0.0,0.0,0.0,0.0,-0.02188321728307299,0.02188321728307299,0.0,0.0,1.3996013195344388,-1.3996013195344388,-0.02188321728307299,0.0,-0.02188321728307299,0.0,0.0,-0.0128940329861121,-0.015087714031981
2055029780098207776,boniusex,2026-05-14,ai_tech,AI / 大模型,48.0,-0.25,0.09531017980432487,-0.023827544951081216,0.023827544951081216,-0.004765508990216244,0.0,0.0,-0.023827544951081216,-0.2978170327318888,-0.09531017980432487,0.09531017980432487,-0.023827544951081216,-0.44793986730701374,0.0,0.021370925066624743,0.023827544951081216,0.028384994938466825,0.023827544951081216,0.023827544951081216,0.0,0.023827544951081216,0.0,0.028384994938466825,0.0,-0.023827544951081216,-0.023827544951081216,0.0,0.0,-2.095972586025454,2.095972586025454,0.023827544951081216,0.023827544951081216,0.0,0.0,0.023827544951081216,-0.0128940329861121,-0.015087714031981
2055081830660063695,boniusex,2026-05-15,ai_tech,AI / 大模型,48.0,0.1895,0.09531017980432487,0.018061279072919562,-0.018061279072919562,0.0036122558145839125,0.0,0.018061279072919562,0.0,0.20277446164668872,0.09531017980432487,0.09531017980432487,0.018061279072919562,0.30498848440626203,0.0,-0.024792083970700984,-0.018061279072919562,-0.019326470399271076,0.0,-0.018061279072919562,-0.018061279072919562,0.0,0.0,0.0,0.01932647039927108,-0.018061279072919562,0.018061279072919562,0.0,0.0,1.1023425648130272,-1.1023425648130272,-0.018061279072919562,0.0,0.0,0.0,0.0,-0.0128940329861121,-0.015087714031981
2055190107540652537,boniusex,2026-05-15,ai_tech,AI / 大模型,48.0,-0.5,0.09531017980432487,-0.04765508990216243,0.04765508990216243,-0.009531017980432488,0.0,0.0,-0.04765508990216243,-1.0275543200048824,-0.09531017980432487,0.09531017980432487,-0.04765508990216243,-1.545521226679158,0.0,0.04505629899949784,0.04765508990216243,0.09793638699837612,0.04765508990216243,0.04765508990216243,0.0,0.04765508990216243,0.0,0.09793638699837612,0.0,-0.04765508990216243,-0.04765508990216243,0.0,0.0,-3.932977706966751,3.932977706966751,0.04765508990216243,0.04765508990216243,0.0,0.0,0.04765508990216243,-0.0128940329861121,
2055249771430875284,boniusex,2026-05-15,ai_tech,AI / 大模型,48.0,0.25,0.09531017980432487,0.023827544951081216,-0.023827544951081216,0.004765508990216244,0.0,0.023827544951081216,0.0,0.5596945737639036,0.09531017980432487,0.09531017980432487,0.023827544951081216,0.8418239574966185,0.0,-0.032862949996531214,-0.023827544951081216,-0.05334459046094262,-0.023827544951081216,-0.023827544951081216,-0.023827544951081216,0.0,0.0,0.0,0.05334459046094262,-0.023827544951081216,0.023827544951081216,0.0,0.0,2.3139001258452616,-2.3139001258452616,-0.023827544951081216,0.0,-0.023827544951081216,0.0,0.0,-0.0128940329861121,
2055618714624774527,boniusex,2026-05-16,ai_tech,AI / 大模型,48.0,-0.2083,0.09531017980432487,-0.019853110453240872,0.019853110453240872,-0.003970622090648175,0.0,0.0,-0.019853110453240872,-0.19198820222961302,-0.09531017980432487,0.09531017980432487,-0.019853110453240872,-0.2887651154212732,0.0,0.014925574157357275,0.0,0.0182984300748135,0.019853110453240872,0.019853110453240872,0.0,0.019853110453240872,0.0,0.0182984300748135,0.0,-0.019853110453240872,-0.019853110453240872,0.0,0.0,-1.2890154168381036,1.2890154168381036,0.019853110453240872,0.019853110453240872,0.0,0.0,0.0,,
2055671350589882777,boniusex,2026-05-16,ai_tech,AI / 大模型,48.0,-0.2497,0.09531017980432487,-0.02379895189713992,0.02379895189713992,-0.0047597903794279845,0.0,0.0,-0.02379895189713992,-0.6682703425574291,-0.09531017980432487,0.09531017980432487,-0.02379895189713992,-1.0051303171765669,0.0,0.01721301847266107,0.02379895189713992,0.06369296650704634,0.02379895189713992,0.02379895189713992,0.0,0.02379895189713992,0.0,0.06369296650704634,0.0,-0.02379895189713992,-0.02379895189713992,0.0,0.0,-3.078279045812714,3.078279045812714,0.02379895189713992,0.02379895189713992,0.0,0.0,0.02379895189713992,,
2055760162825420849,boniusex,2026-05-16,ai_tech,AI / 大模型,48.0,0.25,0.09531017980432487,0.023827544951081216,-0.023827544951081216,0.004765508990216244,0.0,0.023827544951081216,0.0,0.11521135515459253,0.09531017980432487,0.09531017980432487,0.023827544951081216,0.17328679513998632,0.0,-0.032134780222826176,0.0,-0.011913772475540608,-0.023827544951081216,-0.023827544951081216,-0.023827544951081216,0.0,0.0,0.0,0.010980814975284145,-0.023827544951081216,0.023827544951081216,0.0,0.0,1.4251108933476717,-1.4251108933476717,-0.023827544951081216,0.0,-0.023827544951081216,0.0,0.0,,
2055912958111461830,boniusex,2026-05-17,ai_tech,AI / 大模型,48.0,-0.2499,0.09531017980432487,-0.023818013933100787,0.023818013933100787,-0.0047636027866201575,0.0,0.0,-0.023818013933100787,-0.1151652706125307,-0.09531017980432487,0.09531017980432487,-0.023818013933100787,-0.17321748042193033,0.0,0.01843212231797639,0.0,0.011909006966550393,0.023818013933100787,0.023818013933100787,0.0,0.023818013933100787,0.0,0.010976422649294031,0.0,-0.023818013933100787,-0.023818013933100787,0.0,0.0,-1.135369366089274,1.135369366089274,0.023818013933100787,0.023818013933100787,0.0,0.0,0.0,,
2055183986461430216,chairbtc,2026-05-15,crypto,加密,2.0,0.25,3.067122269640664,0.766780567410166,-0.766780567410166,0.6134244539281328,0.766780567410166,0.766780567410166,0.0,0.32525749891599526,3.067122269640664,3.067122269640664,0.766780567410166,0.7489330683884977,-0.766780567410166,-0.766780567410166,-0.766780567410166,-0.9976045182928731,-0.766780567410166,-0.766780567410166,-0.766780567410166,0.0,0.0,0.0,0.9976045182928731,-0.766780567410166,0.766780567410166,0.0,0.0,1.9097902929147932,-1.9097902929147932,-0.766780567410166,0.0,-0.766780567410166,0.0,0.0,-0.0003958292060819,-0.0118160267665125
2055190193179894027,chairbtc,2026-05-15,crypto,加密,2.0,0.25,3.067122269640664,0.766780567410166,-0.766780567410166,0.6134244539281328,0.766780567410166,0.766780567410166,0.0,0.21127451000356418,3.067122269640664,3.067122269640664,0.766780567410166,0.4864775372638283,-0.766780567410166,-0.766780567410166,0.0,-0.6480047546393509,-0.766780567410166,-0.766780567410166,-0.766780567410166,0.0,0.0,0.0,0.6480047546393509,-0.766780567410166,0.766780567410166,0.0,0.0,1.8365025524783232,-1.8365025524783232,-0.766780567410166,0.0,-0.766780567410166,0.0,0.0,-0.0019706118808392,-0.0118160267665125
2055210428385636631,chairbtc,2026-05-15,crypto,加密,2.0,-0.25,3.067122269640664,-0.766780567410166,0.766780567410166,-0.6134244539281328,-0.766780567410166,0.0,-0.766780567410166,-0.15051499783199057,-3.067122269640664,3.067122269640664,-0.766780567410166,-0.34657359027997264,0.766780567410166,0.766780567410166,0.0,0.46164790176541454,0.766780567410166,0.766780567410166,0.0,0.766780567410166,0.0,0.46164790176541454,0.0,-0.766780567410166,-0.766780567410166,0.0,0.0,-1.8613543891754218,1.8613543891754218,0.766780567410166,0.766780567410166,0.0,0.0,0.0,-0.0019417692062511,-0.0118160267665125
2055212929956663633,chairbtc,2026-05-15,crypto,加密,2.0,0.25,3.067122269640664,0.766780567410166,-0.766780567410166,0.6134244539281328,0.766780567410166,0.766780567410166,0.0,0.1747425010840047,3.067122269640664,3.067122269640664,0.766780567410166,0.40235947810852507,-0.766780567410166,-0.5111870449401107,0.0,-0.5359566165274586,-0.766780567410166,-0.766780567410166,-0.766780567410166,0.0,0.0,0.0,0.5359566165274586,-0.766780567410166,0.766780567410166,0.0,0.0,1.7120013186440908,-1.7120013186440908,-0.766780567410166,0.0,-0.766780567410166,0.0,0.0,-0.0004936363269812,-0.0118160267665125
2055279968389865476,chairbtc,2026-05-15,crypto,加密,2.0,0.5133,3.067122269640664,1.5743538610065528,-1.5743538610065528,1.2594830888052424,1.5743538610065528,1.5743538610065528,0.0,0.3994250368219242,3.067122269640664,3.067122269640664,1.5743538610065528,0.9197101355547606,-1.5743538610065528,-1.1909635773014697,0.0,-1.225085425488566,-1.5743538610065528,-1.5743538610065528,-1.5743538610065528,0.0,0.0,0.0,1.225085425488566,-1.5743538610065528,1.5743538610065528,0.0,0.0,3.831238659073899,-3.831238659073899,-1.5743538610065528,0.0,-1.5743538610065528,0.0,0.0,-0.0072952904015096,-0.0118160267665125
2055287072102223878,chairbtc,2026-05-15,crypto,加密,2.0,0.1829,3.067122269640664,0.5609766631172775,-0.5609766631172775,0.44878133049382196,0.5609766631172775,0.5609766631172775,0.0,0.14232386369516842,3.067122269640664,3.067122269640664,0.5609766631172775,0.32771280692181126,-0.5609766631172775,0.06060633604809952,0.0,-0.43652469184075343,0.0,-0.5609766631172775,-0.5609766631172775,0.0,0.0,0.0,0.43652469184075343,-0.5609766631172775,0.5609766631172775,0.0,0.0,1.4326930022064495,-1.4326930022064495,-0.5609766631172775,0.0,0.0,0.0,0.0,0.0052095291897922,-0.0118160267665125
2055288466913837526,chairbtc,2026-05-15,crypto,加密,3.0,0.575,3.067122269640664,1.7635953050433817,-1.7635953050433817,1.058157183026029,1.7635953050433817,1.7635953050433817,0.0,0.8878391255014083,3.067122269640664,3.067122269640664,1.7635953050433817,2.0443251353564125,-1.7635953050433817,-1.152113361886021,-1.7635953050433817,-2.7231111536836616,-1.7635953050433817,-1.7635953050433817,-1.7635953050433817,0.0,0.0,0.0,2.7231111536836616,-1.7635953050433817,1.7635953050433817,0.0,0.0,5.82036970149753,-5.82036970149753,-1.7635953050433817,0.0,-1.7635953050433817,0.0,0.0,0.0019158632688203,-0.0118160267665125
2055290877472538946,chairbtc,2026-05-15,crypto,加密,3.0,-0.1289,3.067122269640664,-0.39535206055668154,0.39535206055668154,-0.23721123633400892,-0.39535206055668154,0.0,-0.39535206055668154,-0.20788783913117387,-3.067122269640664,3.067122269640664,-0.39535206055668154,-0.47867943939818525,0.39535206055668154,1.1714216268406163,0.39535206055668154,0.6376174209866993,0.0,0.39535206055668154,0.0,0.39535206055668154,0.0,0.6376174209866993,0.0,-0.39535206055668154,-0.39535206055668154,0.0,0.0,-1.211996720265444,1.211996720265444,-1.444921301227717,0.0,0.0,0.0,0.39535206055668154,0.0008870263222198,-0.0118160267665125
2055316815396626840,chairbtc,2026-05-15,crypto,加密,3.0,0.2003,3.067122269640664,0.614344590609025,-0.614344590609025,0.368606754365415,0.614344590609025,0.614344590609025,0.0,0.34371546973005024,3.067122269640664,3.067122269640664,0.614344590609025,0.7914341168318599,-0.614344590609025,0.015297272319832744,-0.614344590609025,-1.0542173716290386,-0.614344590609025,-0.614344590609025,-0.614344590609025,0.0,0.0,0.0,1.0542173716290386,-0.614344590609025,0.614344590609025,0.0,0.0,1.9316420932093499,-1.9316420932093499,-0.614344590609025,0.0,-0.614344590609025,0.0,0.0,0.0019598080363782,-0.0118160267665125
2055323053333373055,chairbtc,2026-05-15,crypto,加密,3.0,-0.2362,3.067122269640664,-0.7244542800891248,0.7244542800891248,-0.4346725680534749,-0.7244542800891248,0.0,-0.7244542800891248,-0.25490261031644895,-3.067122269640664,3.067122269640664,-0.7244542800891248,-0.5869349506799256,0.7244542800891248,1.3523964460935567,0.7244542800891248,0.7818174726911166,0.7244542800891248,0.7244542800891248,0.0,0.7244542800891248,0.0,0.7818174726911167,0.0,-0.7244542800891248,-0.7244542800891248,0.0,0.0,-1.92115334805152,1.92115334805152,0.7244542800891248,0.7244542800891248,0.0,0.0,0.7244542800891248,0.0002698580219584,-0.0118160267665125
2055490512283722181,chairbtc,2026-05-16,crypto,加密,3.0,-0.2495,3.067122269640664,-0.7652470062753457,0.7652470062753457,-0.4591482037652074,-0.7652470062753457,0.0,-0.7652470062753457,-0.2495,-3.067122269640664,3.067122269640664,-0.7652470062753457,-0.5744949807020144,0.7652470062753457,1.2579495276704218,0.0,0.7652470062753457,0.7652470062753457,0.7652470062753457,0.0,0.7652470062753457,0.0,0.7652470062753457,0.0,-0.7652470062753457,-0.7652470062753457,0.0,0.0,-2.049779079280794,2.049779079280794,0.7652470062753457,0.7652470062753457,0.0,0.0,0.7652470062753457,-0.0016838277892896,0.0030410494175279
2055496493231210587,chairbtc,2026-05-16,crypto,加密,3.0,0.9849,3.067122269640664,3.0208087233690897,-3.0208087233690897,1.8124852340214537,3.0208087233690897,3.0208087233690897,0.0,1.468842132257375,3.067122269640664,3.067122269640664,3.0208087233690897,3.3821339976974207,-3.0208087233690897,-2.6424652499440517,-3.0208087233690897,-4.505118414433072,-3.0208087233690897,-3.0208087233690897,-3.0208087233690897,0.0,0.0,0.0,4.505118414433072,-3.0208087233690897,3.0208087233690897,0.0,0.0,8.169793898414541,-8.169793898414541,-3.0208087233690897,0.0,-3.0208087233690897,0.0,0.0,-0.001162014490539,0.0030410494175279
2055510324951089527,chairbtc,2026-05-16,crypto,加密,3.0,0.2499,3.067122269640664,0.766473855183202,-0.766473855183202,0.4598843131099212,0.766473855183202,0.766473855183202,0.0,0.3576978046633309,3.067122269640664,3.067122269640664,0.766473855183202,0.8236296328144819,-0.766473855183202,-0.16792494426282634,-0.766473855183202,-1.0971029024844785,-0.766473855183202,-0.766473855183202,-0.766473855183202,0.0,0.0,0.0,1.0971029024844783,-0.766473855183202,0.766473855183202,0.0,0.0,2.4798914584351928,-2.4798914584351928,-0.766473855183202,0.0,-0.766473855183202,0.0,0.0,0.000274067586452,0.0030410494175279
2055655427740991667,chairbtc,2026-05-16,crypto,加密,3.0,-0.1599,3.067122269640664,-0.4904328509155421,0.4904328509155421,-0.29425971054932526,-0.4904328509155421,0.0,-0.4904328509155421,-0.1832658729049502,-3.067122269640664,3.067122269640664,-0.4904328509155421,-0.4219852670054798,0.4904328509155421,1.1018990652407503,0.4904328509155421,0.5620988400519084,0.0,0.4904328509155421,0.0,0.4904328509155421,0.0,0.5620988400519082,0.0,-0.4904328509155421,-0.4904328509155421,0.0,0.0,-1.3715780182158877,1.3715780182158877,0.4904328509155421,0.0,0.0,0.0,0.4904328509155421,0.0020244783485547,0.0030410494175279
2055660324691546412,chairbtc,2026-05-16,crypto,加密,3.0,-0.242,3.067122269640664,-0.7422435892530407,0.7422435892530407,-0.4453461535518244,-0.7422435892530407,0.0,-0.7422435892530407,-0.2185477768520503,-3.067122269640664,3.067122269640664,-0.7422435892530407,-0.5032248530865202,0.7422435892530407,1.2750027274896238,0.0,0.6703127533633819,0.7422435892530407,0.7422435892530407,0.0,0.7422435892530407,0.0,0.6703127533633818,0.0,-0.7422435892530407,-0.7422435892530407,0.0,0.0,-2.004177205679557,2.004177205679557,0.7422435892530407,0.7422435892530407,0.0,0.0,0.0,-8.992949527575345e-05,0.0030410494175279
2055665275278856301,chairbtc,2026-05-16,crypto,加密,3.0,-0.9978,3.067122269640664,-3.0603746006474544,3.0603746006474544,-1.8362247603884725,-3.0603746006474544,0.0,-3.0603746006474544,-1.6495754462450378,-3.067122269640664,3.067122269640664,-3.0603746006474544,-3.798287832292825,3.0603746006474544,3.5081335570513965,3.0603746006474544,5.059449586630591,3.0603746006474544,3.0603746006474544,0.0,3.0603746006474544,0.0,5.059449586630591,0.0,-3.0603746006474544,-3.0603746006474544,0.0,0.0,-9.364821425380617,9.364821425380617,3.0603746006474544,3.0603746006474544,0.0,0.0,3.0603746006474544,0.0017849174029695,0.0030410494175279
2055678396664062159,chairbtc,2026-05-16,crypto,加密,3.0,0.9751,3.067122269640664,2.990750925126611,-2.990750925126611,1.7944505550759666,2.990750925126611,2.990750925126611,0.0,0.880603046315844,3.067122269640664,3.067122269640664,2.990750925126611,2.027663447292008,-2.990750925126611,-2.7981356465931775,0.0,-2.700917214068734,-2.990750925126611,-2.990750925126611,-2.990750925126611,0.0,0.0,0.0,2.700917214068734,-2.990750925126611,2.990750925126611,0.0,0.0,7.422789649922269,-7.422789649922269,-2.990750925126611,0.0,-2.990750925126611,0.0,0.0,-0.0004529974664513,0.0030410494175279
2055846356233937287,chairbtc,2026-05-17,crypto,加密,3.0,0.2499,3.067122269640664,0.766473855183202,-0.766473855183202,0.4598843131099212,0.766473855183202,0.766473855183202,0.0,0.22568218774928667,3.067122269640664,3.067122269640664,0.766473855183202,0.519652441265791,-0.766473855183202,-0.4255938861353385,0.0,-0.6921948639070626,-0.766473855183202,-0.766473855183202,-0.766473855183202,0.0,0.0,0.0,0.6921948639070625,-0.766473855183202,0.766473855183202,0.0,0.0,2.0026998481953866,-2.0026998481953866,-0.766473855183202,0.0,-0.766473855183202,0.0,0.0,,
2055847996718502371,chairbtc,2026-05-17,crypto,加密,3.0,-0.0447,3.067122269640664,-0.13710036545293766,0.13710036545293766,-0.0822602192717626,-0.13710036545293766,0.0,-0.13710036545293766,-0.07389859936575785,-3.067122269640664,3.067122269640664,-0.13710036545293766,-0.17015781329273327,0.13710036545293766,0.5801972960070255,0.13710036545293766,0.22665603980996935,0.0,0.13710036545293766,0.0,0.0,0.0,0.0,0.0,-0.13710036545293766,-0.13710036545293766,0.0,0.0,-0.4339702270325136,0.4339702270325136,0.13710036545293766,0.0,0.0,0.0,0.0,,
2055984492779872678,chairbtc,2026-05-17,crypto,加密,3.0,0.2499,3.067122269640664,0.766473855183202,-0.766473855183202,0.4598843131099212,0.766473855183202,0.766473855183202,0.0,0.2499,3.067122269640664,3.067122269640664,0.766473855183202,0.5754160147392121,-0.766473855183202,-0.3836356534866543,0.0,-0.766473855183202,-0.766473855183202,-0.766473855183202,-0.766473855183202,0.0,0.0,0.0,0.766473855183202,-0.766473855183202,0.766473855183202,0.0,0.0,2.0661637801041435,-2.0661637801041435,-0.766473855183202,0.0,-0.766473855183202,0.0,0.0,,
2056000311488332109,chairbtc,2026-05-17,crypto,加密,3.0,-0.0009,3.067122269640664,-0.0027604100426765975,0.0027604100426765975,-0.0016562460256059584,-0.0027604100426765975,0.0,-0.0027604100426765975,-0.0007003361253452792,-3.067122269640664,3.067122269640664,-0.0027604100426765975,-0.0016125835223052495,0.0027604100426765975,0.3317399446843342,0.0,0.0021480165262803613,0.0,0.0027604100426765975,0.0,0.0,0.0,0.0,0.0,-0.0027604100426765975,-0.0027604100426765975,0.0,0.0,-0.006917959201450158,0.006917959201450158,0.0027604100426765975,0.0,0.0,0.0,0.0,,
2056017774737285571,chairbtc,2026-05-17,crypto,加密,3.0,-0.2459,3.067122269640664,-0.7542053661046393,0.7542053661046393,-0.4525232196627835,-0.7542053661046393,0.0,-0.7542053661046393,-0.289200840601792,-3.067122269640664,3.067122269640664,-0.7542053661046393,-0.6659095444510335,0.7542053661046393,1.0456024292023,0.7542053661046393,0.8870143386085562,0.7542053661046393,0.7542053661046393,0.0,0.7542053661046393,0.0,0.8870143386085562,0.0,-0.7542053661046393,-0.7542053661046393,0.0,0.0,-1.8979154500867959,1.8979154500867959,0.7542053661046393,0.7542053661046393,0.0,0.0,0.7542053661046393,,
2056040515548926134,chairbtc,2026-05-17,crypto,加密,3.0,0.2384,3.067122269640664,0.7312019490823343,-0.7312019490823343,0.43872116944940054,0.7312019490823343,0.7312019490823343,0.0,0.22749141425033506,3.067122269640664,3.067122269640664,0.7312019490823343,0.5238183392369548,-0.7312019490823343,-0.6076582640612083,0.0,-0.6977439827992521,-0.7312019490823343,-0.7312019490823343,-0.7312019490823343,0.0,0.0,0.0,0.6977439827992521,-0.7312019490823343,0.7312019490823343,0.0,0.0,1.6856606271708499,-1.6856606271708499,-0.7312019490823343,0.0,-0.7312019490823343,0.0,0.0,,
2054128539721498903,cheery9998,2026-05-12,unclassified,未分类,41.0,0.9181,0.412109650826833,0.3783578704241154,-0.3783578704241154,0.07567157408482308,0.0,0.3783578704241154,0.0,0.9181,0.412109650826833,0.412109650826833,0.3783578704241154,2.8786972396445525,0.0,-0.3783578704241154,0.0,-0.3783578704241154,-0.3783578704241154,-0.3783578704241154,-0.3783578704241154,0.0,0.0,0.0,0.3783578704241154,-0.3783578704241154,0.3783578704241154,0.0,0.0,7.6050759572298015,-7.6050759572298015,-0.3783578704241154,0.0,-0.3783578704241154,0.0,0.0,,
2054723634531332338,cheery9998,2026-05-14,unclassified,未分类,44.0,0.248,0.412109650826833,0.10220319340505458,-0.10220319340505458,0.02044063868101092,0.0,0.10220319340505458,0.0,0.19654217380363018,0.412109650826833,0.412109650826833,0.10220319340505458,0.6162568491474241,0.0,-0.10220319340505458,0.0,-0.08099692661896075,-0.10220319340505458,-0.10220319340505458,-0.10220319340505458,0.0,0.0,0.0,0.08099692661896075,-0.10220319340505458,0.10220319340505458,0.0,0.0,2.010191131770374,-2.010191131770374,-0.10220319340505458,0.0,-0.10220319340505458,0.0,0.0,,
2054936916957540801,cheery9998,2026-05-14,unclassified,未分类,44.0,0.2471,0.412109650826833,0.10183229471931042,-0.10183229471931042,0.020366458943862086,0.0,0.10183229471931042,0.0,0.1814606366002256,0.412109650826833,0.412109650826833,0.10183229471931042,0.5689687764788287,0.0,-0.10183229471931042,0.0,-0.0747816795881338,-0.10183229471931042,-0.10183229471931042,-0.10183229471931042,0.0,0.0,0.0,0.0747816795881338,-0.10183229471931042,0.10183229471931042,0.0,0.0,1.6614589961269206,-1.6614589961269206,-0.10183229471931042,0.0,-0.10183229471931042,0.0,0.0,,
2055256751058862299,cheery9998,2026-05-15,unclassified,未分类,44.0,0.25,0.412109650826833,0.10302741270670825,-0.10302741270670825,0.02060548254134165,0.0,0.10302741270670825,0.0,0.2656841538127158,0.412109650826833,0.412109650826833,0.10302741270670825,0.833051127543801,0.0,0.09110370680945189,-0.10302741270670825,-0.1094910038579809,-0.10302741270670825,-0.10302741270670825,-0.10302741270670825,0.0,0.0,0.0,0.1094910038579809,-0.10302741270670825,0.10302741270670825,0.0,0.0,1.985145956776061,-1.985145956776061,-0.10302741270670825,0.0,-0.10302741270670825,0.0,0.0,,
2055532732088819949,cheery9998,2026-05-16,unclassified,未分类,44.0,0.2082,0.412109650826833,0.08580122930214662,-0.08580122930214662,0.017160245860429326,0.0,0.08580122930214662,0.0,0.29421073489233407,0.412109650826833,0.412109650826833,0.08580122930214662,0.9224960575191778,0.0,0.08555396351165052,-0.08580122930214662,-0.12124708322598571,-0.08580122930214662,-0.08580122930214662,-0.08580122930214662,0.0,0.0,0.0,0.12124708322598572,-0.08580122930214662,0.08580122930214662,0.0,0.0,1.8941243802980916,-1.8941243802980916,-0.08580122930214662,0.0,-0.08580122930214662,0.0,0.0,,
2055598345343639940,cheery9998,2026-05-16,unclassified,未分类,44.0,0.2467,0.412109650826833,0.1016674508589797,-0.1016674508589797,0.02033349017179594,0.0,0.1016674508589797,0.0,0.0,0.412109650826833,0.412109650826833,0.0,0.0,0.0,0.052576949252487355,0.0,-0.05083372542948985,-0.1016674508589797,0.0,-0.1016674508589797,0.0,0.0,0.0,0.0,-0.1016674508589797,0.1016674508589797,0.0,0.0,0.0,-0.0,-0.1016674508589797,0.0,-0.1016674508589797,-0.1016674508589797,0.0,,
2055857175994695704,cherylnatsu,2026-05-17,ai_tech,AI / 大模型,43.0,-0.2364,0.10436001532424277,-0.02467070762265099,0.02467070762265099,-0.004934141524530198,0.0,0.0,-0.02467070762265099,-0.27745894421937733,-0.10436001532424277,0.10436001532424277,-0.02467070762265099,-1.1560785339116226,0.0,0.02467070762265099,0.02467070762265099,0.02895561967058244,0.02467070762265099,0.02467070762265099,0.0,0.02467070762265099,0.0,0.02895561967058244,0.0,-0.02467070762265099,-0.02467070762265099,0.0,0.0,-2.3697836392566467,2.3697836392566467,0.02467070762265099,0.02467070762265099,0.0,0.0,0.02467070762265099,,
2055859331908903119,cherylnatsu,2026-05-17,ai_tech,AI / 大模型,43.0,0.223,0.10436001532424277,0.02327228341730614,-0.02327228341730614,0.004654456683461228,0.0,0.02327228341730614,0.0,0.15163363068273256,0.10436001532424277,0.10436001532424277,0.02327228341730614,0.6318065757245362,0.0,-0.02327228341730614,0.0,-0.01582448802172054,-0.02327228341730614,-0.02327228341730614,-0.02327228341730614,0.0,0.0,0.0,0.01582448802172054,-0.02327228341730614,0.02327228341730614,0.0,0.0,1.6053616666734627,-1.6053616666734627,-0.02327228341730614,0.0,-0.02327228341730614,0.0,0.0,,
2055945338498990235,cherylnatsu,2026-05-17,ai_tech,AI / 大模型,43.0,0.1434,0.10436001532424277,0.014965226197496413,-0.014965226197496413,0.002993045239499283,0.0,0.014965226197496413,0.0,0.16239191338879555,0.10436001532424277,0.10436001532424277,0.014965226197496413,0.6766327381437165,0.0,-0.014965226197496413,-0.014965226197496413,-0.01694722256978781,0.0,-0.014965226197496413,0.0,0.0,0.0,0.0,0.01694722256978781,-0.014965226197496413,0.014965226197496413,0.0,0.0,1.5587110509381037,-1.5587110509381037,-0.014965226197496413,0.0,0.0,0.0,0.0,,
2055989095802012026,cherylnatsu,2026-05-17,ai_tech,AI / 大模型,43.0,0.2469,0.10436001532424277,0.02576648778355554,-0.02576648778355554,0.005153297556711109,0.0,0.02576648778355554,0.0,0.13644202951863618,0.10436001532424277,0.10436001532424277,0.02576648778355554,0.56850825946023,0.0,-0.021244220452838355,0.0,-0.014239092291435655,-0.02576648778355554,-0.02576648778355554,-0.02576648778355554,0.0,0.0,0.0,0.014239092291435657,-0.02576648778355554,0.02576648778355554,0.0,0.0,1.665108213100272,-1.665108213100272,-0.02576648778355554,0.0,-0.02576648778355554,0.0,0.0,,
2052925927932510389,cholf5,2026-05-09,unclassified,未分类,4.0,0.25,2.336986519711378,0.5842466299278445,-0.5842466299278445,0.23369865197113782,0.0,0.5842466299278445,0.0,0.2809360245945187,2.336986519711378,2.336986519711378,0.5842466299278445,0.9780057513570365,0.0,-0.5842466299278445,-0.5842466299278445,-0.6565437023786944,-0.5842466299278445,-0.5842466299278445,-0.5842466299278445,0.0,0.0,0.0,0.6565437023786944,-0.5842466299278445,0.5842466299278445,0.0,0.0,2.5191185014631006,-2.5191185014631006,-0.5842466299278445,0.0,-0.5842466299278445,0.0,0.0,,
2053694524422242774,cholf5,2026-05-11,unclassified,未分类,6.0,0.9995,2.336986519711378,2.3358180264515225,-2.3358180264515225,0.46716360529030454,0.0,2.3358180264515225,0.0,0.39801943513862564,2.336986519711378,2.336986519711378,2.3358180264515225,1.3856012139393308,0.0,-2.3358180264515225,0.0,-1.1679090132257612,-2.3358180264515225,-2.3358180264515225,-2.3358180264515225,0.0,0.0,0.0,0.9301660545021053,-2.3358180264515225,2.3358180264515225,0.0,0.0,7.307562775227419,-7.307562775227419,-2.3358180264515225,0.0,-2.3358180264515225,0.0,0.0,,
2054024795227095307,cholf5,2026-05-12,unclassified,未分类,6.0,-0.1707,2.336986519711378,-0.39892359891473217,0.39892359891473217,-0.07978471978294643,0.0,0.0,-0.39892359891473217,-0.22118661683841584,-2.336986519711378,2.336986519711378,-0.39892359891473217,-0.7700037177624263,0.0,0.39892359891473217,0.39892359891473217,0.5169101418919434,0.0,0.39892359891473217,0.0,0.39892359891473217,0.0,0.5169101418919435,0.0,-0.39892359891473217,-0.39892359891473217,0.0,0.0,-1.7900048680274296,1.7900048680274296,0.39892359891473217,0.0,0.0,0.0,0.39892359891473217,,
2054402888953364823,cholf5,2026-05-13,unclassified,未分类,6.0,-0.0585,2.336986519711378,-0.1367137114031156,0.1367137114031156,-0.027342742280623125,0.0,0.0,-0.1367137114031156,-0.018461472704500693,-2.336986519711378,2.336986519711378,-0.1367137114031156,-0.06426881888708443,0.0,0.977094063891327,0.0,0.0683568557015578,0.0,0.1367137114031156,0.0,0.0,0.0,0.0,0.0,-0.1367137114031156,-0.1367137114031156,0.0,0.0,-0.41020874471692326,0.41020874471692326,0.1367137114031156,0.0,0.0,0.0,0.0,,
2054968204003561827,cholf5,2026-05-14,unclassified,未分类,6.0,-0.1908,2.336986519711378,-0.4458970279609309,0.4458970279609309,-0.08917940559218618,0.0,0.0,-0.4458970279609309,-0.2940987112042426,-2.336986519711378,2.336986519711378,-0.4458970279609309,-1.023828223666169,0.0,1.0420038644763108,0.4458970279609309,0.6873047235488045,0.0,0.4458970279609309,0.0,0.4458970279609309,0.0,0.6873047235488045,0.0,-0.4458970279609309,-0.4458970279609309,0.0,0.0,-2.058550930754015,2.058550930754015,0.4458970279609309,0.0,0.0,0.0,0.4458970279609309,,
2055590338589507910,cholf5,2026-05-16,unclassified,未分类,6.0,0.5188,2.336986519711378,1.212428606426263,-1.212428606426263,0.24248572128525261,0.0,1.212428606426263,0.0,0.4035735566287598,2.336986519711378,2.336986519711378,1.212428606426263,1.4049364443318266,0.0,-0.8247225428061452,0.0,-0.9431459615533881,-1.212428606426263,-1.212428606426263,-1.212428606426263,0.0,0.0,0.0,0.9431459615533881,-1.212428606426263,1.212428606426263,0.0,0.0,4.477144045805452,-4.477144045805452,-1.212428606426263,0.0,-1.212428606426263,0.0,0.0,,
2055315085653135758,dashen_wang,2026-05-15,ai_tech,AI / 大模型,4.0,0.9974,1.8066480817218056,1.801950796709329,-1.801950796709329,0.7207803186837316,0.0,1.801950796709329,0.0,0.6694426533434144,1.8066480817218056,1.8066480817218056,1.801950796709329,1.6052533738617716,0.0,-1.801950796709329,0.0,-1.2094472854856353,-1.801950796709329,-1.801950796709329,-1.801950796709329,0.0,0.0,0.0,1.2094472854856353,-1.801950796709329,1.801950796709329,0.0,0.0,7.996462508168591,-7.996462508168591,-1.801950796709329,0.0,-1.801950796709329,0.0,0.0,0.0014863157749804,
2055317264686367104,dashen_wang,2026-05-15,ai_tech,AI / 大模型,4.0,0.25,1.8066480817218056,0.4516620204304514,-0.4516620204304514,0.18066480817218056,0.0,0.4516620204304514,0.0,0.46560708565086945,1.8066480817218056,1.8066480817218056,0.4516620204304514,1.116477029663646,0.0,-0.4516620204304514,-0.4516620204304514,-0.8411881481272238,-0.4516620204304514,-0.4516620204304514,-0.4516620204304514,0.0,0.0,0.0,0.8411881481272238,-0.4516620204304514,0.4516620204304514,0.0,0.0,2.354765100656167,-2.354765100656167,-0.4516620204304514,0.0,-0.4516620204304514,0.0,0.0,0.001450418688502,
2055321958536167864,dashen_wang,2026-05-15,ai_tech,AI / 大模型,4.0,0.1732,1.8066480817218056,0.3129114477542167,-0.3129114477542167,0.12516457910168668,0.0,0.3129114477542167,0.0,0.1732,1.8066480817218056,1.8066480817218056,0.3129114477542167,0.4153154612486778,0.0,-0.3129114477542167,0.0,-0.3129114477542167,0.0,-0.3129114477542167,-0.3129114477542167,0.0,0.0,0.0,0.3129114477542167,-0.3129114477542167,0.3129114477542167,0.0,0.0,1.283262432086966,-1.283262432086966,-0.3129114477542167,0.0,0.0,0.0,0.0,0.0031549632965468,
2054575043951112589,dotey,2026-05-13,ai_tech,AI / 大模型,35.0,0.2481,0.1988508587451652,0.04933489805467548,-0.04933489805467548,0.009866979610935097,0.0,0.04933489805467548,0.0,0.0,0.1988508587451652,0.1988508587451652,0.0,0.0,0.0,-0.04933489805467548,0.0,-0.02466744902733774,-0.04933489805467548,0.0,-0.04933489805467548,0.0,0.0,0.0,0.0,-0.04933489805467548,0.04933489805467548,0.0,0.0,0.5159094464907672,-0.5159094464907672,-0.04933489805467548,0.0,-0.04933489805467548,-0.04933489805467548,0.0,0.0009430066794731,0.0071077162744499
2054600263189582234,dotey,2026-05-13,ai_tech,AI / 大模型,35.0,0.245,0.1988508587451652,0.04871846039256547,-0.04871846039256547,0.009743692078513095,0.0,0.04871846039256547,0.0,0.0,0.1988508587451652,0.1988508587451652,0.0,0.0,0.0,-0.04871846039256547,0.0,-0.024359230196282736,-0.04871846039256547,0.0,-0.04871846039256547,0.0,0.0,0.0,0.0,-0.04871846039256547,0.04871846039256547,0.0,0.0,0.4767479865185517,-0.4767479865185517,-0.04871846039256547,0.0,-0.04871846039256547,-0.04871846039256547,0.0,0.0010929985234258,0.0071077162744499
2054609453467517363,dotey,2026-05-13,ai_tech,AI / 大模型,35.0,0.2444,0.1988508587451652,0.04859914987731838,-0.04859914987731838,0.009719829975463676,0.0,0.04859914987731838,0.0,0.2535056052140078,0.1988508587451652,0.1988508587451652,0.04859914987731838,1.2006528540738912,0.0,-0.04859914987731838,0.0,-0.05040980729351828,-0.04859914987731838,-0.04859914987731838,-0.04859914987731838,0.0,0.0,0.0,0.05040980729351827,-0.04859914987731838,0.04859914987731838,0.0,0.0,2.9164243972603194,-2.9164243972603194,-0.04859914987731838,0.0,-0.04859914987731838,0.0,0.0,0.0004129116463891,0.0071077162744499
2054651679786914278,dotey,2026-05-13,ai_tech,AI / 大模型,35.0,-0.25,0.1988508587451652,-0.0497127146862913,0.0497127146862913,-0.009942542937258261,0.0,0.0,-0.0497127146862913,-0.27352018748542073,-0.1988508587451652,0.1988508587451652,-0.0497127146862913,-1.2954458875730213,0.0,0.09859688412781108,0.0497127146862913,0.0543897241656145,0.0497127146862913,0.0497127146862913,0.0,0.0497127146862913,0.0,0.0543897241656145,0.0,-0.0497127146862913,-0.0497127146862913,0.0,0.0,-2.862347277041214,2.862347277041214,0.0497127146862913,0.0497127146862913,0.0,0.0,0.0497127146862913,0.0051926185114692,0.0071077162744499
2054664841412092392,dotey,2026-05-13,ai_tech,AI / 大模型,35.0,0.5,0.1988508587451652,0.0994254293725826,-0.0994254293725826,0.019885085874516522,0.0,0.0994254293725826,0.0,0.5,0.1988508587451652,0.1988508587451652,0.0994254293725826,2.368099224197248,0.0,-0.07519048096301559,0.0,-0.0994254293725826,-0.0994254293725826,-0.0994254293725826,-0.0994254293725826,0.0,0.0,0.0,0.0994254293725826,-0.0994254293725826,0.0994254293725826,0.0,0.0,5.745575046546194,-5.745575046546194,-0.0994254293725826,0.0,-0.0994254293725826,0.0,0.0,0.0051926185114692,0.0071077162744499
2054768295534846239,dotey,2026-05-14,ai_tech,AI / 大模型,35.0,0.1325,0.1988508587451652,0.02634773878373439,-0.02634773878373439,0.005269547756746878,0.0,0.02634773878373439,0.0,0.1609341084309457,0.1988508587451652,0.1988508587451652,0.02634773878373439,0.7622158746443964,0.0,0.012925305818435739,-0.02634773878373439,-0.03200188566288108,0.0,-0.02634773878373439,0.0,0.0,0.0,0.0,0.032001885662881084,-0.02634773878373439,0.02634773878373439,0.0,0.0,1.4611684431083274,-1.4611684431083274,-0.02634773878373439,0.0,0.0,0.0,0.0,0.0051926185114692,0.0071077162744499
2054774181808488756,dotey,2026-05-14,ai_tech,AI / 大模型,35.0,1.0,0.1988508587451652,0.1988508587451652,-0.1988508587451652,0.039770171749033044,0.0,0.1988508587451652,0.0,1.0341289228729869,0.1988508587451652,0.1988508587451652,0.1988508587451652,4.897839799950911,0.0,-0.16173203177940104,0.0,-0.20563742436650614,-0.1988508587451652,-0.1988508587451652,-0.1988508587451652,0.0,0.0,0.0,0.20563742436650614,-0.1988508587451652,0.1988508587451652,0.0,0.0,9.760828918798548,-9.760828918798548,-0.1988508587451652,0.0,-0.1988508587451652,0.0,0.0,0.0051926185114692,-0.015087714031981
2054776883493904838,dotey,2026-05-14,ai_tech,AI / 大模型,35.0,-1.0,0.1988508587451652,-0.1988508587451652,0.1988508587451652,-0.039770171749033044,0.0,0.0,-0.1988508587451652,-1.1598039024742763,-0.1988508587451652,0.1988508587451652,-0.1988508587451652,-5.493061443340548,0.0,0.2590742616794152,0.1988508587451652,0.23062800198300368,0.1988508587451652,0.1988508587451652,0.0,0.1988508587451652,0.0,0.23062800198300368,0.0,-0.1988508587451652,-0.1988508587451652,0.0,0.0,-11.0062578513529,11.0062578513529,0.11931051524709911,0.1988508587451652,0.0,0.0,0.1988508587451652,0.0051926185114692,-0.015087714031981
2054818046515073316,dotey,2026-05-14,ai_tech,AI / 大模型,35.0,0.2496,0.1988508587451652,0.04963317434279323,-0.04963317434279323,0.009926634868558647,0.0,0.04963317434279323,0.0,0.19821710578773394,0.1988508587451652,0.1988508587451652,0.04963317434279323,0.9387955488771131,0.0,-0.021794054118470102,0.0,-0.03941564170387215,-0.04963317434279323,-0.04963317434279323,-0.04963317434279323,0.0,0.0,0.0,0.03941564170387215,-0.04963317434279323,0.04963317434279323,0.0,0.0,2.5376269072510356,-2.5376269072510356,-0.04963317434279323,0.0,-0.04963317434279323,0.0,0.0,0.0051926185114692,-0.015087714031981
2054985603440148574,dotey,2026-05-14,ai_tech,AI / 大模型,35.0,0.2498,0.1988508587451652,0.04967294451454227,-0.04967294451454227,0.009934588902908454,0.0,0.04967294451454227,0.0,0.0,0.1988508587451652,0.1988508587451652,0.0,0.0,0.0,-0.019412262721500234,0.0,-0.024836472257271133,-0.04967294451454227,0.0,-0.04967294451454227,0.0,0.0,0.0,0.0,-0.04967294451454227,0.04967294451454227,0.0,0.0,0.4860883552340172,-0.4860883552340172,-0.04967294451454227,0.0,-0.04967294451454227,-0.04967294451454227,0.0,0.0022393564562579,-0.015087714031981
2055029251762422196,dotey,2026-05-14,ai_tech,AI / 大模型,35.0,0.5808,0.1988508587451652,0.11549257875919194,-0.11549257875919194,0.02309851575183839,0.0,0.11549257875919194,0.0,0.7002696461791228,0.1988508587451652,0.1988508587451652,0.11549257875919194,3.316616011691324,0.0,-0.08329067069399988,-0.11549257875919194,-0.13924922049589156,-0.11549257875919194,-0.11549257875919194,-0.11549257875919194,0.0,0.0,0.0,0.13924922049589156,-0.11549257875919194,0.11549257875919194,0.0,0.0,6.893558336319427,-6.893558336319427,-0.11549257875919194,0.0,-0.11549257875919194,0.0,0.0,-0.0128940329861121,-0.015087714031981
2055140306044027244,dotey,2026-05-15,ai_tech,AI / 大模型,35.0,0.2499,0.1988508587451652,0.04969282960041679,-0.04969282960041679,0.009938565920083358,0.0,0.04969282960041679,0.0,0.24454608200617223,0.1988508587451652,0.1988508587451652,0.04969282960041679,1.158218774158586,0.0,-0.009919042381224737,0.0,-0.048628198409692944,-0.04969282960041679,-0.04969282960041679,-0.04969282960041679,0.0,0.0,0.0,0.04862819840969294,-0.04969282960041679,0.04969282960041679,0.0,0.0,2.620125800255817,-2.620125800255817,-0.04969282960041679,0.0,-0.04969282960041679,0.0,0.0,-0.0128940329861121,
2055142106570600738,dotey,2026-05-15,ai_tech,AI / 大模型,35.0,-0.25,0.1988508587451652,-0.0497127146862913,0.0497127146862913,-0.009942542937258261,0.0,0.0,-0.0497127146862913,-0.1795320349601859,-0.1988508587451652,0.1988508587451652,-0.0497127146862913,-0.8502993454155389,0.0,0.0903130887705854,0.0,0.03570009932409999,0.0497127146862913,0.0497127146862913,0.0,0.0497127146862913,0.0,0.03570009932409999,0.0,-0.0497127146862913,-0.0497127146862913,0.0,0.0,-2.552651134406629,2.552651134406629,0.0497127146862913,0.0497127146862913,0.0,0.0,0.0,-0.0128940329861121,
2055143967528726812,dotey,2026-05-15,ai_tech,AI / 大模型,35.0,0.25,0.1988508587451652,0.0497127146862913,-0.0497127146862913,0.009942542937258261,0.0,0.0497127146862913,0.0,0.21247798918242577,0.1988508587451652,0.1988508587451652,0.0497127146862913,1.0063379226837874,0.0,-0.016059501276657614,0.0,-0.042251430613371284,-0.0497127146862913,-0.0497127146862913,-0.0497127146862913,0.0,0.0,0.0,0.042251430613371284,-0.0497127146862913,0.0497127146862913,0.0,0.0,2.476433756269152,-2.476433756269152,-0.0497127146862913,0.0,-0.0497127146862913,0.0,0.0,-0.0128940329861121,
2055300067179774213,dotey,2026-05-15,ai_tech,AI / 大模型,35.0,0.2437,0.1988508587451652,0.04845995427619676,-0.04845995427619676,0.009691990855239353,0.0,0.04845995427619676,0.0,0.0,0.1988508587451652,0.1988508587451652,0.0,0.0,0.0,-0.013659633632516098,0.0,-0.02422997713809838,-0.04845995427619676,0.0,-0.04845995427619676,0.0,0.0,0.0,0.0,-0.04845995427619676,0.04845995427619676,0.0,0.0,0.4742183033247798,-0.4742183033247798,-0.04845995427619676,0.0,-0.04845995427619676,-0.04845995427619676,0.0,-0.0021946140724057,
2055310999654207508,dotey,2026-05-15,ai_tech,AI / 大模型,35.0,0.2352,0.1988508587451652,0.046769721976862855,-0.046769721976862855,0.009353944395372571,0.0,0.046769721976862855,0.0,0.2163545145336446,0.1988508587451652,0.1988508587451652,0.046769721976862855,1.024697916037392,0.0,-0.01105875909101445,0.0,-0.043022281008408554,-0.046769721976862855,-0.046769721976862855,-0.046769721976862855,0.0,0.0,0.0,0.043022281008408554,-0.046769721976862855,0.046769721976862855,0.0,0.0,2.4071498182158084,-2.4071498182158084,-0.046769721976862855,0.0,-0.046769721976862855,0.0,0.0,-7.034961786889227e-06,
2055328717165977680,dotey,2026-05-15,ai_tech,AI / 大模型,35.0,-0.0712,0.1988508587451652,-0.014158181142655763,0.014158181142655763,-0.0028316362285311526,0.0,0.0,-0.014158181142655763,-0.0,-0.1988508587451652,0.1988508587451652,0.0,-0.0,0.0,0.04969813228998333,0.0,0.007079090571327881,0.0,0.0,0.0,0.0,0.0,0.0,0.0,-0.014158181142655763,-0.014158181142655763,0.0,0.0,-0.1480562377676043,0.1480562377676043,0.014158181142655763,0.0,0.0,0.014158181142655763,0.0,0.0027759552978461,
2055340633103958288,dotey,2026-05-15,ai_tech,AI / 大模型,35.0,-0.1666,0.1988508587451652,-0.033128553066944524,0.033128553066944524,-0.006625710613388906,0.0,0.0,-0.033128553066944524,-0.0,-0.1988508587451652,0.1988508587451652,0.0,-0.0,0.0,0.064476728111924,0.0,0.016564276533472262,0.0,0.0,0.0,0.033128553066944524,0.0,0.0,0.0,-0.033128553066944524,-0.033128553066944524,0.0,0.0,-0.427320562953092,0.427320562953092,0.033128553066944524,0.0,0.0,0.033128553066944524,0.0,-0.0034864068341369,
2055357875262730608,dotey,2026-05-15,ai_tech,AI / 大模型,35.0,0.25,0.1988508587451652,0.0497127146862913,-0.0497127146862913,0.009942542937258261,0.0,0.0497127146862913,0.0,0.2817416825888423,0.1988508587451652,0.1988508587451652,0.0497127146862913,1.3343845199253295,0.0,-0.023813053170929348,-0.0497127146862913,-0.05602457552709905,-0.0497127146862913,-0.0497127146862913,-0.0497127146862913,0.0,0.0,0.0,0.05602457552709905,-0.0497127146862913,0.0497127146862913,0.0,0.0,2.747932397215762,-2.747932397215762,-0.0497127146862913,0.0,-0.0497127146862913,0.0,0.0,-0.0027528483923555,
2055365342445322385,dotey,2026-05-15,ai_tech,AI / 大模型,35.0,0.1008,0.1988508587451652,0.02004416656151265,-0.02004416656151265,0.00400883331230253,0.0,0.02004416656151265,0.0,0.10486620796732228,0.1988508587451652,0.1988508587451652,0.02004416656151265,0.49666717146384626,0.0,0.012483856912021472,0.0,-0.020852735507651116,0.0,-0.02004416656151265,0.0,0.0,0.0,0.0,0.02085273550765112,-0.02004416656151265,0.02004416656151265,0.0,0.0,1.1021093690360955,-1.1021093690360955,-0.02004416656151265,0.0,0.0,0.0,0.0,,
2055470006679302261,dotey,2026-05-16,ai_tech,AI / 大模型,35.0,0.2424,0.1988508587451652,0.04820144815982805,-0.04820144815982805,0.00964028963196561,0.0,0.04820144815982805,0.0,0.3335762919920498,0.1988508587451652,0.1988508587451652,0.04820144815982805,1.5798835165539356,0.0,-0.020965508873698586,-0.04820144815982805,-0.06633193211964708,-0.04820144815982805,-0.04820144815982805,-0.04820144815982805,0.0,0.0,0.0,0.06633193211964708,-0.04820144815982805,0.04820144815982805,0.0,0.0,2.9177049065823537,-2.9177049065823537,-0.04820144815982805,0.0,-0.04820144815982805,0.0,0.0,,
2055504619279675668,dotey,2026-05-16,ai_tech,AI / 大模型,35.0,0.25,0.1988508587451652,0.0497127146862913,-0.0497127146862913,0.009942542937258261,0.0,0.0497127146862913,0.0,0.2953165624583556,0.1988508587451652,0.1988508587451652,0.0497127146862913,1.3986778449004598,0.0,-0.021019861441755598,-0.0497127146862913,-0.05872395204651422,-0.0497127146862913,-0.0497127146862913,-0.0497127146862913,0.0,0.0,0.0,0.05872395204651422,-0.0497127146862913,0.0497127146862913,0.0,0.0,2.7306243286036644,-2.7306243286036644,-0.0497127146862913,0.0,-0.0497127146862913,0.0,0.0,,
2055551934317122014,dotey,2026-05-16,ai_tech,AI / 大模型,35.0,-1.0,0.1988508587451652,-0.1988508587451652,0.1988508587451652,-0.039770171749033044,0.0,0.0,-0.1988508587451652,-0.9981397253983009,-0.1988508587451652,0.1988508587451652,-0.1988508587451652,-4.727387818712341,0.0,0.21760116905244264,0.0,0.19848094154311552,0.1988508587451652,0.1988508587451652,0.0,0.1988508587451652,0.0,0.19848094154311552,0.0,-0.1988508587451652,-0.1988508587451652,0.0,0.0,-10.38498734692029,10.38498734692029,0.11931051524709911,0.1988508587451652,0.0,0.0,0.0,,
2055682292937326638,dotey,2026-05-16,ai_tech,AI / 大模型,35.0,0.25,0.1988508587451652,0.0497127146862913,-0.0497127146862913,0.009942542937258261,0.0,0.0497127146862913,0.0,0.1525681297663931,0.1988508587451652,0.1988508587451652,0.0497127146862913,0.7225929394740411,0.0,-0.030962404379013854,0.0,-0.03033830362119107,-0.0497127146862913,-0.0497127146862913,-0.0497127146862913,0.0,0.0,0.0,0.03033830362119107,-0.0497127146862913,0.0497127146862913,0.0,0.0,2.213058958806964,-2.213058958806964,-0.0497127146862913,0.0,-0.0497127146862913,0.0,0.0,,
2055725633603260439,dotey,2026-05-16,ai_tech,AI / 大模型,35.0,-0.1937,0.1988508587451652,-0.038517411338938504,0.038517411338938504,-0.007703482267787701,0.0,0.0,-0.038517411338938504,-0.17008908347576676,-0.1988508587451652,0.1988508587451652,-0.038517411338938504,-0.8055756532467684,0.0,0.05727302433578248,0.0,0.03382236031233431,0.0,0.038517411338938504,0.0,0.038517411338938504,0.0,0.03382236031233431,0.0,-0.038517411338938504,-0.038517411338938504,0.0,0.0,-1.946912506545239,1.946912506545239,0.038517411338938504,0.0,0.0,0.0,0.0,,
2055777343222808744,dotey,2026-05-16,ai_tech,AI / 大模型,35.0,-0.25,0.1988508587451652,-0.0497127146862913,0.0497127146862913,-0.009942542937258261,0.0,0.0,-0.0497127146862913,-0.23196078049485527,-0.1988508587451652,0.1988508587451652,-0.0497127146862913,-1.0986122886681098,0.0,0.06258897062623656,0.0,0.046125600396600734,0.0497127146862913,0.0497127146862913,0.0,0.0497127146862913,0.0,0.046125600396600734,0.0,-0.0497127146862913,-0.0497127146862913,0.0,0.0,-2.7621345088275056,2.7621345088275056,0.0497127146862913,0.0497127146862913,0.0,0.0,0.0,,
2055860356044509417,dotey,2026-05-17,ai_tech,AI / 大模型,35.0,0.5629,0.1988508587451652,0.11193314838765347,-0.11193314838765347,0.022386629677530696,0.0,0.11193314838765347,0.0,0.5032260741197888,0.1988508587451652,0.1988508587451652,0.11193314838765347,2.383378551437797,0.0,-0.1100705786774071,0.0,-0.10006693698167815,-0.11193314838765347,-0.11193314838765347,-0.11193314838765347,0.0,0.0,0.0,0.10006693698167816,-0.11193314838765347,0.11193314838765347,0.0,0.0,5.643643771345125,-5.643643771345125,-0.11193314838765347,0.0,-0.11193314838765347,0.0,0.0,,
2046234932322894043,facai988,2026-04-20,ai_tech,AI / 大模型,2.0,-0.2457,3.441699324971485,-0.8456255241454939,0.8456255241454939,-0.6765004193163952,-0.8456255241454939,0.0,-0.8456255241454939,-0.3193264934547503,-3.441699324971485,3.441699324971485,-0.8456255241454939,-1.0640611817083516,0.8456255241454939,0.8456255241454939,0.8456255241454939,1.0990257769687253,0.8456255241454939,0.8456255241454939,0.0,0.8456255241454939,0.0,1.0990257769687255,0.0,-0.8456255241454939,-0.8456255241454939,0.0,0.0,-2.4633809854496413,2.4633809854496413,0.8456255241454939,0.8456255241454939,0.0,0.0,0.8456255241454939,-0.0011680058919618,-0.0038033380557359
2047971284215280062,facai988,2026-04-25,ai_tech,AI / 大模型,2.0,0.2425,3.441699324971485,0.8346120863055851,-0.8346120863055851,0.6676896690444681,0.8346120863055851,0.8346120863055851,0.0,0.21801335245736342,3.441699324971485,3.441699324971485,0.8346120863055851,0.7264650763368428,-0.8346120863055851,-0.8346120863055851,0.0,-0.7503364079872782,-0.8346120863055851,-0.8346120863055851,-0.8346120863055851,0.0,0.0,0.0,0.7503364079872782,-0.8346120863055851,0.8346120863055851,0.0,0.0,1.854124887607317,-1.854124887607317,-0.8346120863055851,0.0,-0.8346120863055851,0.0,0.0,-0.0026208225584166,0.0005271669328243
2048778733734228194,facai988,2026-04-27,ai_tech,AI / 大模型,2.0,0.2492,3.441699324971485,0.8576714717828942,-0.8576714717828942,0.6861371774263154,0.8576714717828942,0.8576714717828942,0.0,0.0,3.441699324971485,3.441699324971485,0.0,0.0,-0.8576714717828942,-0.8576714717828942,0.0,-0.4288357358914471,-0.8576714717828942,0.0,-0.8576714717828942,0.0,0.0,0.0,0.0,-0.8576714717828942,0.8576714717828942,0.0,0.0,0.17273227739553837,-0.17273227739553837,-0.8576714717828942,0.0,-0.8576714717828942,-0.8576714717828942,0.0,-9.039175288128032e-05,-0.0100567467175557
2049865159280353754,facai988,2026-04-30,ai_tech,AI / 大模型,2.0,0.5,3.441699324971485,1.7208496624857426,-1.7208496624857426,1.3766797299885942,1.7208496624857426,1.7208496624857426,0.0,0.4568330707834234,3.441699324971485,3.441699324971485,1.7208496624857426,1.5222612188617115,-1.7208496624857426,-1.4386303178380808,0.0,-1.572282071339959,-1.7208496624857426,-1.7208496624857426,-1.7208496624857426,0.0,0.0,0.0,1.572282071339959,-1.7208496624857426,1.7208496624857426,0.0,0.0,4.028371887487657,-4.028371887487657,-0.34416993249714845,0.0,-1.7208496624857426,0.0,0.0,0.0010418433983576,0.0095995960604928
2050608334374597049,facai988,2026-05-02,ai_tech,AI / 大模型,2.0,0.25,3.441699324971485,0.8604248312428713,-0.8604248312428713,0.6883398649942971,0.8604248312428713,0.8604248312428713,0.0,0.34165646778993036,3.441699324971485,3.441699324971485,0.8604248312428713,1.1384692229001352,-0.8604248312428713,-0.2185479071356893,-0.8604248312428713,-1.1758788345647453,-0.8604248312428713,-0.8604248312428713,-0.8604248312428713,0.0,0.0,0.0,1.1758788345647453,-0.8604248312428713,0.8604248312428713,0.0,0.0,2.420289042830619,-2.420289042830619,-0.8604248312428713,0.0,-0.8604248312428713,0.0,0.0,0.0012905781817413,-0.0018838826451929
2052009528833794360,facai988,2026-05-06,ai_tech,AI / 大模型,2.0,-0.125,3.441699324971485,-0.43021241562143564,0.43021241562143564,-0.34416993249714856,-0.43021241562143564,0.0,-0.43021241562143564,-0.1482218343185393,-3.441699324971485,3.441699324971485,-0.43021241562143564,-0.49390546482267844,0.43021241562143564,1.1157989211557555,0.43021241562143564,0.510134987120152,0.0,0.43021241562143564,0.0,0.43021241562143564,0.0,0.510134987120152,0.0,-0.43021241562143564,-0.43021241562143564,0.0,0.0,-1.1610746087427437,1.1610746087427437,-0.9464673143671585,0.0,0.0,0.0,0.43021241562143564,0.0101392100563681,-0.0011929474776779
2052708233685749944,facai988,2026-05-08,ai_tech,AI / 大模型,2.0,0.2498,3.441699324971485,0.859736491377877,-0.859736491377877,0.6877891931023017,0.859736491377877,0.859736491377877,0.0,0.3129345563382311,3.441699324971485,3.441699324971485,0.859736491377877,1.04276194001993,-0.859736491377877,-0.3601164727028497,-0.859736491377877,-1.0770266513095412,-0.859736491377877,-0.859736491377877,-0.859736491377877,0.0,0.0,0.0,1.077026651309541,-0.859736491377877,0.859736491377877,0.0,0.0,2.3116667196824094,-2.3116667196824094,-0.859736491377877,0.0,-0.859736491377877,0.0,0.0,0.0151815864450868,0.0028963874065546
2053038899388436791,facai988,2026-05-09,ai_tech,AI / 大模型,2.0,-0.2425,3.441699324971485,-0.8346120863055851,0.8346120863055851,-0.6676896690444681,-0.8346120863055851,0.0,-0.8346120863055851,-0.2607893182792419,-3.441699324971485,3.441699324971485,-0.8346120863055851,-0.8690033425756066,0.8346120863055851,1.3856773153667337,0.8346120863055851,0.8975584206814406,0.8346120863055851,0.8346120863055851,0.0,0.8346120863055851,0.0,0.8975584206814406,0.0,-0.8346120863055851,-0.8346120863055851,0.0,0.0,-2.2390218657943253,2.2390218657943253,0.8346120863055851,0.8346120863055851,0.0,0.0,0.8346120863055851,-0.0017999582175547,0.0028963874065546
2053486359449665777,facai988,2026-05-10,ai_tech,AI / 大模型,2.0,-0.222,3.441699324971485,-0.7640572501436697,0.7640572501436697,-0.6112458001149358,-0.7640572501436697,0.0,-0.7640572501436697,-0.1385377220525553,-3.441699324971485,3.441699324971485,-0.7640572501436697,-0.46163602225292355,0.7640572501436697,1.1419128147839768,0.0,0.47680518447136677,0.7640572501436697,0.7640572501436697,0.0,0.7640572501436697,0.0,0.47680518447136677,0.0,-0.7640572501436697,-0.7640572501436697,0.0,0.0,-1.9169647224101216,1.9169647224101216,0.7640572501436697,0.7640572501436697,0.0,0.0,0.0,-0.0017999582175547,0.0028963874065546
2053858536397115647,facai988,2026-05-11,ai_tech,AI / 大模型,2.0,-0.1428,3.441699324971485,-0.4914746636059281,0.4914746636059281,-0.3931797308847425,-0.4914746636059281,0.0,-0.4914746636059281,-0.1747408795623776,-3.441699324971485,3.441699324971485,-0.4914746636059281,-0.5822723469897368,0.4914746636059281,0.742451026603571,0.4914746636059281,0.6014055672347586,0.0,0.4914746636059281,0.0,0.4914746636059281,0.0,0.6014055672347586,0.0,-0.4914746636059281,-0.4914746636059281,0.0,0.0,-1.239284279210965,1.239284279210965,0.4914746636059281,0.0,0.0,0.0,0.4914746636059281,0.0018309431446765,-0.008481806809764
2054135065052107089,facai988,2026-05-12,ai_tech,AI / 大模型,2.0,1.0,3.441699324971485,3.441699324971485,-3.441699324971485,2.7533594599771885,3.441699324971485,3.441699324971485,0.0,0.7457245322728846,3.441699324971485,3.441699324971485,3.441699324971485,2.4849066497880004,-3.441699324971485,-3.2649680646341994,0.0,-2.5665596193382636,-3.441699324971485,-3.441699324971485,-3.441699324971485,0.0,0.0,0.0,2.5665596193382636,-3.441699324971485,3.441699324971485,0.0,0.0,7.9269635448629785,-7.9269635448629785,-1.3766797299885938,0.0,-3.441699324971485,0.0,0.0,-0.0116490863849201,0.0105622304188508
2054815381165138218,facai988,2026-05-14,ai_tech,AI / 大模型,2.0,0.2455,3.441699324971485,0.8449371842804996,-0.8449371842804996,0.6759497474243997,0.8449371842804996,0.8449371842804996,0.0,0.11857525739973168,3.441699324971485,3.441699324971485,0.8449371842804996,0.3951170075025716,-0.8449371842804996,-0.37139064534010474,0.0,-0.4224685921402498,-0.8449371842804996,-0.8449371842804996,-0.8449371842804996,0.0,0.0,0.0,0.40810038335097665,-0.8449371842804996,0.8449371842804996,0.0,0.0,1.6345417117612686,-1.6345417117612686,-0.8449371842804996,0.0,-0.8449371842804996,0.0,0.0,0.0051926185114692,-0.015087714031981
2055176868677181668,facai988,2026-05-15,ai_tech,AI / 大模型,2.0,-0.2091,3.441699324971485,-0.7196593288515376,0.7196593288515376,-0.5757274630812301,-0.7196593288515376,0.0,-0.7196593288515376,-0.10099424163863094,-3.441699324971485,3.441699324971485,-0.7196593288515376,-0.3365334674899704,0.7196593288515376,1.2241550882369412,0.0,0.3598296644257688,0.7196593288515376,0.7196593288515376,0.0,0.7196593288515376,0.0,0.34759181327368316,0.0,-0.7196593288515376,-0.7196593288515376,0.0,0.0,-1.6036914569857088,1.6036914569857088,0.7196593288515376,0.7196593288515376,0.0,0.0,0.0,-0.0128940329861121,
2056021398607515715,facai988,2026-05-17,ai_tech,AI / 大模型,2.0,1.0,3.441699324971485,3.441699324971485,-3.441699324971485,2.7533594599771885,3.441699324971485,3.441699324971485,0.0,1.0,3.441699324971485,3.441699324971485,3.441699324971485,3.332204510175204,-3.441699324971485,-3.031369341604308,0.0,-3.441699324971485,-3.441699324971485,-3.441699324971485,-3.441699324971485,0.0,0.0,0.0,3.441699324971485,-3.441699324971485,3.441699324971485,0.0,0.0,7.003065458786462,-7.003065458786462,-3.441699324971485,0.0,-3.441699324971485,0.0,0.0,,
2055688308357738771,garrulous_abyss,2026-05-16,unclassified,未分类,16.0,0.211,0.6418538861723948,0.1354311699823753,-0.1354311699823753,0.027086233996475063,0.0,0.1354311699823753,0.0,,0.6418538861723948,0.6418538861723948,0.0,0.0,0.0,-0.1354311699823753,0.0,,-0.1354311699823753,0.0,-0.1354311699823753,0.0,0.0,0.0,,-0.1354311699823753,0.1354311699823753,0.0,0.0,0.0,-0.0,-0.1354311699823753,0.0,-0.1354311699823753,-0.1354311699823753,0.0,,
2055095115279114384,geekbb,2026-05-15,ai_tech,AI / 大模型,15.0,-0.25,0.9042181506398859,-0.22605453765997147,0.22605453765997147,-0.0452109075319943,0.0,0.0,-0.22605453765997147,-0.11980898044875217,-0.9042181506398859,0.9042181506398859,-0.22605453765997147,-0.4864775372638283,0.0,0.22605453765997147,0.0,0.11302726882998573,0.22605453765997147,0.22605453765997147,0.0,0.22605453765997147,0.0,0.10833345473142093,0.0,-0.22605453765997147,-0.22605453765997147,0.0,0.0,-2.2011187959616696,2.2011187959616696,0.22605453765997147,0.22605453765997147,0.0,0.0,0.0,-0.0128940329861121,-0.015087714031981
2055101443259130222,geekbb,2026-05-15,ai_tech,AI / 大模型,15.0,0.0039,0.9042181506398859,0.003526450787495555,-0.003526450787495555,0.000705290157499111,0.0,0.003526450787495555,0.0,0.0010552020837817512,0.9042181506398859,0.9042181506398859,0.003526450787495555,0.004284587925805628,0.0,-0.003526450787495555,0.0,-0.0017632253937477774,0.0,-0.003526450787495555,0.0,0.0,0.0,0.0,0.0,-0.003526450787495555,0.003526450787495555,0.0,0.0,0.03389612675141492,-0.03389612675141492,-0.003526450787495555,0.0,0.0,0.0,0.0,-0.0128940329861121,-0.015087714031981
2055112073080971447,geekbb,2026-05-15,ai_tech,AI / 大模型,15.0,-0.2454,0.9042181506398859,-0.221895134167028,0.221895134167028,-0.0443790268334056,0.0,0.0,-0.221895134167028,-0.29180761509432823,-0.9042181506398859,0.9042181506398859,-0.221895134167028,-1.184868191133985,0.0,0.221895134167028,0.221895134167028,0.2638577420632291,0.221895134167028,0.221895134167028,0.0,0.221895134167028,0.0,0.2638577420632291,0.0,-0.221895134167028,-0.221895134167028,0.0,0.0,-2.686603574386742,2.686603574386742,0.221895134167028,0.221895134167028,0.0,0.0,0.221895134167028,-0.0128940329861121,-0.015087714031981
2055147397219790901,geekbb,2026-05-15,ai_tech,AI / 大模型,15.0,-0.2329,0.9042181506398859,-0.21059240728402942,0.21059240728402942,-0.042118481456805884,0.0,0.0,-0.21059240728402942,-0.0,-0.9042181506398859,0.9042181506398859,0.0,-0.0,0.0,0.062451333604194754,0.0,0.10529620364201471,0.21059240728402942,0.0,0.0,0.21059240728402942,0.0,0.0,0.0,-0.21059240728402942,-0.21059240728402942,0.0,0.0,-0.37483808980590194,0.37483808980590194,0.21059240728402942,0.21059240728402942,0.0,0.21059240728402942,0.0,-0.0128940329861121,
2055147715148071001,geekbb,2026-05-15,ai_tech,AI / 大模型,15.0,-0.2237,0.9042181506398859,-0.20227360029814248,0.20227360029814248,-0.040454720059628496,0.0,0.0,-0.20227360029814248,-0.0,-0.9042181506398859,0.9042181506398859,0.0,-0.0,0.0,0.038519693217259135,0.0,0.10113680014907124,0.20227360029814248,0.0,0.0,0.20227360029814248,0.0,0.0,0.0,-0.20227360029814248,-0.20227360029814248,0.0,0.0,-0.4008165932663159,0.4008165932663159,0.20227360029814248,0.20227360029814248,0.0,0.20227360029814248,0.0,-0.0128940329861121,
2055166288725758449,geekbb,2026-05-15,ai_tech,AI / 大模型,15.0,0.25,0.9042181506398859,0.22605453765997147,-0.22605453765997147,0.0452109075319943,0.0,0.22605453765997147,0.0,0.26499972306131236,0.9042181506398859,0.9042181506398859,0.22605453765997147,1.0760162733010425,0.0,-0.3975123833843066,-0.22605453765997147,-0.23961755950658178,-0.22605453765997147,-0.22605453765997147,-0.22605453765997147,0.0,0.0,0.0,0.23961755950658178,-0.22605453765997147,0.22605453765997147,0.0,0.0,2.2993897594028625,-2.2993897594028625,-0.22605453765997147,0.0,-0.22605453765997147,0.0,0.0,-0.0128940329861121,
2055196232591528190,geekbb,2026-05-15,ai_tech,AI / 大模型,14.0,0.0273,0.9042181506398859,0.024685155512468887,-0.024685155512468887,0.004937031102493778,0.0,0.024685155512468887,0.0,0.03614016996387545,0.9042181506398859,0.9042181506398859,0.024685155512468887,0.1467451005297777,0.0,-0.12989093733941962,-0.024685155512468887,-0.032678597648546616,0.0,-0.024685155512468887,0.0,0.0,0.0,0.0,0.0,-0.024685155512468887,0.024685155512468887,0.0,0.0,0.27498305658318334,-0.27498305658318334,-0.024685155512468887,0.0,0.0,0.0,0.0,-0.0128940329861121,
2055292106533724376,geekbb,2026-05-15,ai_tech,AI / 大模型,14.0,0.25,0.9042181506398859,0.22605453765997147,-0.22605453765997147,0.0452109075319943,0.0,0.22605453765997147,0.0,0.19031436011598835,0.9042181506398859,0.9042181506398859,0.22605453765997147,0.772760613339579,0.0,-0.31270447129557655,0.0,-0.17208569874429225,-0.22605453765997147,-0.22605453765997147,-0.22605453765997147,0.0,0.0,0.0,0.17208569874429225,-0.22605453765997147,0.22605453765997147,0.0,0.0,2.178888031476954,-2.178888031476954,-0.22605453765997147,0.0,-0.22605453765997147,0.0,0.0,-0.0012081500136463,
2055460957435113829,geekbb,2026-05-16,ai_tech,AI / 大模型,14.0,0.25,0.9042181506398859,0.22605453765997147,-0.22605453765997147,0.0452109075319943,0.0,0.22605453765997147,0.0,0.32434011174278404,0.9042181506398859,0.9042181506398859,0.22605453765997147,1.316964539765832,0.0,-0.27361641238362944,-0.22605453765997147,-0.2932742160183941,-0.22605453765997147,-0.22605453765997147,-0.22605453765997147,0.0,0.0,0.0,0.2932742160183941,-0.22605453765997147,0.22605453765997147,0.0,0.0,2.439456435026194,-2.439456435026194,-0.22605453765997147,0.0,-0.22605453765997147,0.0,0.0,,
2055509566444704106,geekbb,2026-05-16,ai_tech,AI / 大模型,14.0,-0.2066,0.9042181506398859,-0.18681146992220043,0.18681146992220043,-0.03736229398444009,0.0,0.0,-0.18681146992220043,-0.38519284024246825,-0.9042181506398859,0.9042181506398859,-0.18681146992220043,-1.5640535758750536,0.0,0.16965141879672346,0.18681146992220043,0.34829835764376965,0.18681146992220043,0.18681146992220043,0.0,0.18681146992220043,0.0,0.34829835764376965,0.0,-0.18681146992220043,-0.18681146992220043,0.0,0.0,-2.388825492900687,2.388825492900687,0.18681146992220043,0.18681146992220043,0.0,0.0,0.18681146992220043,,
2055562646884167759,geekbb,2026-05-16,ai_tech,AI / 大模型,14.0,-0.2495,0.9042181506398859,-0.22560242858465152,0.22560242858465152,-0.04512048571693031,0.0,0.0,-0.22560242858465152,-0.3494447152001382,-0.9042181506398859,0.9042181506398859,-0.22560242858465152,-1.418900351406785,0.0,0.19147723557950225,0.22560242858465152,0.31597425412915053,0.22560242858465152,0.22560242858465152,0.0,0.22560242858465152,0.0,0.3159742541291506,0.0,-0.22560242858465152,-0.22560242858465152,0.0,0.0,-2.5753801655330486,2.5753801655330486,0.22560242858465152,0.22560242858465152,0.0,0.0,0.22560242858465152,,
2055582433681244540,geekbb,2026-05-16,ai_tech,AI / 大模型,14.0,0.2158,0.9042181506398859,0.19513027690808737,-0.19513027690808737,0.03902605538161748,0.0,0.19513027690808737,0.0,0.20574237244164678,0.9042181506398859,0.9042181506398859,0.19513027690808737,0.8354051781539229,0.0,-0.24666249132955503,0.0,-0.1860359875174485,-0.19513027690808737,-0.19513027690808737,-0.19513027690808737,0.0,0.0,0.0,0.18603598751744846,-0.19513027690808737,0.19513027690808737,0.0,0.0,2.055133454569221,-2.055133454569221,-0.19513027690808737,0.0,-0.19513027690808737,0.0,0.0,,
2055622038396846105,geekbb,2026-05-16,ai_tech,AI / 大模型,14.0,0.0673,0.9042181506398859,0.06085388153806432,-0.06085388153806432,0.012170776307612865,0.0,0.06085388153806432,0.0,0.06918857438321006,0.9042181506398859,0.9042181506398859,0.06085388153806432,0.28093626326397636,0.0,-0.09183088834873575,0.0,-0.06256156477419639,0.0,-0.06085388153806432,0.0,0.0,0.0,0.0,0.0,-0.06085388153806432,0.06085388153806432,0.0,0.0,0.618941168562137,-0.618941168562137,-0.06085388153806432,0.0,0.0,0.0,0.0,,
2055641667731108215,geekbb,2026-05-16,ai_tech,AI / 大模型,14.0,0.2024,0.9042181506398859,0.1830137536895129,-0.1830137536895129,0.03660275073790258,0.0,0.1830137536895129,0.0,0.16609965737918367,0.9042181506398859,0.9042181506398859,0.1830137536895129,0.6744381928594613,0.0,-0.20692684601182004,0.0,-0.15019032501732413,-0.1830137536895129,-0.1830137536895129,-0.1830137536895129,0.0,0.0,0.0,0.15019032501732413,-0.1830137536895129,0.1830137536895129,0.0,0.0,1.7409877528487514,-1.7409877528487514,-0.1830137536895129,0.0,-0.1830137536895129,0.0,0.0,,
2055655509059928551,geekbb,2026-05-16,ai_tech,AI / 大模型,14.0,0.5006,0.9042181506398859,0.4526516062103269,-0.4526516062103269,0.09053032124206539,0.0,0.4526516062103269,0.0,0.6615552997894317,0.9042181506398859,0.9042181506398859,0.4526516062103269,2.686207593119939,0.0,-0.4617842095317897,-0.4526516062103269,-0.5981903097216152,-0.4526516062103269,-0.4526516062103269,-0.4526516062103269,0.0,0.0,0.0,0.5981903097216152,-0.4526516062103269,0.4526516062103269,0.0,0.0,5.06569348903941,-5.06569348903941,-0.4526516062103269,0.0,-0.4526516062103269,0.0,0.0,,
2055660222157644220,geekbb,2026-05-16,ai_tech,AI / 大模型,14.0,0.1366,0.9042181506398859,0.1235161993774084,-0.1235161993774084,0.024703239875481682,0.0,0.1235161993774084,0.0,0.12653297545840955,0.9042181506398859,0.9042181506398859,0.1235161993774084,0.5137799358037406,0.0,-0.10186318873008528,0.0,-0.11441341306396514,0.0,-0.1235161993774084,0.0,0.0,0.0,0.0,0.11441341306396514,-0.1235161993774084,0.1235161993774084,0.0,0.0,1.351980587850718,-1.351980587850718,-0.1235161993774084,0.0,0.0,0.0,0.0,,
2055670608487485646,geekbb,2026-05-16,ai_tech,AI / 大模型,14.0,0.2429,0.9042181506398859,0.21963458879042827,-0.21963458879042827,0.04392691775808566,0.0,0.21963458879042827,0.0,0.1971604508850672,0.9042181506398859,0.9042181506398859,0.21963458879042827,0.8005587747524515,0.0,-0.17467686234061316,0.0,-0.1782760582786215,-0.21963458879042827,-0.21963458879042827,-0.21963458879042827,0.0,0.0,0.0,0.1782760582786215,-0.21963458879042827,0.21963458879042827,0.0,0.0,2.022040201483741,-2.022040201483741,-0.21963458879042827,0.0,-0.21963458879042827,0.0,0.0,,
2055783759035924962,geekbb,2026-05-16,ai_tech,AI / 大模型,14.0,-0.091,0.9042181506398859,-0.0822838517082296,0.0822838517082296,-0.016456770341645922,0.0,0.0,-0.0822838517082296,-0.0,-0.9042181506398859,0.9042181506398859,0.0,-0.0,0.0,0.14164878735824024,0.0,0.0411419258541148,0.0,0.0,0.0,0.0,0.0,0.0,0.0,-0.0822838517082296,-0.0822838517082296,0.0,0.0,-0.14645885003150313,0.14645885003150313,0.0822838517082296,0.0,0.0,0.0822838517082296,0.0,,
2055799970511700200,geekbb,2026-05-16,ai_tech,AI / 大模型,14.0,0.0727,0.9042181506398859,0.06573665955151971,-0.06573665955151971,0.013147331910303942,0.0,0.06573665955151971,0.0,0.06968090302899427,0.9042181506398859,0.9042181506398859,0.06573665955151971,0.28293533567264256,0.0,0.0029356949290774916,0.0,-0.06300673727179441,0.0,-0.06573665955151971,0.0,0.0,0.0,0.0,0.0,-0.06573665955151971,0.06573665955151971,0.0,0.0,0.7393309350390134,-0.7393309350390134,-0.06573665955151971,0.0,0.0,0.0,0.0,,
2055834689446035740,geekbb,2026-05-17,ai_tech,AI / 大模型,14.0,-0.2192,0.9042181506398859,-0.19820461862026298,0.19820461862026298,-0.0396409237240526,0.0,0.0,-0.19820461862026298,-0.27973473615411554,-0.9042181506398859,0.9042181506398859,-0.19820461862026298,-1.135846954224025,0.0,0.2852989108898968,0.19820461862026298,0.2529412257950107,0.19820461862026298,0.19820461862026298,0.0,0.19820461862026298,0.0,0.25294122579501077,0.0,-0.19820461862026298,-0.19820461862026298,0.0,0.0,-2.1439662303062175,2.1439662303062175,0.19820461862026298,0.19820461862026298,0.0,0.0,0.19820461862026298,,
2055872689857069363,geekbb,2026-05-17,ai_tech,AI / 大模型,14.0,0.2478,0.9042181506398859,0.2240652577285637,-0.2240652577285637,0.044813051545712745,0.0,0.2240652577285637,0.0,0.2696722253625825,0.9042181506398859,0.9042181506398859,0.2240652577285637,1.094988702611997,0.0,-0.13669970001373793,-0.2240652577285637,-0.24384252089629688,-0.2240652577285637,-0.2240652577285637,-0.2240652577285637,0.0,0.0,0.0,0.24384252089629688,-0.2240652577285637,0.2240652577285637,0.0,0.0,2.2946955851515045,-2.2946955851515045,-0.2240652577285637,0.0,-0.2240652577285637,0.0,0.0,,
2055896597867688414,geekbb,2026-05-17,ai_tech,AI / 大模型,14.0,-0.2447,0.9042181506398859,-0.22126218146158008,0.22126218146158008,-0.04425243629231602,0.0,0.0,-0.22126218146158008,-0.2447,-0.9042181506398859,0.9042181506398859,-0.22126218146158008,-0.9935904046807088,0.0,0.308495120514312,0.0,0.22126218146158008,0.22126218146158008,0.22126218146158008,0.0,0.22126218146158008,0.0,0.22126218146158008,0.0,-0.22126218146158008,-0.22126218146158008,0.0,0.0,-2.1430681325233034,2.1430681325233034,0.22126218146158008,0.22126218146158008,0.0,0.0,0.22126218146158008,,
2055899115599626464,geekbb,2026-05-17,ai_tech,AI / 大模型,14.0,0.1005,0.9042181506398859,0.09087392413930853,-0.09087392413930853,0.018174784827861706,0.0,0.09087392413930853,0.0,0.07414735109203283,0.9042181506398859,0.9042181506398859,0.09087392413930853,0.3010710934921761,0.0,-0.02003747421817987,0.0,-0.06704538067928424,0.0,-0.09087392413930853,0.0,0.0,0.0,0.0,0.06704538067928424,-0.09087392413930853,0.09087392413930853,0.0,0.0,0.945796561775019,-0.945796561775019,-0.09087392413930853,0.0,0.0,0.0,0.0,,
2055928306445537576,geekbb,2026-05-17,ai_tech,AI / 大模型,14.0,0.0897,0.9042181506398859,0.08110836811239776,-0.08110836811239776,0.016221673622479553,0.0,0.08110836811239776,0.0,0.07724199735076119,0.9042181506398859,0.9042181506398859,0.08110836811239776,0.3136367282635433,0.0,-0.019283959092646626,0.0,-0.06984361599623624,0.0,-0.08110836811239776,0.0,0.0,0.0,0.0,0.0,-0.08110836811239776,0.08110836811239776,0.0,0.0,0.7879393513376617,-0.7879393513376617,-0.08110836811239776,0.0,0.0,0.0,0.0,,
2055956240640197038,geekbb,2026-05-17,ai_tech,AI / 大模型,14.0,0.2498,0.9042181506398859,0.22587369402984347,-0.22587369402984347,0.0451747388059687,0.0,0.22587369402984347,0.0,0.18730017955379866,0.9042181506398859,0.9042181506398859,0.22587369402984347,0.7605217049433111,0.0,-0.1737123629799306,0.0,-0.16936022197065437,-0.22587369402984347,-0.22587369402984347,-0.22587369402984347,0.0,0.0,0.0,0.1693602219706544,-0.22587369402984347,0.22587369402984347,0.0,0.0,2.088696359180921,-2.088696359180921,-0.22587369402984347,0.0,-0.22587369402984347,0.0,0.0,,
2055988201227956364,geekbb,2026-05-17,ai_tech,AI / 大模型,14.0,0.1026,0.9042181506398859,0.09277278225565229,-0.09277278225565229,0.01855455645113046,0.0,0.09277278225565229,0.0,0.13336834493933114,0.9042181506398859,0.9042181506398859,0.09277278225565229,0.541534564037051,0.0,-0.013099106942269808,-0.09277278225565229,-0.12059407821494439,0.0,-0.09277278225565229,0.0,0.0,0.0,0.0,0.12059407821494439,-0.09277278225565229,0.09277278225565229,0.0,0.0,0.9763778589541616,-0.9763778589541616,-0.09277278225565229,0.0,0.0,0.0,0.0,,
2045731371436630270,gefei55,2026-04-19,ai_tech,AI / 大模型,34.0,-0.1126,0.5538851132264376,-0.06236746374929688,0.06236746374929688,-0.012473492749859377,0.0,0.0,-0.06236746374929688,-0.0734736417290227,-0.5538851132264376,0.5538851132264376,-0.06236746374929688,-0.24740748740805835,0.0,0.06236746374929688,0.0,0.040695956368238445,0.0,0.06236746374929688,0.0,0.06236746374929688,0.0,0.040695956368238445,0.0,-0.06236746374929688,-0.06236746374929688,0.0,0.0,-0.968925353540626,0.968925353540626,0.06236746374929688,0.0,0.0,0.0,0.0,-0.0036607168728265,-0.0031748441644519
2045986110359396669,gefei55,2026-04-19,ai_tech,AI / 大模型,34.0,0.245,0.5538851132264376,0.13570185274047722,-0.13570185274047722,0.027140370548095444,0.0,0.13570185274047722,0.0,0.18079852793940754,0.5538851132264376,0.5538851132264376,0.13570185274047722,0.6088021291980601,0.0,-0.13570185274047722,0.0,-0.100141613118892,-0.13570185274047722,-0.13570185274047722,-0.13570185274047722,0.0,0.0,0.0,0.100141613118892,-0.13570185274047722,0.13570185274047722,0.0,0.0,2.25270615281294,-2.25270615281294,-0.13570185274047722,0.0,-0.13570185274047722,0.0,0.0,-0.0036607168728265,-0.0031748441644519
2046781965194698901,gefei55,2026-04-22,ai_tech,AI / 大模型,34.0,0.25,0.5538851132264376,0.1384712783066094,-0.1384712783066094,0.027694255661321884,0.0,0.1384712783066094,0.0,0.2680873685412672,0.5538851132264376,0.5538851132264376,0.1384712783066094,0.9027294781610561,0.0,-0.1384712783066094,-0.1384712783066094,-0.1484896024790575,-0.1384712783066094,-0.1384712783066094,-0.1384712783066094,0.0,0.0,0.0,0.1484896024790575,-0.1384712783066094,0.1384712783066094,0.0,0.0,2.4269441896557895,-2.4269441896557895,-0.1384712783066094,0.0,-0.1384712783066094,0.0,0.0,0.0131619483503229,0.0167305076215558
2048766710132650434,gefei55,2026-04-27,ai_tech,AI / 大模型,34.0,0.2499,0.5538851132264376,0.13841588979528677,-0.13841588979528677,0.027683177959057354,0.0,0.13841588979528677,0.0,0.2326971089332065,0.5538851132264376,0.5538851132264376,0.13841588979528677,0.7835600045606945,0.0,-0.06781400069602353,0.0,-0.12888746452893377,-0.13841588979528677,-0.13841588979528677,-0.13841588979528677,0.0,0.0,0.0,0.12888746452893377,-0.13841588979528677,0.13841588979528677,0.0,0.0,2.146193848595014,-2.146193848595014,-0.13841588979528677,0.0,-0.13841588979528677,0.0,0.0,-0.0018177276645665,-0.0100567467175557
2048936375031067092,gefei55,2026-04-28,ai_tech,AI / 大模型,34.0,0.2326,0.5538851132264376,0.1288336773364694,-0.1288336773364694,0.02576673546729388,0.0,0.1288336773364694,0.0,0.2581840138519115,0.5538851132264376,0.5538851132264376,0.1288336773364694,0.8693819532127115,0.0,-0.04127828806320027,-0.1288336773364694,-0.14300428174562213,-0.1288336773364694,-0.1288336773364694,-0.1288336773364694,0.0,0.0,0.0,0.14300428174562213,-0.1288336773364694,0.1288336773364694,0.0,0.0,2.414612039533943,-2.414612039533943,-0.1288336773364694,0.0,-0.1288336773364694,0.0,0.0,-0.0099830016355183,-0.0100567467175557
2049044122946965978,gefei55,2026-04-28,ai_tech,AI / 大模型,34.0,-0.1976,0.5538851132264376,-0.10944769837354408,0.10944769837354408,-0.021889539674708816,0.0,0.0,-0.10944769837354408,-0.1351205350963925,-0.5538851132264376,0.5538851132264376,-0.10944769837354408,-0.45499081437562344,0.0,0.20525874525945326,0.0,0.07484125288108219,0.0,0.10944769837354408,0.0,0.10944769837354408,0.0,0.07484125288108219,0.0,-0.10944769837354408,-0.10944769837354408,0.0,0.0,-1.680851686940877,1.680851686940877,0.10944769837354408,0.0,0.0,0.0,0.0,-0.0099830016355183,0.0061136333448092
2049284394364584287,gefei55,2026-04-29,ai_tech,AI / 大模型,34.0,-0.2182,0.5538851132264376,-0.12085773170600869,0.12085773170600869,-0.02417154634120174,0.0,0.0,-0.12085773170600869,-0.300955468529986,-0.5538851132264376,0.5538851132264376,-0.12085773170600869,-1.0134060941926475,0.0,0.18245898771534233,0.12085773170600869,0.1666947537628469,0.12085773170600869,0.12085773170600869,0.0,0.12085773170600869,0.0,0.1666947537628469,0.0,-0.12085773170600869,-0.12085773170600869,0.0,0.0,-2.3216544184436105,2.3216544184436105,0.12085773170600869,0.12085773170600869,0.0,0.0,0.12085773170600869,0.0037866542066102,0.0061136333448092
2050926356394123429,gefei55,2026-05-03,ai_tech,AI / 大模型,34.0,-0.2015,0.5538851132264376,-0.11160785031512718,0.11160785031512718,-0.022321570063025438,0.0,0.0,-0.11160785031512718,-0.38436903928254,-0.5538851132264376,0.5538851132264376,-0.11160785031512718,-1.2942842631520042,0.0,0.14714353665084048,0.11160785031512718,0.21289628884374673,0.11160785031512718,0.11160785031512718,0.0,0.11160785031512718,0.0,0.21289628884374673,0.0,-0.11160785031512718,-0.11160785031512718,0.0,0.0,-2.199016287687751,2.199016287687751,0.11160785031512718,0.11160785031512718,0.0,0.0,0.11160785031512718,0.0012905781817413,-0.0018838826451929
2051168820069609640,gefei55,2026-05-04,ai_tech,AI / 大模型,34.0,0.2312,0.5538851132264376,0.12805823817795237,-0.12805823817795237,0.025611647635590474,0.0,0.12805823817795237,0.0,0.2598241103649679,0.5538851132264376,0.5538851132264376,0.12805823817795237,0.8749046433619019,0.0,-0.11091549392359412,-0.12805823817795237,-0.14391270678845866,-0.12805823817795237,-0.12805823817795237,-0.12805823817795237,0.0,0.0,0.0,0.14391270678845866,-0.12805823817795237,0.12805823817795237,0.0,0.0,2.2927980474973295,-2.2927980474973295,-0.12805823817795237,0.0,-0.12805823817795237,0.0,0.0,0.0012905781817413,0.0129740524393653
2051524889379770744,gefei55,2026-05-05,ai_tech,AI / 大模型,34.0,-0.2495,0.5538851132264376,-0.13819433574999618,0.13819433574999618,-0.027638867149999236,0.0,0.0,-0.13819433574999618,-0.2803897730798421,-0.5538851132264376,0.5538851132264376,-0.13819433574999618,-0.9441553136626061,0.0,0.16766102377364264,0.13819433574999618,0.1553037212098635,0.13819433574999618,0.13819433574999618,0.0,0.13819433574999618,0.0,0.1553037212098635,0.0,-0.13819433574999618,-0.13819433574999618,0.0,0.0,-2.264235759030755,2.264235759030755,0.13819433574999618,0.13819433574999618,0.0,0.0,0.13819433574999618,0.0122458539034906,0.0207743936914068
2051574842198294954,gefei55,2026-05-05,ai_tech,AI / 大模型,34.0,-0.25,0.5538851132264376,-0.1384712783066094,0.1384712783066094,-0.027694255661321884,0.0,0.0,-0.1384712783066094,-0.2858486301844709,-0.5538851132264376,0.5538851132264376,-0.1384712783066094,-0.9625369004275146,0.0,0.15117186395289162,0.1384712783066094,0.15832730089534774,0.1384712783066094,0.1384712783066094,0.0,0.1384712783066094,0.0,0.15832730089534774,0.0,-0.1384712783066094,-0.1384712783066094,0.0,0.0,-2.5409720880515114,2.5409720880515114,0.1384712783066094,0.1384712783066094,0.0,0.0,0.1384712783066094,0.0122458539034906,0.0207743936914068
2051923092793172109,gefei55,2026-05-06,ai_tech,AI / 大模型,34.0,0.25,0.5538851132264376,0.1384712783066094,-0.1384712783066094,0.027694255661321884,0.0,0.1384712783066094,0.0,0.22948996831759896,0.5538851132264376,0.5538851132264376,0.1384712783066094,0.772760613339579,0.0,-0.13951358938331734,0.0,-0.1271110770859249,-0.1384712783066094,-0.1384712783066094,-0.1384712783066094,0.0,0.0,0.0,0.1271110770859249,-0.1384712783066094,0.1384712783066094,0.0,0.0,2.2710525237079926,-2.2710525237079926,-0.1384712783066094,0.0,-0.1384712783066094,0.0,0.0,0.0101392100563681,-0.0011929474776779
2052193913365242156,gefei55,2026-05-07,ai_tech,AI / 大模型,34.0,-0.0817,0.5538851132264376,-0.04525241375059995,0.04525241375059995,-0.00905048275011999,0.0,0.0,-0.04525241375059995,-0.033635372424034984,-0.5538851132264376,0.5538851132264376,-0.04525241375059995,-0.11326024930349506,0.0,0.0558362351225018,0.0,0.022626206875299974,0.0,0.04525241375059995,0.0,0.0,0.0,0.0,0.0,-0.04525241375059995,-0.04525241375059995,0.0,0.0,-0.6647296278360212,0.6647296278360212,0.04525241375059995,0.0,0.0,0.0,0.0,0.0056498692103845,-0.0011929474776779
2052227259160043968,gefei55,2026-05-07,ai_tech,AI / 大模型,34.0,-0.0491,0.5538851132264376,-0.027195759059418085,0.027195759059418085,-0.005439151811883617,0.0,0.0,-0.027195759059418085,-0.03357499126129995,-0.5538851132264376,0.5538851132264376,-0.027195759059418085,-0.11305692806600764,0.0,0.03348448542189671,0.0,0.018596687836341778,0.0,0.027195759059418085,0.0,0.0,0.0,0.0,0.0,-0.027195759059418085,-0.027195759059418085,0.0,0.0,-0.46291227782097316,0.46291227782097316,0.027195759059418085,0.0,0.0,0.0,0.0,0.0056498692103845,-0.0011929474776779
2052667057263739382,gefei55,2026-05-08,ai_tech,AI / 大模型,34.0,-0.2499,0.5538851132264376,-0.13841588979528677,0.13841588979528677,-0.027683177959057354,0.0,0.0,-0.13841588979528677,-0.2499,-0.5538851132264376,0.5538851132264376,-0.13841588979528677,-0.84148722791362,0.0,0.14231286719905847,0.0,0.13841588979528677,0.13841588979528677,0.13841588979528677,0.0,0.13841588979528677,0.0,0.13841588979528677,0.0,-0.13841588979528677,-0.13841588979528677,0.0,0.0,-2.2529534029234677,2.2529534029234677,0.13841588979528677,0.13841588979528677,0.0,0.0,0.13841588979528677,0.0151815864450868,0.0028963874065546
2037693327202799943,gmhzxy,2026-03-28,crypto,加密,14.0,-0.2231,1.2178757094949273,-0.27170807078831827,0.27170807078831827,-0.054341614157663656,0.0,0.0,-0.27170807078831827,-0.0,-1.2178757094949273,1.2178757094949273,0.0,-0.0,0.0,0.27170807078831827,0.0,0.13585403539415913,0.27170807078831827,0.0,0.0,0.27170807078831827,0.0,0.0,0.0,-0.27170807078831827,-0.27170807078831827,0.0,0.0,-0.0,0.0,0.27170807078831827,0.27170807078831827,0.0,0.27170807078831827,0.0,-0.0041038850982753,-0.0055002278852636
2037905938359963870,gmhzxy,2026-03-28,crypto,加密,14.0,-0.247,1.2178757094949273,-0.30081530024524705,0.30081530024524705,-0.060163060049049415,0.0,0.0,-0.30081530024524705,-0.0,-1.2178757094949273,1.2178757094949273,0.0,-0.0,0.0,0.30081530024524705,0.0,0.15040765012262353,0.30081530024524705,0.0,0.0,0.30081530024524705,0.0,0.0,0.0,-0.30081530024524705,-0.30081530024524705,0.0,0.0,-0.0,0.0,0.30081530024524705,0.30081530024524705,0.0,0.30081530024524705,0.0,0.0027548493071682,-0.0055002278852636
2038269582633570463,gmhzxy,2026-03-29,crypto,加密,14.0,-0.1894,1.2178757094949273,-0.23066565937833924,0.23066565937833924,-0.04613313187566785,0.0,0.0,-0.23066565937833924,-0.0,-1.2178757094949273,1.2178757094949273,0.0,-0.0,0.0,0.23066565937833924,0.0,0.11533282968916962,0.0,0.0,0.0,0.23066565937833924,0.0,0.0,0.0,-0.23066565937833924,-0.23066565937833924,0.0,0.0,-0.0,0.0,0.23066565937833924,0.0,0.0,0.23066565937833924,0.0,-0.0007617738454828,0.0111670731548418
2038864213494616321,gmhzxy,2026-03-31,crypto,加密,14.0,-0.2031,1.2178757094949273,-0.24735055659841973,0.24735055659841973,-0.04947011131968395,0.0,0.0,-0.24735055659841973,-0.0,-1.2178757094949273,1.2178757094949273,0.0,-0.0,0.0,-0.020379120205548436,0.0,0.12367527829920986,0.24735055659841973,0.0,0.0,0.24735055659841973,0.0,0.0,0.0,-0.24735055659841973,-0.24735055659841973,0.0,0.0,-0.0,0.0,0.24735055659841973,0.24735055659841973,0.0,0.24735055659841973,0.0,-0.0036479650570299,-0.0022680682914228
2038903904201781551,gmhzxy,2026-03-31,crypto,加密,14.0,0.1667,1.2178757094949273,0.20301988077280436,-0.20301988077280436,0.04060397615456088,0.0,0.20301988077280436,0.0,0.1667,1.2178757094949273,1.2178757094949273,0.20301988077280436,0.4722966644541712,0.0,-0.4656547775253854,0.0,-0.20301988077280436,0.0,-0.20301988077280436,-0.20301988077280436,0.0,0.0,0.0,0.20301988077280436,-0.20301988077280436,0.20301988077280436,0.0,0.0,1.2972549381802119,-1.2972549381802119,-0.20301988077280436,0.0,0.0,0.0,0.0,-0.0109144522062695,-0.0022680682914228
2038906655665258967,gmhzxy,2026-03-31,crypto,加密,14.0,-0.2237,1.2178757094949273,-0.27243879621401523,0.27243879621401523,-0.05448775924280305,0.0,0.0,-0.27243879621401523,-0.0,-1.2178757094949273,1.2178757094949273,0.0,-0.0,0.0,0.10293485496651127,0.0,0.13621939810700762,0.27243879621401523,0.0,0.0,0.27243879621401523,0.0,0.0,0.0,-0.27243879621401523,-0.27243879621401523,0.0,0.0,-0.0,0.0,0.27243879621401523,0.27243879621401523,0.0,0.27243879621401523,0.0,-0.0049527627991023,-0.0022680682914228
2040335150681403641,gmhzxy,2026-04-04,crypto,加密,14.0,-0.2462,1.2178757094949273,-0.2998409996776511,0.2998409996776511,-0.05996819993553022,0.0,0.0,-0.2998409996776511,-0.0,-1.2178757094949273,1.2178757094949273,0.0,-0.0,0.0,0.11318124926906192,0.0,0.14992049983882555,0.2998409996776511,0.0,0.0,0.2998409996776511,0.0,0.0,0.0,-0.2998409996776511,-0.2998409996776511,0.0,0.0,-0.0,0.0,0.2998409996776511,0.2998409996776511,0.0,0.2998409996776511,0.0,-0.0002272577733124,0.0251355305690601
2043679656164139011,gmhzxy,2026-04-13,crypto,加密,14.0,-0.218,1.2178757094949273,-0.2654969046698942,0.2654969046698942,-0.05309938093397884,0.0,0.0,-0.2654969046698942,-0.0,-1.2178757094949273,1.2178757094949273,0.0,-0.0,0.0,0.0626684043657247,0.0,0.1327484523349471,0.2654969046698942,0.0,0.0,0.2654969046698942,0.0,0.0,0.0,-0.2654969046698942,-0.2654969046698942,0.0,0.0,-0.0,0.0,0.2654969046698942,0.2654969046698942,0.0,0.2654969046698942,0.0,0.0053202645067027,-0.004068372317531
2044083950155690392,gmhzxy,2026-04-14,crypto,加密,14.0,-0.2365,1.2178757094949273,-0.28802760529555027,0.28802760529555027,-0.05760552105911006,0.0,0.0,-0.28802760529555027,-0.0,-1.2178757094949273,1.2178757094949273,0.0,-0.0,0.0,0.07736555444566526,0.0,0.14401380264777514,0.28802760529555027,0.0,0.0,0.28802760529555027,0.0,0.0,0.0,-0.28802760529555027,-0.28802760529555027,0.0,0.0,-0.0,0.0,0.28802760529555027,0.28802760529555027,0.0,0.28802760529555027,0.0,-0.0102721073581135,0.0084046269048743
2046276426102673835,gmhzxy,2026-04-20,crypto,加密,14.0,-0.2445,1.2178757094949273,-0.2977706109715097,0.2977706109715097,-0.059554122194301944,0.0,0.0,-0.2977706109715097,-0.0,-1.2178757094949273,1.2178757094949273,0.0,-0.0,0.0,0.07851238740543962,0.0,0.14888530548575485,0.2977706109715097,0.0,0.0,0.2977706109715097,0.0,0.0,0.0,-0.2977706109715097,-0.2977706109715097,0.0,0.0,-0.0,0.0,-0.18937967282646123,0.2977706109715097,0.0,0.2977706109715097,0.0,0.0085693873563137,0.0063296958930805
2047410279756316902,gmhzxy,2026-04-23,crypto,加密,14.0,-0.0763,1.2178757094949273,-0.09292391663446296,0.09292391663446296,-0.018584783326892593,0.0,0.0,-0.09292391663446296,-0.0,-1.2178757094949273,1.2178757094949273,0.0,-0.0,0.0,-0.1341855456721511,0.0,0.04646195831723148,0.0,0.0,0.0,0.0,0.0,0.0,0.0,-0.09292391663446296,-0.09292391663446296,0.0,0.0,-0.0,0.0,0.09292391663446296,0.0,0.0,0.09292391663446296,0.0,0.0010257758572294,-0.0103954453523936
2047523485434757438,gmhzxy,2026-04-24,crypto,加密,14.0,-0.1782,1.2178757094949273,-0.21702545143199603,0.21702545143199603,-0.04340509028639921,0.0,0.0,-0.21702545143199603,-0.0,-1.2178757094949273,1.2178757094949273,0.0,-0.0,0.0,0.002114675095577535,0.0,0.10851272571599802,0.0,0.0,0.0,0.21702545143199603,0.0,0.0,0.0,-0.21702545143199603,-0.21702545143199603,0.0,0.0,-0.0,0.0,0.21702545143199603,0.0,0.0,0.21702545143199603,0.0,-0.0006615804155315,0.0020231423764509
2050114589397061921,gmhzxy,2026-05-01,crypto,加密,14.0,-0.1396,1.2178757094949273,-0.17001544904549185,0.17001544904549185,-0.03400308980909837,0.0,0.0,-0.17001544904549185,-0.0,-1.2178757094949273,1.2178757094949273,0.0,-0.0,0.0,-0.04507155021555811,0.0,0.08500772452274592,0.0,0.0,0.0,0.17001544904549185,0.0,0.0,0.0,-0.17001544904549185,-0.17001544904549185,0.0,0.0,-0.0,0.0,0.17001544904549185,0.0,0.0,0.17001544904549185,0.0,0.0059503466154808,0.0061173716726998
2050126408329122229,gmhzxy,2026-05-01,crypto,加密,14.0,-0.1225,1.2178757094949273,-0.14918977441312858,0.14918977441312858,-0.02983795488262572,0.0,0.0,-0.14918977441312858,-0.0,-1.2178757094949273,1.2178757094949273,0.0,-0.0,0.0,-0.06243018252364767,0.0,0.07459488720656429,0.0,0.0,0.0,0.14918977441312858,0.0,0.0,0.0,-0.14918977441312858,-0.14918977441312858,0.0,0.0,-0.0,0.0,0.14918977441312858,0.0,0.0,0.14918977441312858,0.0,0.0010034876785247,0.0061173716726998
2050943033903046838,gmhzxy,2026-05-03,crypto,加密,14.0,-0.2497,1.2178757094949273,-0.30410356466088334,0.30410356466088334,-0.06082071293217667,0.0,0.0,-0.30410356466088334,-0.0,-1.2178757094949273,1.2178757094949273,0.0,-0.0,0.0,0.09694290647579622,0.0,0.15205178233044167,0.30410356466088334,0.0,0.0,0.30410356466088334,0.0,0.0,0.0,-0.30410356466088334,-0.30410356466088334,0.0,0.0,-0.0,0.0,0.30410356466088334,0.30410356466088334,0.0,0.30410356466088334,0.0,0.0007542050206463,0.0164210441710659
2050944692037324959,gmhzxy,2026-05-03,crypto,加密,14.0,-0.2208,1.2178757094949273,-0.26890695665647996,0.26890695665647996,-0.053781391331295995,0.0,0.0,-0.26890695665647996,-0.0,-1.2178757094949273,1.2178757094949273,0.0,-0.0,0.0,0.055283438039673075,0.0,0.13445347832823998,0.26890695665647996,0.0,0.0,0.26890695665647996,0.0,0.0,0.0,-0.26890695665647996,-0.26890695665647996,0.0,0.0,-0.0,0.0,0.26890695665647996,0.26890695665647996,0.0,0.26890695665647996,0.0,0.0011826258227733,0.0164210441710659
2052703936231145791,gmhzxy,2026-05-08,crypto,加密,14.0,-0.1073,1.2178757094949273,-0.1306780636288057,0.1306780636288057,-0.026135612725761145,0.0,0.0,-0.1306780636288057,-0.0,-1.2178757094949273,1.2178757094949273,0.0,-0.0,0.0,-0.08275871404587863,0.0,0.06533903181440286,0.0,0.0,0.0,0.1306780636288057,0.0,0.0,0.0,-0.1306780636288057,-0.1306780636288057,0.0,0.0,-0.0,0.0,0.1306780636288057,0.0,0.0,0.1306780636288057,0.0,0.0001395690811922,0.0059561145630133
2054564636670988790,gmhzxy,2026-05-13,crypto,加密,14.0,-0.1204,1.2178757094949273,-0.14663223542318923,0.14663223542318923,-0.029326447084637847,0.0,0.0,-0.14663223542318923,-0.0,-1.2178757094949273,1.2178757094949273,0.0,-0.0,0.0,-0.055462059810399,0.0,0.07331611771159462,0.0,0.0,0.0,0.14663223542318923,0.0,0.0,0.0,-0.14663223542318923,-0.14663223542318923,0.0,0.0,-0.0,0.0,0.14663223542318923,0.0,0.0,0.14663223542318923,0.0,-0.0012404590070954,0.0223788764707975
2055515355267944953,gmhzxy,2026-05-16,crypto,加密,14.0,-0.1364,1.2178757094949273,-0.16611824677510809,0.16611824677510809,-0.03322364935502162,0.0,0.0,-0.16611824677510809,-0.0,-1.2178757094949273,1.2178757094949273,0.0,-0.0,0.0,-0.03037382019480351,0.0,0.08305912338755404,0.0,0.0,0.0,0.16611824677510809,0.0,0.0,0.0,-0.16611824677510809,-0.16611824677510809,0.0,0.0,-0.0,0.0,0.16611824677510809,0.0,0.0,0.16611824677510809,0.0,-0.0006932172431853,0.0030410494175279
2054558336654467384,haowue,2026-05-13,ai_tech,AI / 大模型,27.0,0.1737,0.7929925155296614,0.1377427999475022,-0.1377427999475022,0.02754855998950044,0.0,0.1377427999475022,0.0,0.0,0.7929925155296614,0.7929925155296614,0.0,0.0,0.0,-0.1377427999475022,0.0,-0.0688713999737511,0.0,0.0,-0.1377427999475022,0.0,0.0,0.0,0.0,-0.1377427999475022,0.1377427999475022,0.0,0.0,0.0,-0.0,-0.1377427999475022,0.0,0.0,-0.1377427999475022,0.0,0.0017791721885154,0.0071077162744499
2054839332272546022,haowue,2026-05-14,ai_tech,AI / 大模型,27.0,-0.5005,0.7929925155296614,-0.3968927540225955,0.3968927540225955,-0.07937855080451911,0.0,0.0,-0.3968927540225955,-0.5737196915149634,-0.7929925155296614,0.7929925155296614,-0.3968927540225955,-1.7187105958448154,0.0,0.3968927540225955,0.3968927540225955,0.4549554213833521,0.3968927540225955,0.3968927540225955,0.0,0.3968927540225955,0.0,0.45495542138335215,0.0,-0.3968927540225955,-0.3968927540225955,0.0,0.0,-4.021170621637913,4.021170621637913,0.3968927540225955,0.3968927540225955,0.0,0.0,0.3968927540225955,0.0051926185114692,-0.015087714031981
2054918921762091501,haowue,2026-05-14,ai_tech,AI / 大模型,27.0,-0.226,0.7929925155296614,-0.1792163085097035,0.1792163085097035,-0.0358432617019407,0.0,0.0,-0.1792163085097035,-0.37333767943776475,-0.7929925155296614,0.7929925155296614,-0.1792163085097035,-1.1184197352254661,0.0,0.1792163085097035,0.1792163085097035,0.2960539855593594,0.1792163085097035,0.1792163085097035,0.0,0.1792163085097035,0.0,0.2960539855593594,0.0,-0.1792163085097035,-0.1792163085097035,0.0,0.0,-2.054844496070063,2.054844496070063,0.1792163085097035,0.1792163085097035,0.0,0.0,0.1792163085097035,0.0030598408103397,-0.015087714031981
2055115247896465896,haowue,2026-05-15,ai_tech,AI / 大模型,27.0,0.2499,0.7929925155296614,0.1981688296308624,-0.1981688296308624,0.03963376592617249,0.0,0.1981688296308624,0.0,0.2499,0.7929925155296614,0.7929925155296614,0.1981688296308624,0.7486334951611423,0.0,-0.344290917159128,0.0,-0.1981688296308624,-0.1981688296308624,-0.1981688296308624,-0.1981688296308624,0.0,0.0,0.0,0.1981688296308624,-0.1981688296308624,0.1981688296308624,0.0,0.0,1.80179889907988,-1.80179889907988,-0.1981688296308624,0.0,-0.1981688296308624,0.0,0.0,-0.0128940329861121,-0.015087714031981
2055467532291911702,haowue,2026-05-16,ai_tech,AI / 大模型,27.0,0.247,0.7929925155296614,0.19586915133582639,-0.19586915133582639,0.03917383026716528,0.0,0.19586915133582639,0.0,0.23831295957345033,0.7929925155296614,0.7929925155296614,0.19586915133582639,0.7139218242003527,0.0,-0.25591850957430995,0.0,-0.1889803932954689,-0.19586915133582639,-0.19586915133582639,-0.19586915133582639,0.0,0.0,0.0,0.1889803932954689,-0.19586915133582639,0.19586915133582639,0.0,0.0,1.717087724606531,-1.717087724606531,-0.19586915133582639,0.0,-0.19586915133582639,0.0,0.0,,
2055831933721162142,haowue,2026-05-17,ai_tech,AI / 大模型,27.0,0.245,0.7929925155296614,0.19428316630476705,-0.19428316630476705,0.03885663326095341,0.0,0.19428316630476705,0.0,0.131624675551718,0.7929925155296614,0.7929925155296614,0.19428316630476705,0.3943122885463546,0.0,-0.20314882262838863,0.0,-0.1043773825715324,-0.19428316630476705,-0.19428316630476705,-0.19428316630476705,0.0,0.0,0.0,0.10437738257153238,-0.19428316630476705,0.19428316630476705,0.0,0.0,1.8046241451163207,-1.8046241451163207,-0.19428316630476705,0.0,-0.19428316630476705,0.0,0.0,,
2053850628947062854,huangyun_122,2026-05-11,ai_tech,AI / 大模型,26.0,-0.2498,0.37156355643248307,-0.09281657639683427,0.09281657639683427,-0.018563315279366856,0.0,0.0,-0.09281657639683427,-0.09663583124718848,-0.37156355643248307,0.37156355643248307,-0.09281657639683427,-0.17314816570387434,0.0,0.09281657639683427,0.0,0.046408288198417136,0.09281657639683427,0.09281657639683427,0.0,0.09281657639683427,0.0,0.03590635313701463,0.0,-0.09281657639683427,-0.09281657639683427,0.0,0.0,-1.8120936260448381,1.8120936260448381,0.09281657639683427,0.09281657639683427,0.0,0.0,0.0,0.0018096922307384,-0.008481806809764
2054201688123404694,huangyun_122,2026-05-12,ai_tech,AI / 大模型,26.0,0.238,0.37156355643248307,0.08843212643093097,-0.08843212643093097,0.017686425286186195,0.0,0.08843212643093097,0.0,0.2584758855354026,0.37156355643248307,0.37156355643248307,0.08843212643093097,0.46312661547516454,0.0,-0.08843212643093097,-0.08843212643093097,-0.09604021928156962,-0.08843212643093097,-0.08843212643093097,-0.08843212643093097,0.0,0.0,0.0,0.09604021928156961,-0.08843212643093097,0.08843212643093097,0.0,0.0,2.0559690634269354,-2.0559690634269354,-0.08843212643093097,0.0,-0.08843212643093097,0.0,0.0,-0.0040987364101681,0.0105622304188508
2054221946200674368,huangyun_122,2026-05-12,ai_tech,AI / 大模型,26.0,-0.1769,0.37156355643248307,-0.06572959313290626,0.06572959313290626,-0.013145918626581252,0.0,0.0,-0.06572959313290626,-0.3137685231995808,-0.37156355643248307,0.37156355643248307,-0.06572959313290626,-0.5621977225885516,0.0,0.06572959313290626,0.06572959313290626,0.11658494837660432,0.0,0.06572959313290626,0.0,0.06572959313290626,0.0,0.11658494837660432,0.0,-0.06572959313290626,-0.06572959313290626,0.0,0.0,-1.6151924024835778,1.6151924024835778,0.06572959313290626,0.0,0.0,0.0,0.06572959313290626,-0.0012552634736554,0.0105622304188508
2054245645830271245,huangyun_122,2026-05-12,ai_tech,AI / 大模型,26.0,-0.2258,0.37156355643248307,-0.08389905104245468,0.08389905104245468,-0.016779810208490935,0.0,0.0,-0.08389905104245468,-0.0,-0.37156355643248307,0.37156355643248307,-0.08389905104245468,-0.0,0.0,0.060527703342851485,0.0,0.04194952552122734,0.08389905104245468,0.08389905104245468,0.0,0.08389905104245468,0.0,0.0,0.0,-0.08389905104245468,-0.08389905104245468,0.0,0.0,-1.6363907959994637,1.6363907959994637,0.08389905104245468,0.08389905104245468,0.0,0.0,0.0,0.0049478175377182,0.0105622304188508
2054411046233002063,huangyun_122,2026-05-13,ai_tech,AI / 大模型,26.0,0.2319,0.37156355643248307,0.08616558873669282,-0.08616558873669282,0.017233117747338565,0.0,0.08616558873669282,0.0,0.17942233199538038,0.37156355643248307,0.37156355643248307,0.08616558873669282,0.3214816623437026,0.0,-0.12466886227200887,0.0,-0.06666679977961323,-0.08616558873669282,-0.08616558873669282,-0.08616558873669282,0.0,0.0,0.0,0.06666679977961323,-0.08616558873669282,0.08616558873669282,0.0,0.0,1.8348909218697522,-1.8348909218697522,-0.08616558873669282,0.0,-0.08616558873669282,0.0,0.0,0.0022482547976074,0.0105622304188508
2054836407945097328,huangyun_122,2026-05-14,ai_tech,AI / 大模型,26.0,0.249,0.37156355643248307,0.09251932555168828,-0.09251932555168828,0.018503865110337657,0.0,0.09251932555168828,0.0,0.549102545751106,0.37156355643248307,0.37156355643248307,0.09251932555168828,0.9838596859267754,0.0,-0.10608882663260256,-0.09251932555168828,-0.20402649474541118,-0.09251932555168828,-0.09251932555168828,-0.09251932555168828,0.0,0.0,0.0,0.20402649474541118,-0.09251932555168828,0.09251932555168828,0.0,0.0,2.503311061698993,-2.503311061698993,-0.09251932555168828,0.0,-0.09251932555168828,0.0,0.0,0.0051926185114692,-0.015087714031981
2054978760915706023,huangyun_122,2026-05-14,ai_tech,AI / 大模型,26.0,0.1726,0.37156355643248307,0.06413186984024657,-0.06413186984024657,0.012826373968049316,0.0,0.06413186984024657,0.0,0.06677079452868187,0.37156355643248307,0.37156355643248307,0.06413186984024657,0.11963720336464656,0.0,-0.0600198998157271,0.0,-0.03206593492012329,0.0,-0.06413186984024657,-0.06413186984024657,0.0,0.0,0.0,0.02480959388089962,-0.06413186984024657,0.06413186984024657,0.0,0.0,1.31918242749778,-1.31918242749778,-0.06413186984024657,0.0,0.0,0.0,0.0,0.0011405782421818,-0.015087714031981
2054991497674760604,huangyun_122,2026-05-14,ai_tech,AI / 大模型,26.0,-0.1744,0.37156355643248307,-0.06480068424182504,0.06480068424182504,-0.012960136848365009,0.0,0.0,-0.06480068424182504,-0.22412095323886896,-0.37156355643248307,0.37156355643248307,-0.06480068424182504,-0.4015708402181616,0.0,0.07748692566859125,0.06480068424182504,0.08327517845647239,0.0,0.06480068424182504,0.0,0.06480068424182504,0.0,0.08327517845647239,0.0,-0.06480068424182504,-0.06480068424182504,0.0,0.0,-1.5611989212381372,1.5611989212381372,0.06480068424182504,0.0,0.0,0.0,0.06480068424182504,0.0008201310224422,-0.015087714031981
2054995034089631757,huangyun_122,2026-05-14,ai_tech,AI / 大模型,26.0,0.2059,0.37156355643248307,0.07650493626944826,-0.07650493626944826,0.015300987253889654,0.0,0.07650493626944826,0.0,0.15930598601918422,0.37156355643248307,0.37156355643248307,0.07650493626944826,0.2854380089545855,0.0,-0.07350456055125597,0.0,-0.05919229872627151,-0.07650493626944826,-0.07650493626944826,-0.07650493626944826,0.0,0.0,0.0,0.05919229872627151,-0.07650493626944826,0.07650493626944826,0.0,0.0,1.6254400893449903,-1.6254400893449903,-0.07650493626944826,0.0,-0.07650493626944826,0.0,0.0,0.0011950049640625,-0.015087714031981
2055311817606615064,huangyun_122,2026-05-15,ai_tech,AI / 大模型,26.0,0.2404,0.37156355643248307,0.08932387896636892,-0.08932387896636892,0.017864775793273786,0.0,0.08932387896636892,0.0,0.0,0.37156355643248307,0.37156355643248307,0.08932387896636892,0.0,0.0,-0.07815632985359264,0.0,-0.04466193948318446,-0.08932387896636892,-0.08932387896636892,-0.08932387896636892,0.0,0.0,0.0,0.0,-0.08932387896636892,0.08932387896636892,0.0,0.0,1.8945453644598462,-1.8945453644598462,-0.08932387896636892,0.0,-0.08932387896636892,0.0,0.0,-7.034961786889227e-06,
2055336983468335503,huangyun_122,2026-05-15,ai_tech,AI / 大模型,26.0,-0.2449,0.37156355643248307,-0.0909959149703151,0.0909959149703151,-0.01819918299406302,0.0,0.0,-0.0909959149703151,-0.32774742502760373,-0.37156355643248307,0.37156355643248307,-0.0909959149703151,-0.587244552308321,0.0,0.10997909706845067,0.0909959149703151,0.12177899885484504,0.0909959149703151,0.0909959149703151,0.0,0.0909959149703151,0.0,0.12177899885484506,0.0,-0.0909959149703151,-0.0909959149703151,0.0,0.0,-1.9461266412385716,1.9461266412385716,0.0909959149703151,0.0909959149703151,0.0,0.0,0.0909959149703151,0.0010391772211941,
2055465344458994048,huangyun_122,2026-05-16,ai_tech,AI / 大模型,26.0,0.2488,0.37156355643248307,0.09244501284040178,-0.09244501284040178,0.018489002568080358,0.0,0.09244501284040178,0.0,0.5222724393848042,0.37156355643248307,0.37156355643248307,0.09244501284040178,0.9357865887845583,0.0,-0.08345993047576174,-0.09244501284040178,-0.1940574050044863,-0.09244501284040178,-0.09244501284040178,-0.09244501284040178,0.0,0.0,0.0,0.19405740500448626,-0.09244501284040178,0.09244501284040178,0.0,0.0,2.485953151609988,-2.485953151609988,-0.09244501284040178,0.0,-0.09244501284040178,0.0,0.0,,
2055492365797015574,huangyun_122,2026-05-16,ai_tech,AI / 大模型,26.0,0.2384,0.37156355643248307,0.08858075185350396,-0.08858075185350396,0.017716150370700793,0.0,0.08858075185350396,0.0,0.09222570924471471,0.37156355643248307,0.37156355643248307,0.08858075185350396,0.16524628784549095,0.0,-0.07264067528255044,0.0,-0.04429037592675198,-0.08858075185350396,-0.08858075185350396,-0.08858075185350396,0.0,0.0,0.0,0.03426771252147433,-0.08858075185350396,0.08858075185350396,0.0,0.0,1.8378991066791912,-1.8378991066791912,-0.08858075185350396,0.0,-0.08858075185350396,0.0,0.0,,
2055595748730061064,huangyun_122,2026-05-16,ai_tech,AI / 大模型,26.0,-0.2459,0.37156355643248307,-0.09136747852674759,0.09136747852674759,-0.01827349570534952,0.0,0.0,-0.09136747852674759,-0.2208782983789957,-0.37156355643248307,0.37156355643248307,-0.09136747852674759,-0.3957607826675453,0.0,0.112895299350205,0.0,0.0820703260844548,0.09136747852674759,0.09136747852674759,0.0,0.09136747852674759,0.0,0.0820703260844548,0.0,-0.09136747852674759,-0.09136747852674759,0.0,0.0,-1.922848566752191,1.922848566752191,0.09136747852674759,0.09136747852674759,0.0,0.0,0.0,,
2053792289508708640,im23pds,2026-05-11,ai_tech,AI / 大模型,21.0,-0.1483,0.4510756193602167,-0.06689451435112012,0.06689451435112012,-0.013378902870224025,0.0,0.0,-0.06689451435112012,-0.0,-0.4510756193602167,0.4510756193602167,0.0,-0.0,0.0,0.06689451435112012,0.0,0.03344725717556006,0.0,0.0,0.0,0.06689451435112012,0.0,0.0,0.0,-0.06689451435112012,-0.06689451435112012,0.0,0.0,-0.0,0.0,0.06689451435112012,0.0,0.0,0.06689451435112012,0.0,-0.0017999582175547,-0.008481806809764
2053792337114054704,im23pds,2026-05-11,ai_tech,AI / 大模型,22.0,-0.8085,0.4510756193602167,-0.3646946382527352,0.3646946382527352,-0.07293892765054703,0.0,0.0,-0.3646946382527352,-0.0,-0.4510756193602167,0.4510756193602167,0.0,-0.0,0.0,0.3646946382527352,0.0,0.1823473191263676,0.3646946382527352,0.0,0.0,0.3646946382527352,0.0,0.0,0.0,-0.3646946382527352,-0.3646946382527352,0.0,0.0,-0.0,0.0,0.1842643905086485,0.3646946382527352,0.0,0.3646946382527352,0.0,-0.0017999582175547,-0.008481806809764
2054168197067350484,im23pds,2026-05-12,ai_tech,AI / 大模型,22.0,-0.0331,0.4510756193602167,-0.01493060300082317,0.01493060300082317,-0.0029861206001646342,0.0,0.0,-0.01493060300082317,-0.0,-0.4510756193602167,0.4510756193602167,0.0,-0.0,0.0,0.01493060300082317,0.0,0.007465301500411585,0.0,0.0,0.0,0.0,0.0,0.0,0.0,-0.01493060300082317,-0.01493060300082317,0.0,0.0,-0.0,0.0,0.01493060300082317,0.0,0.0,0.01493060300082317,0.0,-0.0116490863849201,0.0105622304188508
2054168765592687007,im23pds,2026-05-12,ai_tech,AI / 大模型,22.0,-0.1948,0.4510756193602167,-0.08786953065137021,0.08786953065137021,-0.017573906130274042,0.0,0.0,-0.08786953065137021,-0.0,-0.4510756193602167,0.4510756193602167,0.0,-0.0,0.0,-0.06097038788352263,0.0,0.043934765325685105,0.0,0.0,0.0,0.08786953065137021,0.0,0.0,0.0,-0.08786953065137021,-0.08786953065137021,0.0,0.0,-0.0,0.0,0.08786953065137021,0.0,0.0,0.08786953065137021,0.0,-0.0116490863849201,0.0105622304188508
2054176617027809621,im23pds,2026-05-12,ai_tech,AI / 大模型,22.0,0.2499,0.4510756193602167,0.11272379727811815,-0.11272379727811815,0.022544759455623634,0.0,0.11272379727811815,0.0,0.1988905621373675,0.4510756193602167,0.4510756193602167,0.11272379727811815,0.44776069136009095,0.0,-0.24632111884213032,0.0,-0.0897146835010147,-0.11272379727811815,-0.11272379727811815,-0.11272379727811815,0.0,0.0,0.0,0.0897146835010147,-0.11272379727811815,0.11272379727811815,0.0,0.0,1.838812618807985,-1.838812618807985,-0.11272379727811815,0.0,-0.11272379727811815,0.0,0.0,-0.0116490863849201,0.0105622304188508
2054347660363210935,im23pds,2026-05-12,ai_tech,AI / 大模型,22.0,-0.1997,0.4510756193602167,-0.09007980118623526,0.09007980118623526,-0.018015960237247053,0.0,0.0,-0.09007980118623526,-0.0,-0.4510756193602167,0.4510756193602167,0.0,-0.0,0.0,0.005746703390649161,0.0,0.04503990059311763,0.0,0.0,0.0,0.09007980118623526,0.0,0.0,0.0,-0.09007980118623526,-0.09007980118623526,0.0,0.0,-0.13842149195782105,0.13842149195782105,0.09007980118623526,0.0,0.0,0.09007980118623526,0.0,0.0022482547976074,0.0105622304188508
2054350329786052654,im23pds,2026-05-12,ai_tech,AI / 大模型,22.0,0.2494,0.4510756193602167,0.11249825946843804,-0.11249825946843804,0.02249965189368761,0.0,0.11249825946843804,0.0,0.1984926218369726,0.4510756193602167,0.4510756193602167,0.11249825946843804,0.4468648116254769,0.0,-0.19778914116246568,0.0,-0.08953518233354568,-0.11249825946843804,-0.11249825946843804,-0.11249825946843804,0.0,0.0,0.0,0.0895351823335457,-0.11249825946843804,0.11249825946843804,0.0,0.0,1.8808957651105986,-1.8808957651105986,-0.11249825946843804,0.0,-0.11249825946843804,0.0,0.0,0.0022482547976074,0.0105622304188508
2054556787244925096,im23pds,2026-05-13,ai_tech,AI / 大模型,22.0,-0.2389,0.4510756193602167,-0.10776196546515576,0.10776196546515576,-0.021552393093031155,0.0,0.0,-0.10776196546515576,-0.0,-0.4510756193602167,0.4510756193602167,0.0,-0.0,0.0,0.05072667536576608,0.0,0.05388098273257788,0.10776196546515576,0.0,0.0,0.10776196546515576,0.0,0.0,0.0,-0.10776196546515576,-0.10776196546515576,0.0,0.0,-0.26245847576281145,0.26245847576281145,0.10776196546515576,0.10776196546515576,0.0,0.10776196546515576,0.0,0.0012993483601146,0.0071077162744499
2054565204189745412,im23pds,2026-05-13,ai_tech,AI / 大模型,22.0,-0.0402,0.4510756193602167,-0.01813323989828071,0.01813323989828071,-0.003626647979656142,0.0,0.0,-0.01813323989828071,-0.04437152366623888,-0.4510756193602167,0.4510756193602167,-0.01813323989828071,-0.09989324732147761,0.0,-0.045242884621829724,0.01813323989828071,0.020014912519705216,0.0,0.01813323989828071,0.0,0.0,0.0,0.0,0.0,-0.01813323989828071,-0.01813323989828071,0.0,0.0,-0.3578732450468606,0.3578732450468606,0.01813323989828071,0.0,0.0,0.0,0.0,0.0051186988372846,0.0071077162744499
2054732336131142037,im23pds,2026-05-14,ai_tech,AI / 大模型,22.0,-0.1156,0.4510756193602167,-0.052144341598041044,0.052144341598041044,-0.010428868319608209,0.0,0.0,-0.052144341598041044,-0.2796806884626692,-0.4510756193602167,0.4510756193602167,-0.052144341598041044,-0.6296428401646254,0.0,-0.0062047957418660945,0.052144341598041044,0.12615713977139031,0.0,0.052144341598041044,0.0,0.052144341598041044,0.0,0.12615713977139031,0.0,-0.052144341598041044,-0.052144341598041044,0.0,0.0,-1.3312508370046232,1.3312508370046232,0.052144341598041044,0.0,0.0,0.0,0.052144341598041044,0.0051926185114692,0.0071077162744499
2055084879340286069,im23pds,2026-05-15,ai_tech,AI / 大模型,22.0,-0.226,0.4510756193602167,-0.10194308997540898,0.10194308997540898,-0.020388617995081796,0.0,0.0,-0.10194308997540898,-0.0,-0.4510756193602167,0.4510756193602167,0.0,-0.0,0.0,0.04421443220968845,0.0,0.05097154498770449,0.10194308997540898,0.0,0.0,0.10194308997540898,0.0,0.0,0.0,-0.10194308997540898,-0.10194308997540898,0.0,0.0,-0.15665126280654765,0.15665126280654765,0.10194308997540898,0.10194308997540898,0.0,0.10194308997540898,0.0,-0.0128940329861121,-0.015087714031981
2055085278604546151,im23pds,2026-05-15,ai_tech,AI / 大模型,22.0,-0.2123,0.4510756193602167,-0.095763353990174,0.095763353990174,-0.0191526707980348,0.0,0.0,-0.095763353990174,-0.18350207862888054,-0.4510756193602167,0.4510756193602167,-0.095763353990174,-0.413116724644443,0.0,0.034015202387209065,0.0,0.08277331377140947,0.095763353990174,0.095763353990174,0.0,0.095763353990174,0.0,0.08277331377140947,0.0,-0.095763353990174,-0.095763353990174,0.0,0.0,-1.763568853217748,1.763568853217748,0.095763353990174,0.095763353990174,0.0,0.0,0.0,-0.0128940329861121,-0.015087714031981
2055116155170533520,im23pds,2026-05-15,ai_tech,AI / 大模型,22.0,-0.2051,0.4510756193602167,-0.09251560953078045,0.09251560953078045,-0.01850312190615609,0.0,0.0,-0.09251560953078045,-0.0,-0.4510756193602167,0.4510756193602167,0.0,-0.0,0.0,0.027932857728881422,0.0,0.04625780476539022,0.09251560953078045,0.0,0.0,0.09251560953078045,0.0,0.0,0.0,-0.09251560953078045,-0.09251560953078045,0.0,0.0,-0.22532538040582933,0.22532538040582933,0.09251560953078045,0.09251560953078045,0.0,0.09251560953078045,0.0,-0.0128940329861121,-0.015087714031981
2055448176895922476,im23pds,2026-05-16,ai_tech,AI / 大模型,22.0,-0.2469,0.4510756193602167,-0.1113705704200375,0.1113705704200375,-0.022274114084007503,0.0,0.0,-0.1113705704200375,-0.0,-0.4510756193602167,0.4510756193602167,0.0,-0.0,0.0,0.04463913725437837,0.0,0.05568528521001875,0.1113705704200375,0.0,0.0,0.1113705704200375,0.0,0.0,0.0,-0.1113705704200375,-0.1113705704200375,0.0,0.0,-0.0,0.0,0.1113705704200375,0.1113705704200375,0.0,0.1113705704200375,0.0,,
2055617418840670221,im23pds,2026-05-16,ai_tech,AI / 大模型,22.0,-0.1565,0.4510756193602167,-0.07059333442987391,0.07059333442987391,-0.014118666885974782,0.0,0.0,-0.07059333442987391,-0.0,-0.4510756193602167,0.4510756193602167,0.0,-0.0,0.0,0.000673391460330603,0.0,0.035296667214936954,0.0,0.0,0.0,0.07059333442987391,0.0,0.0,0.0,-0.07059333442987391,-0.07059333442987391,0.0,0.0,-0.0,0.0,0.07059333442987391,0.0,0.0,0.07059333442987391,0.0,,
2055618577743700453,im23pds,2026-05-16,ai_tech,AI / 大模型,22.0,-0.1643,0.4510756193602167,-0.0741117242608836,0.0741117242608836,-0.01482234485217672,0.0,0.0,-0.0741117242608836,-0.0,-0.4510756193602167,0.4510756193602167,0.0,-0.0,0.0,0.004146888527318257,0.0,0.0370558621304418,0.0,0.0,0.0,0.0741117242608836,0.0,0.0,0.0,-0.0741117242608836,-0.0741117242608836,0.0,0.0,-0.18050199902817043,0.18050199902817043,0.0741117242608836,0.0,0.0,0.0741117242608836,0.0,,
2055906910659125659,im23pds,2026-05-17,ai_tech,AI / 大模型,22.0,-0.0372,0.4510756193602167,-0.01678001304020006,0.01678001304020006,-0.003356002608040012,0.0,0.0,-0.01678001304020006,-0.05966625314120112,-0.4510756193602167,0.4510756193602167,-0.01678001304020006,-0.13432614635036513,0.0,-0.053665970020682845,0.01678001304020006,0.02691399209057077,0.0,0.01678001304020006,0.0,0.0,0.0,0.0,0.0,-0.01678001304020006,-0.01678001304020006,0.0,0.0,-0.3650401096841419,0.3650401096841419,0.01678001304020006,0.0,0.0,0.0,0.0,,
2055293077808402466,immortal_00994,2026-05-15,unclassified,未分类,14.0,0.2465,0.76080582903376,0.18753863685682184,-0.18753863685682184,0.037507727371364374,0.0,0.18753863685682184,0.0,0.0,0.76080582903376,0.76080582903376,0.0,0.0,0.0,-0.18753863685682184,0.0,-0.09376931842841092,-0.18753863685682184,0.0,-0.18753863685682184,0.0,0.0,0.0,0.0,-0.18753863685682184,0.18753863685682184,0.0,0.0,0.0,-0.0,-0.18753863685682184,0.0,-0.18753863685682184,-0.18753863685682184,0.0,,
2055294275248636279,immortal_00994,2026-05-15,ai_tech,AI / 大模型,17.0,0.2435,0.76080582903376,0.18525621936972056,-0.18525621936972056,0.037051243873944116,0.0,0.18525621936972056,0.0,0.0,0.76080582903376,0.76080582903376,0.18525621936972056,0.0,0.0,-0.18525621936972056,0.0,-0.09262810968486028,-0.18525621936972056,-0.18525621936972056,-0.18525621936972056,0.0,0.0,0.0,0.0,-0.18525621936972056,0.18525621936972056,0.0,0.0,0.9844829837177129,-0.9844829837177129,-0.18525621936972056,0.0,-0.18525621936972056,0.0,0.0,0.0013866256944834,
2055295793620250847,immortal_00994,2026-05-15,ai_tech,AI / 大模型,17.0,0.25,0.76080582903376,0.19020145725844,-0.19020145725844,0.038040291451688,0.0,0.19020145725844,0.0,0.25,0.76080582903376,0.76080582903376,0.19020145725844,0.17328679513998632,0.0,-0.19020145725844,0.0,-0.19020145725844,-0.19020145725844,-0.19020145725844,-0.19020145725844,0.0,0.0,0.0,0.19020145725844,-0.19020145725844,0.19020145725844,0.0,0.0,1.3958740771954248,-1.3958740771954248,-0.19020145725844,0.0,-0.19020145725844,0.0,0.0,7.024308911773858e-05,
2055318866507563107,immortal_00994,2026-05-15,ai_tech,AI / 大模型,17.0,-0.25,0.76080582903376,-0.19020145725844,0.19020145725844,-0.038040291451688,0.0,0.0,-0.19020145725844,-0.0,-0.76080582903376,0.76080582903376,0.0,-0.0,0.0,0.3778668950867675,0.0,0.09510072862922,0.19020145725844,0.0,0.0,0.19020145725844,0.0,0.0,0.0,-0.19020145725844,-0.19020145725844,0.0,0.0,-0.27465307216702745,0.27465307216702745,0.19020145725844,0.19020145725844,0.0,0.19020145725844,0.0,0.0017379961747592,
2055329231391916319,immortal_00994,2026-05-15,ai_tech,AI / 大模型,17.0,0.1792,0.76080582903376,0.1363364045628498,-0.1363364045628498,0.02726728091256996,0.0,0.1363364045628498,0.0,0.0,0.76080582903376,0.76080582903376,0.0,0.0,0.0,-0.043137690506214195,0.0,-0.0681682022814249,0.0,0.0,-0.1363364045628498,0.0,0.0,0.0,0.0,-0.1363364045628498,0.1363364045628498,0.0,0.0,0.0,-0.0,-0.1363364045628498,0.0,0.0,-0.1363364045628498,0.0,0.0027759552978461,
2055401106952384709,immortal_00994,2026-05-15,ai_tech,AI / 大模型,17.0,-0.1533,0.76080582903376,-0.11663153359087541,0.11663153359087541,-0.023326306718175083,0.0,0.0,-0.11663153359087541,-0.0,-0.76080582903376,0.76080582903376,0.0,-0.0,0.0,0.21845778574875385,0.0,0.05831576679543771,0.0,0.0,0.0,0.11663153359087541,0.0,0.0,0.0,-0.11663153359087541,-0.11663153359087541,0.0,0.0,-0.0,0.0,0.11663153359087541,0.0,0.0,0.11663153359087541,0.0,,
2055402642658992519,immortal_00994,2026-05-15,ai_tech,AI / 大模型,17.0,0.25,0.76080582903376,0.19020145725844,-0.19020145725844,0.038040291451688,0.0,0.19020145725844,0.0,0.0,0.76080582903376,0.76080582903376,0.0,0.0,0.0,-0.12478483605868719,0.0,-0.09510072862922,-0.19020145725844,0.0,-0.19020145725844,0.0,0.0,0.0,0.0,-0.19020145725844,0.19020145725844,0.0,0.0,0.0,-0.0,-0.19020145725844,0.0,-0.19020145725844,-0.19020145725844,0.0,,
2055414589379031148,immortal_00994,2026-05-15,ai_tech,AI / 大模型,17.0,0.2485,0.76080582903376,0.18906024851488937,-0.18906024851488937,0.03781204970297788,0.0,0.18906024851488937,0.0,0.0,0.76080582903376,0.76080582903376,0.18906024851488937,0.0,0.0,-0.10581722216389554,0.0,-0.09453012425744468,-0.18906024851488937,-0.18906024851488937,-0.18906024851488937,0.0,0.0,0.0,0.0,-0.18906024851488937,0.18906024851488937,0.0,0.0,1.2673168073143133,-1.2673168073143133,-0.18906024851488937,0.0,-0.18906024851488937,0.0,0.0,,
2055414739040108634,immortal_00994,2026-05-15,ai_tech,AI / 大模型,17.0,0.25,0.76080582903376,0.19020145725844,-0.19020145725844,0.038040291451688,0.0,0.19020145725844,0.0,0.25,0.76080582903376,0.76080582903376,0.19020145725844,0.17328679513998632,0.0,-0.09373127813695924,0.0,-0.19020145725844,-0.19020145725844,-0.19020145725844,-0.19020145725844,0.0,0.0,0.0,0.19020145725844,-0.19020145725844,0.19020145725844,0.0,0.0,1.1384692229001352,-1.1384692229001352,-0.19020145725844,0.0,-0.19020145725844,0.0,0.0,,
2055415931744981218,immortal_00994,2026-05-15,ai_tech,AI / 大模型,17.0,-0.1555,0.76080582903376,-0.11830530641474969,0.11830530641474969,-0.02366106128294994,0.0,0.0,-0.11830530641474969,-0.0,-0.76080582903376,0.76080582903376,0.0,-0.0,0.0,0.22519007199589258,0.0,0.059152653207374846,0.0,0.0,0.0,0.11830530641474969,0.0,0.0,0.0,-0.11830530641474969,-0.11830530641474969,0.0,0.0,-0.0,0.0,0.11830530641474969,0.0,0.0,0.11830530641474969,0.0,,
2055754936026014016,immortal_00994,2026-05-16,ai_tech,AI / 大模型,17.0,0.25,0.76080582903376,0.19020145725844,-0.19020145725844,0.038040291451688,0.0,0.19020145725844,0.0,0.0,0.76080582903376,0.76080582903376,0.19020145725844,0.0,0.0,-0.10583569887688636,0.0,-0.09510072862922,-0.19020145725844,-0.19020145725844,-0.19020145725844,0.0,0.0,0.0,0.0,-0.19020145725844,0.19020145725844,0.0,0.0,1.190543483699439,-1.190543483699439,-0.19020145725844,0.0,-0.19020145725844,0.0,0.0,,
2056067869213945954,immortal_00994,2026-05-17,ai_tech,AI / 大模型,17.0,0.2296,0.76080582903376,0.1746810183461513,-0.1746810183461513,0.03493620366923026,0.0,0.1746810183461513,0.0,0.0,0.76080582903376,0.76080582903376,0.0,0.0,0.0,-0.08069383279397162,0.0,-0.08734050917307565,-0.1746810183461513,0.0,-0.1746810183461513,0.0,0.0,0.0,0.0,-0.1746810183461513,0.1746810183461513,0.0,0.0,0.0,-0.0,-0.1746810183461513,0.0,-0.1746810183461513,-0.1746810183461513,0.0,,
2055902800262189484,interjc,2026-05-17,unclassified,未分类,27.0,0.2422,0.3293037471426004,0.07975736755793782,-0.07975736755793782,0.015951473511587565,0.0,0.07975736755793782,0.0,0.2422,0.3293037471426004,0.3293037471426004,0.07975736755793782,0.47129943810119684,0.0,-0.07975736755793782,0.0,-0.07975736755793782,-0.07975736755793782,-0.07975736755793782,-0.07975736755793782,0.0,0.0,0.0,0.07975736755793782,-0.07975736755793782,0.07975736755793782,0.0,0.0,1.5991467874882572,-1.5991467874882572,-0.07975736755793782,0.0,-0.07975736755793782,0.0,0.0,,
2049027815195000840,jiayuan_jy,2026-04-28,ai_tech,AI / 大模型,41.0,-0.1782,0.13976194237515868,-0.024905578131253277,0.024905578131253277,-0.004981115626250656,0.0,0.0,-0.024905578131253277,-0.3332486056530463,-0.13976194237515868,0.13976194237515868,-0.024905578131253277,-1.0448990754915808,0.0,0.024905578131253277,0.024905578131253277,0.04657547241988304,0.0,0.024905578131253277,0.0,0.024905578131253277,0.0,0.04657547241988304,0.0,-0.024905578131253277,-0.024905578131253277,0.0,0.0,-1.963168810669838,1.963168810669838,0.024905578131253277,0.0,0.0,0.0,0.024905578131253277,-0.0099830016355183,0.0061136333448092
2049215630717464823,jiayuan_jy,2026-04-28,ai_tech,AI / 大模型,41.0,-0.1991,0.13976194237515868,-0.027826602726894092,0.027826602726894092,-0.005565320545378819,0.0,0.0,-0.027826602726894092,-0.0,-0.13976194237515868,0.13976194237515868,0.0,-0.0,0.0,0.027826602726894092,0.0,0.013913301363447046,0.0,0.0,0.0,0.027826602726894092,0.0,0.0,0.0,-0.027826602726894092,-0.027826602726894092,0.0,0.0,-0.0,0.0,0.027826602726894092,0.0,0.0,0.027826602726894092,0.0,0.0028971185959425,0.0061136333448092
2049385667084358018,jiayuan_jy,2026-04-29,ai_tech,AI / 大模型,41.0,-0.1396,0.13976194237515868,-0.01951076715557215,0.01951076715557215,-0.0039021534311144304,0.0,0.0,-0.01951076715557215,-0.0,-0.13976194237515868,0.13976194237515868,0.0,-0.0,0.0,0.01951076715557215,0.0,0.009755383577786075,0.0,0.0,0.0,0.01951076715557215,0.0,0.0,0.0,-0.01951076715557215,-0.01951076715557215,0.0,0.0,-0.15336627549806814,0.15336627549806814,0.01951076715557215,0.0,0.0,0.01951076715557215,0.0,0.0037866542066102,0.0093262736246331
2049748642534199599,jiayuan_jy,2026-04-30,ai_tech,AI / 大模型,41.0,-0.2452,0.13976194237515868,-0.03426962827038891,0.03426962827038891,-0.006853925654077782,0.0,0.0,-0.03426962827038891,-0.21177328471438203,-0.13976194237515868,0.13976194237515868,-0.03426962827038891,-0.6640139093102619,0.0,0.010188645599149067,0.0,0.029597845614849537,0.03426962827038891,0.03426962827038891,0.0,0.03426962827038891,0.0,0.029597845614849533,0.0,-0.03426962827038891,-0.03426962827038891,0.0,0.0,-2.2352235340666606,2.2352235340666606,0.03426962827038891,0.03426962827038891,0.0,0.0,0.0,-0.0037034587110436,0.0095995960604928
2050182348709167202,jiayuan_jy,2026-05-01,ai_tech,AI / 大模型,41.0,-0.0131,0.13976194237515868,-0.0018308814451145788,0.0018308814451145788,-0.0003661762890229158,0.0,0.0,-0.0018308814451145788,-0.013277812781810864,-0.13976194237515868,0.13976194237515868,-0.0018308814451145788,-0.04163250517755809,0.0,-0.02479726262591253,0.0,0.0018557329048795952,0.0,0.0018308814451145788,0.0,0.0,0.0,0.0,0.0,-0.0018308814451145788,-0.0018308814451145788,0.0,0.0,-0.12259298332488579,0.12259298332488579,0.0018308814451145788,0.0,0.0,0.0,0.0,0.0109276672560474,-0.0018838826451929
2050280896704512477,jiayuan_jy,2026-05-01,ai_tech,AI / 大模型,41.0,-0.2093,0.13976194237515868,-0.029252174539120716,0.029252174539120716,-0.005850434907824144,0.0,0.0,-0.029252174539120716,-0.0,-0.13976194237515868,0.13976194237515868,0.0,-0.0,0.0,0.0075834829932761106,0.0,0.014626087269560358,0.029252174539120716,0.0,0.0,0.029252174539120716,0.0,0.0,0.0,-0.029252174539120716,-0.029252174539120716,0.0,0.0,-0.2299395520182354,0.2299395520182354,0.029252174539120716,0.029252174539120716,0.0,0.029252174539120716,0.0,0.0010074095565264,-0.0018838826451929
2054469596137345293,jiayuan_jy,2026-05-13,ai_tech,AI / 大模型,41.0,0.0113,0.13976194237515868,0.001579309948839293,-0.001579309948839293,0.0003158619897678586,0.0,0.001579309948839293,0.0,0.005800249389111384,0.13976194237515868,0.13976194237515868,0.001579309948839293,0.01818664841050533,0.0,-0.02451191532689658,0.0,-0.0008106541208825347,0.0,-0.001579309948839293,0.0,0.0,0.0,0.0,0.0,-0.001579309948839293,0.001579309948839293,0.0,0.0,0.096036728534856,-0.096036728534856,-0.001579309948839293,0.0,0.0,0.0,0.0,0.0022482547976074,0.0071077162744499
2055284305723900029,jiayuan_jy,2026-05-15,ai_tech,AI / 大模型,41.0,-0.1533,0.13976194237515868,-0.021425505766111824,0.021425505766111824,-0.004285101153222365,0.0,0.0,-0.021425505766111824,-0.0,-0.13976194237515868,0.13976194237515868,0.0,-0.0,0.0,0.0019946025776111896,0.0,0.010712752883055912,0.0,0.0,0.0,0.021425505766111824,0.0,0.0,0.0,-0.021425505766111824,-0.021425505766111824,0.0,0.0,-0.10625946277983961,0.10625946277983961,0.021425505766111824,0.0,0.0,0.021425505766111824,0.0,0.0024200983835147,
2055291002328600664,jiayuan_jy,2026-05-15,ai_tech,AI / 大模型,41.0,-0.2229,0.13976194237515868,-0.03115293695542287,0.03115293695542287,-0.006230587391084574,0.0,0.0,-0.03115293695542287,-0.0,-0.13976194237515868,0.13976194237515868,-0.03115293695542287,-0.0,0.0,0.011472708444720835,0.0,0.015576468477711434,0.03115293695542287,0.03115293695542287,0.0,0.03115293695542287,0.0,0.0,0.0,-0.03115293695542287,-0.03115293695542287,0.0,0.0,-1.568553455313571,1.568553455313571,0.03115293695542287,0.03115293695542287,0.0,0.0,0.0,-0.0012081500136463,
2055676811057733966,jiayuan_jy,2026-05-16,ai_tech,AI / 大模型,41.0,-0.119,0.13976194237515868,-0.016631671142643883,0.016631671142643883,-0.003326334228528777,0.0,0.0,-0.016631671142643883,-0.119,-0.13976194237515868,0.13976194237515868,-0.016631671142643883,-0.3731238116955688,0.0,-0.00432330275080491,0.0,0.016631671142643883,0.0,0.016631671142643883,0.0,0.016631671142643883,0.0,0.016631671142643883,0.0,-0.016631671142643883,-0.016631671142643883,0.0,0.0,-0.9652480323911212,0.9652480323911212,0.016631671142643883,0.0,0.0,0.0,0.016631671142643883,,
2050277840973951254,kaylyn_0x,2026-05-01,ai_tech,AI / 大模型,18.0,0.25,2.2082744135228043,0.5520686033807011,-0.5520686033807011,0.11041372067614022,0.0,0.5520686033807011,0.0,0.3132166645889397,2.2082744135228043,2.2082744135228043,0.5520686033807011,0.9460474084795653,0.0,-0.5520686033807011,-0.5520686033807011,-0.6916683463007097,-0.5520686033807011,-0.5520686033807011,-0.5520686033807011,0.0,0.0,0.0,0.6916683463007097,-0.5520686033807011,0.5520686033807011,0.0,0.0,2.672474340888941,-2.672474340888941,-0.5520686033807011,0.0,-0.5520686033807011,0.0,0.0,0.0006528965077139,-0.0018838826451929
2050967438888706168,kaylyn_0x,2026-05-03,ai_tech,AI / 大模型,18.0,-0.5,2.2082744135228043,-1.1041372067614021,1.1041372067614021,-0.22082744135228044,0.0,0.0,-1.1041372067614021,-0.5190485335875502,-2.2082744135228043,2.2082744135228043,-1.1041372067614021,-1.5677471079645748,0.0,1.1041372067614021,0.0,1.146201596097919,1.1041372067614021,1.1041372067614021,0.0,1.1041372067614021,0.0,1.146201596097919,0.0,-1.1041372067614021,-1.1041372067614021,0.0,0.0,-4.359903725738977,4.359903725738977,1.1041372067614021,1.1041372067614021,0.0,0.0,1.1041372067614021,0.0012905781817413,-0.0018838826451929
2051247150617526384,kaylyn_0x,2026-05-04,ai_tech,AI / 大模型,18.0,0.2498,2.2082744135228043,0.5516269484979965,-0.5516269484979965,0.11032538969959932,0.0,0.5516269484979965,0.0,0.24351569223583142,2.2082744135228043,2.2082744135228043,0.5516269484979965,0.7355208569957767,0.0,-0.5516269484979965,0.0,-0.5377494724556804,-0.5516269484979965,-0.5516269484979965,-0.5516269484979965,0.0,0.0,0.0,0.5377494724556803,-0.5516269484979965,0.5516269484979965,0.0,0.0,2.335546925811881,-2.335546925811881,-0.5516269484979965,0.0,-0.5516269484979965,0.0,0.0,0.0012905781817413,0.0129740524393653
2052011788141769183,kaylyn_0x,2026-05-06,ai_tech,AI / 大模型,18.0,0.25,2.2082744135228043,0.5520686033807011,-0.5520686033807011,0.11041372067614022,0.0,0.5520686033807011,0.0,0.24795619709799402,2.2082744135228043,2.2082744135228043,0.5520686033807011,0.7489330683884977,0.0,-0.5522158216749359,0.0,-0.5475553257259176,-0.5520686033807011,-0.5520686033807011,-0.5520686033807011,0.0,0.0,0.0,0.5475553257259176,-0.5520686033807011,0.5520686033807011,0.0,0.0,1.956810225438203,-1.956810225438203,-0.5520686033807011,0.0,-0.5520686033807011,0.0,0.0,0.0101392100563681,-0.0011929474776779
2052416004551237769,kaylyn_0x,2026-05-07,ai_tech,AI / 大模型,18.0,0.75,2.2082744135228043,1.656205810142103,-1.656205810142103,0.33124116202842063,0.0,1.656205810142103,0.0,1.0942299709585375,2.2082744135228043,2.2082744135228043,1.656205810142103,3.3050394354481902,0.0,-1.518299073017604,-1.656205810142103,-2.4163600473775393,-1.656205810142103,-1.656205810142103,-1.656205810142103,0.0,0.0,0.0,2.4163600473775393,-1.656205810142103,1.656205810142103,0.0,0.0,7.103951332248484,-7.103951332248484,-0.7728960447329815,0.0,-1.656205810142103,0.0,0.0,-0.004308507896514,0.0234408408929045
2052633792163266632,kaylyn_0x,2026-05-08,ai_tech,AI / 大模型,18.0,1.0,2.2082744135228043,2.2082744135228043,-2.2082744135228043,0.4416548827045609,0.0,2.2082744135228043,0.0,1.1474332365284585,2.2082744135228043,2.2082744135228043,2.2082744135228043,3.4657359027997265,0.0,-1.7667078617947842,-2.2082744135228043,-2.533847457451455,-2.2082744135228043,-2.2082744135228043,-2.2082744135228043,0.0,0.0,0.0,2.533847457451455,-2.2082744135228043,2.2082744135228043,0.0,0.0,8.563122123304638,-8.563122123304638,-2.2082744135228043,0.0,-2.2082744135228043,0.0,0.0,0.0151815864450868,0.0028963874065546
2052695653118071223,kaylyn_0x,2026-05-08,ai_tech,AI / 大模型,18.0,0.1609,2.2082744135228043,0.3553113531358192,-0.3553113531358192,0.07106227062716385,0.0,0.3553113531358192,0.0,0.21810840027294398,2.2082744135228043,2.2082744135228043,0.3553113531358192,0.6587800400615359,0.0,0.38070650889133145,-0.3553113531358192,-0.48164319969713243,0.0,-0.3553113531358192,-0.3553113531358192,0.0,0.0,0.0,0.48164319969713243,-0.3553113531358192,0.3553113531358192,0.0,0.0,1.3665076902645132,-1.3665076902645132,-0.3553113531358192,0.0,0.0,0.0,0.0,0.0151815864450868,0.0028963874065546
2053049407055245676,kaylyn_0x,2026-05-09,ai_tech,AI / 大模型,18.0,1.0,2.2082744135228043,2.2082744135228043,-2.2082744135228043,0.4416548827045609,0.0,2.2082744135228043,0.0,1.136921901364912,2.2082744135228043,2.2082744135228043,2.2082744135228043,3.4339872044851463,0.0,-1.526643195622987,-2.2082744135228043,-2.5106355449578324,-2.2082744135228043,-2.2082744135228043,-2.2082744135228043,0.0,0.0,0.0,2.5106355449578324,-2.2082744135228043,2.2082744135228043,0.0,0.0,9.112727543109182,-9.112727543109182,-1.3249646481136825,0.0,-2.2082744135228043,0.0,0.0,-0.0017999582175547,0.0028963874065546
2053351805422366851,kaylyn_0x,2026-05-10,ai_tech,AI / 大模型,18.0,0.2495,2.2082744135228043,0.5509644661739397,-0.5509644661739397,0.11019289323478794,0.0,0.5509644661739397,0.0,0.25149056071434056,2.2082744135228043,2.2082744135228043,0.5509644661739397,0.7596083482119941,0.0,0.32149715117875133,0.0,-0.5553601704679817,-0.5509644661739397,-0.5509644661739397,-0.5509644661739397,0.0,0.0,0.0,0.5553601704679816,-0.5509644661739397,0.5509644661739397,0.0,0.0,2.061765812938021,-2.061765812938021,-0.5509644661739397,0.0,-0.5509644661739397,0.0,0.0,-0.0017999582175547,0.0028963874065546
2053745607244673187,kaylyn_0x,2026-05-11,ai_tech,AI / 大模型,18.0,-0.5,2.2082744135228043,-1.1041372067614021,1.1041372067614021,-0.22082744135228044,0.0,0.0,-1.1041372067614021,-0.41135051250356325,-2.2082744135228043,2.2082744135228043,-1.1041372067614021,-1.2424533248940002,0.0,1.9408769184275654,0.0,0.9083748117511111,1.1041372067614021,1.1041372067614021,0.0,1.1041372067614021,0.0,0.9083748117511111,0.0,-1.1041372067614021,-1.1041372067614021,0.0,0.0,-4.288579386291835,4.288579386291835,1.1041372067614021,1.1041372067614021,0.0,0.0,0.0,-0.0017999582175547,-0.008481806809764
2054177632145838505,kaylyn_0x,2026-05-12,ai_tech,AI / 大模型,18.0,1.0,2.2082744135228043,2.2082744135228043,-2.2082744135228043,0.4416548827045609,0.0,2.2082744135228043,0.0,0.7274554607914863,2.2082744135228043,2.2082744135228043,2.2082744135228043,2.1972245773362196,0.0,-1.5656223936993976,0.0,-1.6064212810432807,-2.2082744135228043,-2.2082744135228043,-2.2082744135228043,0.0,0.0,0.0,1.6064212810432807,-2.2082744135228043,2.2082744135228043,0.0,0.0,8.007700012884026,-8.007700012884026,-1.3249646481136825,0.0,-2.2082744135228043,0.0,0.0,-0.0116490863849201,0.0105622304188508
2054241569511985219,kaylyn_0x,2026-05-12,ai_tech,AI / 大模型,18.0,1.0,2.2082744135228043,2.2082744135228043,-2.2082744135228043,0.4416548827045609,0.0,2.2082744135228043,0.0,0.8965792241763358,2.2082744135228043,2.2082744135228043,2.2082744135228043,2.70805020110221,0.0,-1.4232930851812706,0.0,-1.9798929604447288,-2.2082744135228043,-2.2082744135228043,-2.2082744135228043,0.0,0.0,0.0,1.9798929604447288,-2.2082744135228043,2.2082744135228043,0.0,0.0,8.045588280803528,-8.045588280803528,-2.2082744135228043,0.0,-2.2082744135228043,0.0,0.0,0.0041935938351842,0.0105622304188508
2054439893485724067,kaylyn_0x,2026-05-13,ai_tech,AI / 大模型,18.0,-0.1506,2.2082744135228043,-0.33256612667653435,0.33256612667653435,-0.06651322533530687,0.0,0.0,-0.33256612667653435,-0.12389877436607326,-2.2082744135228043,2.2082744135228043,-0.33256612667653435,-0.3742269414580729,0.0,1.2361552121165071,0.0,0.2736024932994347,0.0,0.33256612667653435,0.0,0.33256612667653435,0.0,0.2736024932994347,0.0,-0.33256612667653435,-0.33256612667653435,0.0,0.0,-1.2098689592396543,1.2098689592396543,0.33256612667653435,0.0,0.0,0.0,0.0,0.0022482547976074,0.0071077162744499
2054526457863385449,kaylyn_0x,2026-05-13,ai_tech,AI / 大模型,18.0,1.0,2.2082744135228043,2.2082744135228043,-2.2082744135228043,0.4416548827045609,0.0,2.2082744135228043,0.0,1.2675837144807922,2.2082744135228043,2.2082744135228043,2.2082744135228043,3.828641396489095,0.0,-1.399774190553332,-2.2082744135228043,-2.799172683686129,-2.2082744135228043,-2.2082744135228043,-2.2082744135228043,0.0,0.0,0.0,2.799172683686129,-2.2082744135228043,2.2082744135228043,0.0,0.0,8.630343289348893,-8.630343289348893,-2.2082744135228043,0.0,-2.2082744135228043,0.0,0.0,0.0022482547976074,0.0071077162744499
2054841814096474519,kaylyn_0x,2026-05-14,ai_tech,AI / 大模型,18.0,0.1721,2.2082744135228043,0.38004402656727465,-0.38004402656727465,0.07600880531345494,0.0,0.38004402656727465,0.0,0.11848395600392862,2.2082744135228043,2.2082744135228043,0.38004402656727465,0.3578718893230997,0.0,0.528440067156007,0.0,-0.26164508845643725,0.0,-0.38004402656727465,-0.38004402656727465,0.0,0.0,0.0,0.26164508845643725,-0.38004402656727465,0.38004402656727465,0.0,0.0,1.4992393952128877,-1.4992393952128877,-0.38004402656727465,0.0,0.0,0.0,0.0,0.0051926185114692,-0.015087714031981
2054857031928938841,kaylyn_0x,2026-05-14,ai_tech,AI / 大模型,18.0,0.1343,2.2082744135228043,0.29657125373611265,-0.29657125373611265,0.05931425074722253,0.0,0.29657125373611265,0.0,0.11404776205072632,2.2082744135228043,2.2082744135228043,0.29657125373611265,0.3444726987070844,0.0,0.5766835021767686,0.0,-0.25184875485615604,0.0,-0.29657125373611265,0.0,0.0,0.0,0.0,0.251848754856156,-0.29657125373611265,0.29657125373611265,0.0,0.0,1.0675629884272384,-1.0675629884272384,-0.29657125373611265,0.0,0.0,0.0,0.0,0.0051926185114692,-0.015087714031981
2055584860304211999,kaylyn_0x,2026-05-16,ai_tech,AI / 大模型,18.0,0.2499,2.2082744135228043,0.5518477759393489,-0.5518477759393489,0.11036955518786978,0.0,0.5518477759393489,0.0,0.26956416912949954,2.2082744135228043,2.2082744135228043,0.5518477759393489,0.8141983248515684,0.0,0.3043738233305598,-0.5518477759393489,-0.5952716574912077,-0.5518477759393489,-0.5518477759393489,-0.5518477759393489,0.0,-0.5518477759393489,0.0,0.5952716574912076,-0.5518477759393489,0.5518477759393489,0.0,0.0,2.199186136362453,-2.199186136362453,-1.4351575413484705,0.0,-0.5518477759393489,0.0,0.0,,
2055931746588512567,kaylyn_0x,2026-05-17,ai_tech,AI / 大模型,18.0,1.0,2.2082744135228043,2.2082744135228043,-2.2082744135228043,0.4416548827045609,0.0,2.2082744135228043,0.0,0.8227010250071265,2.2082744135228043,2.2082744135228043,2.2082744135228043,2.4849066497880004,0.0,-1.2416538154061791,0.0,-1.8167496235022222,-2.2082744135228043,-2.2082744135228043,-2.2082744135228043,0.0,0.0,0.0,1.8167496235022222,-2.2082744135228043,2.2082744135228043,0.0,0.0,6.336825731146441,-6.336825731146441,-2.2082744135228043,0.0,-2.2082744135228043,0.0,0.0,,
2054921525657002461,kenw_2,2026-05-14,unclassified,未分类,23.0,-0.25,0.8372475245337022,-0.20931188113342555,0.20931188113342555,-0.041862376226685115,0.0,0.0,-0.20931188113342555,-0.25,-0.8372475245337022,0.8372475245337022,-0.20931188113342555,-0.8664339756999316,0.0,0.20931188113342555,0.0,0.20931188113342555,0.20931188113342555,0.20931188113342555,0.0,0.20931188113342555,0.0,0.20931188113342555,0.0,-0.20931188113342555,-0.20931188113342555,0.0,0.0,-2.211300283834896,2.211300283834896,0.20931188113342555,0.20931188113342555,0.0,0.0,0.20931188113342555,,
2055560070386037134,kenw_2,2026-05-16,unclassified,未分类,23.0,0.1701,0.8372475245337022,0.14241580392318276,-0.14241580392318276,0.028483160784636554,0.0,0.14241580392318276,0.0,0.0,0.8372475245337022,0.8372475245337022,0.0,0.0,0.0,-0.14241580392318276,0.0,-0.07120790196159138,0.0,0.0,-0.14241580392318276,0.0,0.0,0.0,0.0,-0.14241580392318276,0.14241580392318276,0.0,0.0,0.1179043354132467,-0.1179043354132467,-0.14241580392318276,0.0,0.0,-0.14241580392318276,0.0,,
2055566502036689011,kenw_2,2026-05-16,unclassified,未分类,23.0,0.25,0.8372475245337022,0.20931188113342555,-0.20931188113342555,0.041862376226685115,0.0,0.20931188113342555,0.0,0.3350219859070546,0.8372475245337022,0.8372475245337022,0.20931188113342555,1.1610977247853431,0.0,-0.20931188113342555,-0.20931188113342555,-0.28049632836504634,-0.20931188113342555,-0.20931188113342555,-0.20931188113342555,0.0,0.0,0.0,0.28049632836504634,-0.20931188113342555,0.20931188113342555,0.0,0.0,2.7603742052182367,-2.7603742052182367,-0.20931188113342555,0.0,-0.20931188113342555,0.0,0.0,,
2055938961617350797,kenw_2,2026-05-17,unclassified,未分类,23.0,0.0457,0.8372475245337022,0.03826221187119019,-0.03826221187119019,0.007652442374238038,0.0,0.03826221187119019,0.0,0.043939223987606496,0.8372475245337022,0.8372475245337022,0.03826221187119019,0.1522817461150068,0.0,0.009209722769870726,0.0,-0.036788006513555405,0.0,-0.03826221187119019,0.0,0.0,0.0,0.0,0.0,-0.03826221187119019,0.03826221187119019,0.0,0.0,0.43990910497385327,-0.43990910497385327,-0.03826221187119019,0.0,0.0,0.0,0.0,,
2055944353739083805,kenw_2,2026-05-17,unclassified,未分类,23.0,0.6506,0.8372475245337022,0.5447132394616266,-0.5447132394616266,0.10894264789232533,0.0,0.5447132394616266,0.0,0.6506,0.8372475245337022,0.8372475245337022,0.5447132394616266,2.254807778361502,0.0,-0.4995437355130333,0.0,-0.5447132394616266,-0.5447132394616266,-0.5447132394616266,-0.5447132394616266,0.0,0.0,0.0,0.5447132394616266,-0.5447132394616266,0.5447132394616266,0.0,0.0,5.944192927309549,-5.944192927309549,-0.5447132394616266,0.0,-0.5447132394616266,0.0,0.0,,
2052373584396603607,knowledgefxg,2026-05-07,unclassified,未分类,24.0,0.25,0.7929925155296614,0.19824812888241536,-0.19824812888241536,0.03964962577648307,0.0,0.19824812888241536,0.0,0.2790004224030523,0.7929925155296614,0.7929925155296614,0.19824812888241536,1.2225872820554384,0.0,-0.19824812888241536,-0.19824812888241536,-0.22124524679523455,-0.19824812888241536,-0.19824812888241536,-0.19824812888241536,0.0,0.0,0.0,0.22124524679523455,-0.19824812888241536,0.19824812888241536,0.0,0.0,2.3766278279559674,-2.3766278279559674,-0.19824812888241536,0.0,-0.19824812888241536,0.0,0.0,,
2052394229884993819,knowledgefxg,2026-05-07,unclassified,未分类,24.0,1.0,0.7929925155296614,0.7929925155296614,-0.7929925155296614,0.1585985031059323,0.0,0.7929925155296614,0.0,1.0642197053782008,0.7929925155296614,0.7929925155296614,0.7929925155296614,4.663439094112067,0.0,-0.7929925155296614,-0.7929925155296614,-0.8439182612440946,-0.7929925155296614,-0.7929925155296614,-0.7929925155296614,0.0,0.0,0.0,0.8439182612440946,-0.7929925155296614,0.7929925155296614,0.0,0.0,9.500843461614666,-9.500843461614666,-0.7929925155296614,0.0,-0.7929925155296614,0.0,0.0,,
2054181456348688517,knowledgefxg,2026-05-12,unclassified,未分类,24.0,0.2453,0.7929925155296614,0.19452106405942593,-0.19452106405942593,0.03890421281188519,0.0,0.19452106405942593,0.0,0.07760290731505719,0.7929925155296614,0.7929925155296614,0.19452106405942593,0.34005800678270914,0.0,-0.19452106405942593,0.0,-0.09726053202971296,-0.19452106405942593,-0.19452106405942593,-0.19452106405942593,0.0,0.0,0.0,0.06153852468418236,-0.19452106405942593,0.19452106405942593,0.0,0.0,2.090490933787061,-2.090490933787061,-0.19452106405942593,0.0,-0.19452106405942593,0.0,0.0,,
2055297070093963581,knowledgefxg,2026-05-15,unclassified,未分类,24.0,1.0,0.7929925155296614,0.7929925155296614,-0.7929925155296614,0.1585985031059323,0.0,0.7929925155296614,0.0,0.9103057509966829,0.7929925155296614,0.7929925155296614,0.7929925155296614,3.9889840465642745,0.0,-0.3977386127058272,0.0,-0.7218656473839772,-0.7929925155296614,-0.7929925155296614,-0.7929925155296614,0.0,0.0,0.0,0.7218656473839772,-0.7929925155296614,0.7929925155296614,0.0,0.0,9.329100707697025,-9.329100707697025,-0.7929925155296614,0.0,-0.7929925155296614,0.0,0.0,,
2048789106168406371,laogui,2026-04-27,unclassified,未分类,31.0,0.2494,0.6575200029167942,0.1639854887274485,-0.1639854887274485,0.0327970977454897,0.0,0.1639854887274485,0.0,0.24043590001966797,0.6575200029167942,0.6575200029167942,0.1639854887274485,1.1460228906235668,0.0,-0.1639854887274485,0.0,-0.15809141368223414,-0.1639854887274485,-0.1639854887274485,-0.1639854887274485,0.0,0.0,0.0,0.15809141368223414,-0.1639854887274485,0.1639854887274485,0.0,0.0,2.4880593513396345,-2.4880593513396345,-0.1639854887274485,0.0,-0.1639854887274485,0.0,0.0,,
2048804142555299863,laogui,2026-04-27,unclassified,未分类,28.0,0.25,0.6575200029167942,0.16438000072919856,-0.16438000072919856,0.03287600014583971,0.0,0.16438000072919856,0.0,0.34594911610875123,0.6575200029167942,0.6575200029167942,0.16438000072919856,1.6489451284903278,0.0,-0.16438000072919856,-0.16438000072919856,-0.2274684638328885,-0.16438000072919856,-0.16438000072919856,-0.16438000072919856,0.0,0.0,0.0,0.2274684638328885,-0.16438000072919856,0.16438000072919856,0.0,0.0,2.7673461470024585,-2.7673461470024585,-0.16438000072919856,0.0,-0.16438000072919856,0.0,0.0,,
2048805555721175512,laogui,2026-04-27,unclassified,未分类,28.0,-0.2492,0.6575200029167942,-0.16385398472686513,0.16385398472686513,-0.03277079694537303,0.0,0.0,-0.16385398472686513,-0.29497145324872737,-0.6575200029167942,0.6575200029167942,-0.16385398472686513,-1.405963242077778,0.0,0.16385398472686513,0.16385398472686513,0.19394963080047425,0.16385398472686513,0.16385398472686513,0.0,0.16385398472686513,0.0,0.19394963080047425,0.0,-0.16385398472686513,-0.16385398472686513,0.0,0.0,-2.8783607458980143,2.8783607458980143,0.16385398472686513,0.16385398472686513,0.0,0.0,0.16385398472686513,,
2049165162100490502,laogui,2026-04-28,unclassified,未分类,28.0,0.25,0.6575200029167942,0.16438000072919856,-0.16438000072919856,0.03287600014583971,0.0,0.16438000072919856,0.0,0.2934429750292599,0.6575200029167942,0.6575200029167942,0.16438000072919856,1.3986778449004598,0.0,-0.10954283248593794,-0.16438000072919856,-0.19294462579715177,-0.16438000072919856,-0.16438000072919856,-0.16438000072919856,0.0,0.0,0.0,0.19294462579715177,-0.16438000072919856,0.16438000072919856,0.0,0.0,2.8146630946147746,-2.8146630946147746,-0.16438000072919856,0.0,-0.16438000072919856,0.0,0.0,,
2049527321426825457,laogui,2026-04-29,unclassified,未分类,28.0,0.25,0.6575200029167942,0.16438000072919856,-0.16438000072919856,0.03287600014583971,0.0,0.16438000072919856,0.0,0.3013887303467528,0.6575200029167942,0.6575200029167942,0.16438000072919856,1.4365507976350382,0.0,-0.08215712436445344,-0.16438000072919856,-0.1981691188566858,-0.16438000072919856,-0.16438000072919856,-0.16438000072919856,0.0,0.0,0.0,0.1981691188566858,-0.16438000072919856,0.16438000072919856,0.0,0.0,2.8406912865961425,-2.8406912865961425,-0.16438000072919856,0.0,-0.16438000072919856,0.0,0.0,,
2050548419572441231,laogui,2026-05-02,unclassified,未分类,28.0,0.2061,0.6575200029167942,0.1355148726011513,-0.1355148726011513,0.027102974520230264,0.0,0.1355148726011513,0.0,0.1141123995670582,0.6575200029167942,0.6575200029167942,0.1355148726011513,0.5439097156337048,0.0,-0.03686057136351548,0.0,-0.0750311852961745,-0.1355148726011513,-0.1355148726011513,-0.1355148726011513,0.0,0.0,0.0,0.07503118529617449,-0.1355148726011513,0.1355148726011513,0.0,0.0,1.8323987390145033,-1.8323987390145033,-0.1355148726011513,0.0,-0.1355148726011513,0.0,0.0,,
2051135096661713176,laogui,2026-05-04,unclassified,未分类,28.0,0.2462,0.6575200029167942,0.16188142471811476,-0.16188142471811476,0.032376284943622956,0.0,0.16188142471811476,0.0,0.37433217741502317,0.6575200029167942,0.6575200029167942,0.16188142471811476,1.784231239925013,0.0,-0.05708369491989303,-0.16188142471811476,-0.24613089438577598,-0.16188142471811476,-0.16188142471811476,-0.16188142471811476,0.0,0.0,0.0,0.24613089438577598,-0.16188142471811476,0.16188142471811476,0.0,0.0,2.914673179063854,-2.914673179063854,-0.16188142471811476,0.0,-0.16188142471811476,0.0,0.0,,
2051351100633289052,laogui,2026-05-04,unclassified,未分类,28.0,0.2417,0.6575200029167942,0.15892258470498916,-0.15892258470498916,0.031784516940997834,0.0,0.15892258470498916,0.0,0.24911445460567289,0.6575200029167942,0.6575200029167942,0.15892258470498916,1.1873886858824039,0.0,-0.045970041346782745,0.0,-0.16379773691893765,-0.15892258470498916,-0.15892258470498916,-0.15892258470498916,0.0,0.0,0.0,0.16379773691893765,-0.15892258470498916,0.15892258470498916,0.0,0.0,2.6577772782102964,-2.6577772782102964,-0.15892258470498916,0.0,-0.15892258470498916,0.0,0.0,,
2052762077866119462,laogui,2026-05-08,unclassified,未分类,28.0,1.0,0.6575200029167942,0.6575200029167942,-0.6575200029167942,0.13150400058335884,0.0,0.6575200029167942,0.0,1.5066998546924515,0.6575200029167942,0.6575200029167942,0.6575200029167942,7.181591944611865,0.0,-0.53882120439024,-0.6575200029167942,-0.9906852928521142,-0.6575200029167942,-0.6575200029167942,-0.6575200029167942,0.0,0.0,0.0,0.9906852928521142,-0.6575200029167942,0.6575200029167942,0.0,0.0,12.547486225011774,-12.547486225011774,-0.6575200029167942,0.0,-0.6575200029167942,0.0,0.0,,
2052915263205707981,laogui,2026-05-09,unclassified,未分类,28.0,0.25,0.6575200029167942,0.16438000072919856,-0.16438000072919856,0.03287600014583971,0.0,0.16438000072919856,0.0,0.20622450966273778,0.6575200029167942,0.6575200029167942,0.16438000072919856,0.9829564081810814,0.0,0.014187820507382366,0.0,-0.13559674019495782,-0.16438000072919856,-0.16438000072919856,-0.16438000072919856,0.0,0.0,0.0,0.13559674019495782,-0.16438000072919856,0.16438000072919856,0.0,0.0,2.5236612394981206,-2.5236612394981206,-0.16438000072919856,0.0,-0.16438000072919856,0.0,0.0,,
2054224433469145271,laogui,2026-05-12,unclassified,未分类,28.0,1.0,0.6575200029167942,0.6575200029167942,-0.6575200029167942,0.13150400058335884,0.0,0.6575200029167942,0.0,0.8121789772525743,0.6575200029167942,0.6575200029167942,0.6575200029167942,3.871201010907891,0.0,-0.48037096373095156,0.0,-0.5340239234920716,-0.6575200029167942,-0.6575200029167942,-0.6575200029167942,0.0,0.0,0.0,0.5340239234920716,-0.6575200029167942,0.6575200029167942,0.0,0.0,8.915969311373605,-8.915969311373605,-0.6575200029167942,0.0,-0.6575200029167942,0.0,0.0,,
2054359777329988001,laogui,2026-05-13,unclassified,未分类,28.0,-0.0121,0.6575200029167942,-0.00795599203529321,0.00795599203529321,-0.001591198407058642,0.0,0.0,-0.00795599203529321,-0.0017596117473460552,-0.6575200029167942,0.6575200029167942,-0.00795599203529321,-0.008387080884775338,0.0,0.2287751188330406,0.0,0.003977996017646605,0.0,0.00795599203529321,0.0,0.0,0.0,0.0,0.0,-0.00795599203529321,-0.00795599203529321,0.0,0.0,-0.09018809864688482,0.09018809864688482,0.00795599203529321,0.0,0.0,0.0,0.0,,
2054966001775857688,laogui,2026-05-14,unclassified,未分类,28.0,0.2496,0.6575200029167942,0.16411699272803185,-0.16411699272803185,0.03282339854560637,0.0,0.16411699272803185,0.0,0.18908985030721248,0.6575200029167942,0.6575200029167942,0.16411699272803185,0.9012851109959984,0.0,0.037637540833628844,0.0,-0.12433035892553455,-0.16411699272803185,-0.16411699272803185,-0.16411699272803185,0.0,0.0,0.0,0.12433035892553454,-0.16411699272803185,0.16411699272803185,0.0,0.0,2.476473646287049,-2.476473646287049,-0.16411699272803185,0.0,-0.16411699272803185,0.0,0.0,,
2056027728240075038,laogui,2026-05-17,unclassified,未分类,28.0,0.25,0.6575200029167942,0.16438000072919856,-0.16438000072919856,0.03287600014583971,0.0,0.16438000072919856,0.0,0.12576976271269769,0.6575200029167942,0.6575200029167942,0.16438000072919856,0.5994738181995927,0.0,0.034479337383721435,0.0,-0.08269613474569751,-0.16438000072919856,-0.16438000072919856,-0.16438000072919856,0.0,0.0,0.0,0.08269613474569751,-0.16438000072919856,0.16438000072919856,0.0,0.0,1.6106350416170496,-1.6106350416170496,-0.16438000072919856,0.0,-0.16438000072919856,0.0,0.0,,
2054351120273698903,laozhang2579,2026-05-13,ai_tech,AI / 大模型,17.0,0.5327,0.7466879474879752,0.39776066962684437,-0.39776066962684437,0.07955213392536888,0.0,0.39776066962684437,0.0,2.0934304172305453,0.7466879474879752,0.7466879474879752,0.39776066962684437,3.1486813722803886,0.0,-0.39776066962684437,-0.39776066962684437,-1.1932820088805332,-0.39776066962684437,-0.39776066962684437,-0.39776066962684437,0.0,0.0,0.0,1.5631392614507713,-0.39776066962684437,0.39776066962684437,0.0,0.0,5.669255503944648,-5.669255503944648,-0.39776066962684437,0.0,-0.39776066962684437,0.0,0.0,0.0022482547976074,0.0105622304188508
2054416247471686093,laozhang2579,2026-05-13,ai_tech,AI / 大模型,17.0,-0.2494,0.7466879474879752,-0.18622397410350103,0.18622397410350103,-0.03724479482070021,0.0,0.0,-0.18622397410350103,-1.1294128557905865,-0.7466879474879752,0.7466879474879752,-0.18622397410350103,-1.6987243480231626,0.0,0.18622397410350103,0.18622397410350103,0.5586719223105031,0.18622397410350103,0.18622397410350103,0.0,0.18622397410350103,0.0,0.8433189671568055,0.0,-0.18622397410350103,-0.18622397410350103,0.0,0.0,-2.8229921153528843,2.8229921153528843,0.18622397410350103,0.18622397410350103,0.0,0.0,0.18622397410350103,0.0022482547976074,0.0071077162744499
2054504955432558860,laozhang2579,2026-05-13,ai_tech,AI / 大模型,17.0,0.1124,0.7466879474879752,0.08392772529764841,-0.08392772529764841,0.016785545059529682,0.0,0.08392772529764841,0.0,0.12027361207961906,0.7466879474879752,0.7466879474879752,0.08392772529764841,0.18090082135759286,0.0,-0.08392772529764841,-0.08392772529764841,-0.0898068565406957,0.0,-0.08392772529764841,0.0,0.0,0.0,0.0,0.0898068565406957,-0.08392772529764841,0.08392772529764841,0.0,0.0,0.7862211384076372,-0.7862211384076372,-0.08392772529764841,0.0,0.0,0.0,0.0,0.0022482547976074,0.0071077162744499
2054552755990135292,laozhang2579,2026-05-13,ai_tech,AI / 大模型,17.0,-0.2264,0.7466879474879752,-0.16905015131127757,0.16905015131127757,-0.033810030262255514,0.0,0.0,-0.16905015131127757,-0.0,-0.7466879474879752,0.7466879474879752,-0.16905015131127757,-0.0,0.0,0.26753829158494147,0.0,0.08452507565563878,0.16905015131127757,0.16905015131127757,0.0,0.16905015131127757,0.0,0.0,0.0,-0.16905015131127757,-0.16905015131127757,0.0,0.0,-1.4920441573117296,1.4920441573117296,0.16905015131127757,0.16905015131127757,0.0,0.0,0.0,0.0022482547976074,0.0071077162744499
2054728361117638944,laozhang2579,2026-05-14,ai_tech,AI / 大模型,17.0,0.9992,0.7466879474879752,0.7460905971299848,-0.7460905971299848,0.14921811942599697,0.0,0.7460905971299848,0.0,0.9209534885637508,0.7466879474879752,0.7466879474879752,0.7460905971299848,1.3851853256309947,0.0,-0.7144870297525563,0.0,-0.6876648701075576,-0.7460905971299848,-0.7460905971299848,-0.7460905971299848,0.0,0.0,0.0,0.6876648701075575,-0.7460905971299848,0.7460905971299848,0.0,0.0,6.894203328799044,-6.894203328799044,-0.7460905971299848,0.0,-0.7460905971299848,0.0,0.0,0.0051926185114692,0.0071077162744499
2054781068562104780,laozhang2579,2026-05-14,ai_tech,AI / 大模型,17.0,0.2235,0.7466879474879752,0.16688475626356244,-0.16688475626356244,0.03337695125271249,0.0,0.16688475626356244,0.0,0.0,0.7466879474879752,0.7466879474879752,0.16688475626356244,0.0,0.0,0.007616217064377317,0.0,-0.08344237813178122,-0.16688475626356244,-0.16688475626356244,-0.16688475626356244,0.0,0.0,0.0,0.0,-0.16688475626356244,0.16688475626356244,0.0,0.0,1.6106253246440485,-1.6106253246440485,-0.16688475626356244,0.0,-0.16688475626356244,0.0,0.0,0.0051926185114692,-0.015087714031981
2054820316120043541,laozhang2579,2026-05-14,ai_tech,AI / 大模型,17.0,0.1332,0.7466879474879752,0.0994588346053983,-0.0994588346053983,0.019891766921079662,0.0,0.0994588346053983,0.0,0.0,0.7466879474879752,0.7466879474879752,0.0994588346053983,0.0,0.0,0.07377276921181193,0.0,-0.04972941730269915,0.0,-0.0994588346053983,0.0,0.0,0.0,0.0,0.0,-0.0994588346053983,0.0994588346053983,0.0,0.0,0.8706873207991619,-0.8706873207991619,-0.0994588346053983,0.0,0.0,0.0,0.0,0.0051926185114692,-0.015087714031981
2055089276052803618,laozhang2579,2026-05-15,ai_tech,AI / 大模型,17.0,0.9912,0.7466879474879752,0.7401170935500809,-0.7401170935500809,0.1480234187100162,0.0,0.7401170935500809,0.0,3.9976176437449675,0.7466879474879752,0.7466879474879752,0.7401170935500809,6.012726338910834,0.0,-0.5774244567631296,-0.7401170935500809,-2.2203512806502426,-0.7401170935500809,-0.7401170935500809,-0.7401170935500809,0.0,0.0,0.0,2.984972913249645,-0.7401170935500809,0.7401170935500809,0.0,0.0,10.983597469056315,-10.983597469056315,-0.7401170935500809,0.0,-0.7401170935500809,0.0,0.0,-0.0128940329861121,-0.015087714031981
2055142886107230222,laozhang2579,2026-05-15,ai_tech,AI / 大模型,17.0,0.25,0.7466879474879752,0.1866719868719938,-0.1866719868719938,0.03733439737439876,0.0,0.1866719868719938,0.0,0.0,0.7466879474879752,0.7466879474879752,0.1866719868719938,0.0,0.0,0.04819870701034879,0.0,-0.0933359934359969,-0.1866719868719938,-0.1866719868719938,-0.1866719868719938,0.0,0.0,0.0,0.0,-0.1866719868719938,0.1866719868719938,0.0,0.0,1.5770246103773826,-1.5770246103773826,-0.1866719868719938,0.0,-0.1866719868719938,0.0,0.0,-0.0128940329861121,
2055215870255788142,laozhang2579,2026-05-15,ai_tech,AI / 大模型,17.0,-0.2037,0.7466879474879752,-0.15210033490330055,0.15210033490330055,-0.03042006698066011,0.0,0.0,-0.15210033490330055,-0.09387421217996199,-0.7466879474879752,0.7466879474879752,-0.15210033490330055,-0.14119408068006084,0.0,0.38161561689560436,0.0,0.07605016745165027,0.15210033490330055,0.15210033490330055,0.0,0.15210033490330055,0.0,0.0700947428147065,0.0,-0.15210033490330055,-0.15210033490330055,0.0,0.0,-1.2239952458746564,1.2239952458746564,0.15210033490330055,0.15210033490330055,0.0,0.0,0.0,-0.0128940329861121,
2055278221760074012,laozhang2579,2026-05-15,ai_tech,AI / 大模型,17.0,-0.1031,0.7466879474879752,-0.07698352738601023,0.07698352738601023,-0.015396705477202047,0.0,0.0,-0.07698352738601023,-0.0,-0.7466879474879752,0.7466879474879752,-0.07698352738601023,-0.0,0.0,0.2683372476887536,0.0,0.03849176369300512,0.0,0.07698352738601023,0.0,0.07698352738601023,0.0,0.0,0.0,-0.07698352738601023,-0.07698352738601023,0.0,0.0,-0.6511134099569528,0.6511134099569528,0.07698352738601023,0.0,0.0,0.0,0.0,-0.0128940329861121,
2055608916793499827,laozhang2579,2026-05-16,ai_tech,AI / 大模型,17.0,0.9997,0.7466879474879752,0.7464639411037288,-0.7464639411037288,0.14929278822074576,0.0,0.7464639411037288,0.0,0.46070716699218467,0.7466879474879752,0.7466879474879752,0.7464639411037288,0.6929392364057774,0.0,-0.5795045160454175,0.0,-0.3732319705518644,-0.7464639411037288,-0.7464639411037288,-0.7464639411037288,0.0,0.0,0.0,0.3440044889143942,-0.7464639411037288,0.7464639411037288,0.0,0.0,5.671621270191341,-5.671621270191341,-0.7464639411037288,0.0,-0.7464639411037288,0.0,0.0,,
2055649185580347428,laozhang2579,2026-05-16,ai_tech,AI / 大模型,17.0,0.2355,0.7466879474879752,0.17584501163341815,-0.17584501163341815,0.03516900232668363,0.0,0.17584501163341815,0.0,0.10852909655562616,0.7466879474879752,0.7466879474879752,0.17584501163341815,0.1632361610218671,0.0,0.039406456428677905,0.0,-0.08792250581670907,-0.17584501163341815,-0.17584501163341815,-0.17584501163341815,0.0,0.0,0.0,0.08103736834984478,-0.17584501163341815,0.17584501163341815,0.0,0.0,1.5862761933540679,-1.5862761933540679,-0.17584501163341815,0.0,-0.17584501163341815,0.0,0.0,,
2055814415069688253,laozhang2579,2026-05-17,ai_tech,AI / 大模型,17.0,0.25,0.7466879474879752,0.1866719868719938,-0.1866719868719938,0.03733439737439876,0.0,0.1866719868719938,0.0,0.1826056775772963,0.7466879474879752,0.7466879474879752,0.1866719868719938,0.27465307216702745,0.0,0.025548215310973163,0.0,-0.13634945858984235,-0.1866719868719938,-0.1866719868719938,-0.1866719868719938,0.0,0.0,0.0,0.13634945858984235,-0.1866719868719938,0.1866719868719938,0.0,0.0,1.41747023074513,-1.41747023074513,-0.1866719868719938,0.0,-0.1866719868719938,0.0,0.0,,
2055851657586753860,laozhang2579,2026-05-17,ai_tech,AI / 大模型,17.0,0.08,0.7466879474879752,0.059735035799038015,-0.059735035799038015,0.011947007159807604,0.0,0.059735035799038015,0.0,0.09530145047420442,0.7466879474879752,0.7466879474879752,0.059735035799038015,0.1433407575382444,0.0,0.15066029386171656,-0.059735035799038015,-0.07116044444721062,0.0,-0.059735035799038015,0.0,0.0,0.0,0.0,0.0,-0.059735035799038015,0.059735035799038015,0.0,0.0,0.5185261703421145,-0.5185261703421145,-0.059735035799038015,0.0,0.0,0.0,0.0,,
2053495385931280575,leifuchen,2026-05-10,unclassified,未分类,49.0,0.25,0.3074846997479606,0.07687117493699015,-0.07687117493699015,0.015374234987398032,0.0,0.07687117493699015,0.0,0.2940304969590288,0.3074846997479606,0.3074846997479606,0.07687117493699015,0.833051127543801,0.0,-0.07687117493699015,-0.07687117493699015,-0.09040987907419061,-0.07687117493699015,-0.07687117493699015,-0.07687117493699015,0.0,0.0,0.0,0.09040987907419061,-0.07687117493699015,0.07687117493699015,0.0,0.0,1.8946642126486906,-1.8946642126486906,-0.07687117493699015,0.0,-0.07687117493699015,0.0,0.0,,
2053821770709295358,leifuchen,2026-05-11,unclassified,未分类,51.0,0.5,0.3074846997479606,0.1537423498739803,-0.1537423498739803,0.030748469974796064,0.0,0.1537423498739803,0.0,0.6794665869033942,0.3074846997479606,0.3074846997479606,0.1537423498739803,1.9250738008550292,0.0,-0.1537423498739803,-0.1537423498739803,-0.20892557946276177,-0.1537423498739803,-0.1537423498739803,-0.1537423498739803,0.0,0.0,0.0,0.20892557946276177,-0.1537423498739803,0.1537423498739803,0.0,0.0,4.495718907459613,-4.495718907459613,-0.1537423498739803,0.0,-0.1537423498739803,0.0,0.0,,
2054206999173231085,leifuchen,2026-05-12,unclassified,未分类,51.0,-0.1,0.3074846997479606,-0.030748469974796064,0.030748469974796064,-0.0061496939949592135,0.0,0.0,-0.030748469974796064,-0.0978602168472904,-0.3074846997479606,0.3074846997479606,-0.030748469974796064,-0.2772588722239781,0.0,0.030748469974796064,0.0,0.03009051939455941,0.0,0.030748469974796064,0.0,0.0,0.0,0.0,0.0,-0.030748469974796064,-0.030748469974796064,0.0,0.0,-0.7332369205929062,0.7332369205929062,0.030748469974796064,0.0,0.0,0.0,0.0,,
2054490015879610852,leifuchen,2026-05-13,unclassified,未分类,51.0,0.25,0.3074846997479606,0.07687117493699015,-0.07687117493699015,0.015374234987398032,0.0,0.07687117493699015,0.0,0.3378356067432393,0.3074846997479606,0.3074846997479606,0.07687117493699015,0.9571603491222738,0.0,-0.010249489991598684,-0.07687117493699015,-0.10387928010361504,-0.07687117493699015,-0.07687117493699015,-0.07687117493699015,0.0,-0.07687117493699015,0.0,0.10387928010361504,-0.07687117493699015,0.07687117493699015,0.0,0.0,2.142446410383852,-2.142446410383852,-0.26136199478576655,0.0,-0.07687117493699015,0.0,0.0,,
2054550489534964197,leifuchen,2026-05-13,unclassified,未分类,51.0,-0.25,0.3074846997479606,-0.07687117493699015,0.07687117493699015,-0.015374234987398032,0.0,0.0,-0.07687117493699015,-0.19388096751924505,-0.3074846997479606,0.3074846997479606,-0.07687117493699015,-0.5493061443340549,0.0,0.14605523238028129,0.0,0.05961543108449917,0.07687117493699015,0.07687117493699015,0.0,0.07687117493699015,0.0,0.05961543108449917,0.0,-0.07687117493699015,-0.07687117493699015,0.0,0.0,-1.8838241756110221,1.8838241756110221,0.07687117493699015,0.07687117493699015,0.0,0.0,0.0,,
2054891873701945444,leifuchen,2026-05-14,unclassified,未分类,51.0,0.2405,0.3074846997479606,0.07395007028938452,-0.07395007028938452,0.014790014057876905,0.0,0.07395007028938452,0.0,0.16518042731571894,0.3074846997479606,0.3074846997479606,0.07395007028938452,0.46799139084780284,0.0,-0.033977059322149644,0.0,-0.050790454097413666,-0.07395007028938452,-0.07395007028938452,-0.07395007028938452,0.0,0.0,0.0,0.05079045409741367,-0.07395007028938452,0.07395007028938452,0.0,0.0,1.774200657936566,-1.774200657936566,-0.07395007028938452,0.0,-0.07395007028938452,0.0,0.0,,
2055247341112701094,leifuchen,2026-05-15,unclassified,未分类,51.0,-0.2397,0.3074846997479606,-0.07370408252958616,0.07370408252958616,-0.014740816505917232,0.0,0.0,-0.07370408252958616,-0.0,-0.3074846997479606,0.3074846997479606,0.0,-0.0,0.0,0.11933993671717931,0.0,0.03685204126479308,0.07370408252958616,0.0,0.0,0.07370408252958616,0.0,0.0,0.0,-0.07370408252958616,-0.07370408252958616,0.0,0.0,-0.0,0.0,0.07370408252958616,0.07370408252958616,0.0,0.07370408252958616,0.0,,
2055282036273733707,leifuchen,2026-05-15,unclassified,未分类,51.0,-1.0,0.3074846997479606,-0.3074846997479606,0.3074846997479606,-0.06149693994959213,0.0,0.0,-0.3074846997479606,-1.020174412195206,-0.3074846997479606,0.3074846997479606,-0.3074846997479606,-2.8903717578961645,0.0,0.33607199154738526,0.0,0.3136880228243952,0.3074846997479606,0.3074846997479606,0.0,0.3074846997479606,0.0,0.3136880228243952,0.0,-0.3074846997479606,-0.3074846997479606,0.0,0.0,-8.321664807135,8.321664807135,0.3074846997479606,0.3074846997479606,0.0,0.0,0.3074846997479606,,
2055965732718944562,leifuchen,2026-05-17,unclassified,未分类,51.0,0.25,0.3074846997479606,0.07687117493699015,-0.07687117493699015,0.015374234987398032,0.0,0.07687117493699015,0.0,0.15810311928917903,0.3074846997479606,0.3074846997479606,0.07687117493699015,0.44793986730701374,0.0,-0.09029288208098862,0.0,-0.048614290163849216,-0.07687117493699015,-0.07687117493699015,-0.07687117493699015,0.0,0.0,0.0,0.048614290163849216,-0.07687117493699015,0.07687117493699015,0.0,0.0,1.7424476674753975,-1.7424476674753975,-0.07687117493699015,0.0,-0.07687117493699015,0.0,0.0,,
2055335481320046879,lidangzzz,2026-05-15,ai_tools,AI 工具 / Agent,1.0,0.0712,1.6845453849209058,0.11993963140636849,-0.11993963140636849,0.11993963140636849,0.11993963140636849,0.11993963140636849,0.0,0.07670056066351141,1.6845453849209058,1.6845453849209058,0.11993963140636849,0.3902214913419498,-0.11993963140636849,-0.11993963140636849,-0.11993963140636849,-0.1292055754865641,0.0,-0.11993963140636849,0.0,0.0,0.0,0.0,0.0,-0.11993963140636849,0.11993963140636849,-0.11993963140636849,0.11993963140636849,0.846899637709337,-0.846899637709337,-0.11993963140636849,0.0,0.0,0.0,0.0,0.0036132539462001,
2055339253601653029,lidangzzz,2026-05-15,ai_tools,AI 工具 / Agent,1.0,0.5948,1.6845453849209058,1.0019675949509548,-1.0019675949509548,1.0019675949509548,1.0019675949509548,1.0019675949509548,0.0,0.6553843601824512,1.6845453849209058,1.6845453849209058,1.0019675949509548,3.3343310690328596,-1.0019675949509548,-1.0019675949509548,-1.0019675949509548,-1.104024699294689,-1.0019675949509548,-1.0019675949509548,-1.0019675949509548,0.0,0.0,0.0,1.1040246992946887,-1.0019675949509548,1.0019675949509548,-1.0019675949509548,1.0019675949509548,6.965662178032992,-6.965662178032992,-0.3281494409825924,0.0,-1.0019675949509548,0.0,0.0,-0.0011352931333542,
2055409222217580830,lidangzzz,2026-05-15,ai_tools,AI 工具 / Agent,1.0,0.25,1.6845453849209058,0.42113634623022644,-0.42113634623022644,0.42113634623022644,0.42113634623022644,0.42113634623022644,0.0,0.19952659089849706,1.6845453849209058,1.6845453849209058,0.42113634623022644,1.0151107526366048,-0.42113634623022644,-0.42113634623022644,0.0,-0.33611159786706485,-0.42113634623022644,-0.42113634623022644,-0.42113634623022644,0.0,0.0,0.0,0.33611159786706485,-0.42113634623022644,0.42113634623022644,-0.42113634623022644,0.42113634623022644,2.6871564850205485,-2.6871564850205485,-0.42113634623022644,0.0,-0.42113634623022644,0.0,0.0,,
2055419595855651114,lidangzzz,2026-05-15,ai_tools,AI 工具 / Agent,1.0,0.2499,1.6845453849209058,0.4209678916917344,-0.4209678916917344,0.4209678916917344,0.4209678916917344,0.4209678916917344,0.0,0.2176393418563873,1.6845453849209058,1.6845453849209058,0.4209678916917344,1.107261118030944,-0.4209678916917344,0.09337996583744888,0.0,-0.3666233489014006,-0.4209678916917344,-0.4209678916917344,-0.4209678916917344,0.0,0.0,0.0,0.3666233489014006,-0.4209678916917344,0.4209678916917344,-0.4209678916917344,0.4209678916917344,2.6107278149444326,-2.6107278149444326,-0.4209678916917344,0.0,-0.4209678916917344,0.0,0.0,,
2055112766055412066,liyue_ai,2026-05-15,ai_tech,AI / 大模型,3.0,-0.2461,2.102913897864978,-0.5175271102645711,0.5175271102645711,-0.31051626615874267,-0.5175271102645711,0.0,-0.5175271102645711,-0.1909135948600547,-2.102913897864978,2.102913897864978,-0.5175271102645711,-0.590122026635679,0.5175271102645711,0.5175271102645711,0.0,0.4014748519225728,0.5175271102645711,0.5175271102645711,0.0,0.5175271102645711,0.0,0.4014748519225728,0.0,-0.5175271102645711,-0.5175271102645711,0.0,0.0,-2.0126939445555965,2.0126939445555965,0.5175271102645711,0.5175271102645711,0.0,0.0,0.0,-0.0128940329861121,-0.015087714031981
2055161848446562397,liyue_ai,2026-05-15,ai_tech,AI / 大模型,3.0,0.25,2.102913897864978,0.5257284744662445,-0.5257284744662445,0.3154370846797467,0.5257284744662445,0.5257284744662445,0.0,0.3284040151353212,2.102913897864978,2.102913897864978,0.5257284744662445,1.0151107526366048,-0.5257284744662445,-0.5257284744662445,-0.5257284744662445,-0.6906053675427275,-0.5257284744662445,-0.5257284744662445,-0.5257284744662445,0.0,0.0,0.0,0.6906053675427275,-0.5257284744662445,0.5257284744662445,0.0,0.0,2.4189741565736598,-2.4189741565736598,-0.5257284744662445,0.0,-0.5257284744662445,0.0,0.0,-0.0128940329861121,
2055175040677908585,liyue_ai,2026-05-15,ai_tech,AI / 大模型,3.0,-0.2499,2.102913897864978,-0.525518183076458,0.525518183076458,-0.3153109098458748,-0.525518183076458,0.0,-0.525518183076458,-0.13011744108538728,-2.102913897864978,2.102913897864978,-0.525518183076458,-0.4021985343172817,0.525518183076458,0.525518183076458,0.0,0.2736257752130884,0.525518183076458,0.525518183076458,0.0,0.525518183076458,0.0,0.2736257752130884,0.0,-0.525518183076458,-0.525518183076458,0.0,0.0,-1.8678037811433816,1.8678037811433816,0.525518183076458,0.525518183076458,0.0,0.0,0.0,-0.0128940329861121,
2055181430695879153,liyue_ai,2026-05-15,ai_tech,AI / 大模型,3.0,0.2482,2.102913897864978,0.5219432294500875,-0.5219432294500875,0.3131659376700525,0.5219432294500875,0.5219432294500875,0.0,0.14387207777726743,2.102913897864978,2.102913897864978,0.5219432294500875,0.44471470026240323,-0.5219432294500875,-0.6943821690750157,0.0,-0.30255059187252675,-0.5219432294500875,-0.5219432294500875,-0.5219432294500875,0.0,0.0,0.0,0.30255059187252675,-0.5219432294500875,0.5219432294500875,0.0,0.0,1.9819972173413347,-1.9819972173413347,-0.5219432294500875,0.0,-0.5219432294500875,0.0,0.0,-0.0128940329861121,
2055206635468120142,liyue_ai,2026-05-15,ai_tech,AI / 大模型,3.0,-0.2497,2.102913897864978,-0.525097600296885,0.525097600296885,-0.315058560178131,-0.525097600296885,0.0,-0.525097600296885,-0.2894831411843971,-2.102913897864978,2.102913897864978,-0.525097600296885,-0.8948046789324907,0.525097600296885,0.5262542029407107,0.525097600296885,0.6087581207942783,0.525097600296885,0.525097600296885,0.0,0.525097600296885,0.0,0.6087581207942783,0.0,-0.525097600296885,-0.525097600296885,0.0,0.0,-2.189396452657048,2.189396452657048,0.525097600296885,0.525097600296885,0.0,0.0,0.525097600296885,-0.0128940329861121,
2055206888816714202,liyue_ai,2026-05-15,ai_tech,AI / 大模型,3.0,0.25,2.102913897864978,0.5257284744662445,-0.5257284744662445,0.3154370846797467,0.5257284744662445,0.5257284744662445,0.0,0.08885451310079094,2.102913897864978,2.102913897864978,0.5257284744662445,0.27465307216702745,-0.5257284744662445,-0.6298227124105609,0.0,-0.26286423723312224,-0.5257284744662445,-0.5257284744662445,-0.5257284744662445,0.0,0.0,0.0,0.18685339048767902,-0.5257284744662445,0.5257284744662445,0.0,0.0,1.7338426115037775,-1.7338426115037775,-0.5257284744662445,0.0,-0.5257284744662445,0.0,0.0,-0.0128940329861121,
2055231597776130130,liyue_ai,2026-05-15,ai_tech,AI / 大模型,3.0,0.1913,2.102913897864978,0.4022874286615703,-0.4022874286615703,0.24137245719694217,0.4022874286615703,0.4022874286615703,0.0,0.08579568714564435,2.102913897864978,2.102913897864978,0.4022874286615703,0.2651981112822351,-0.4022874286615703,-0.4014112145374599,0.0,-0.20114371433078515,0.0,-0.4022874286615703,-0.4022874286615703,0.0,0.0,0.0,0.18042094287545116,-0.4022874286615703,0.4022874286615703,0.0,0.0,1.536155087233385,-1.536155087233385,-0.4022874286615703,0.0,0.0,0.0,0.0,-0.0128940329861121,
2055239948018622566,liyue_ai,2026-05-15,ai_tech,AI / 大模型,3.0,0.25,2.102913897864978,0.5257284744662445,-0.5257284744662445,0.3154370846797467,0.5257284744662445,0.5257284744662445,0.0,0.08885451310079094,2.102913897864978,2.102913897864978,0.5257284744662445,0.27465307216702745,-0.5257284744662445,-0.46750780112249696,0.0,-0.26286423723312224,-0.5257284744662445,-0.5257284744662445,-0.5257284744662445,0.0,0.0,0.0,0.18685339048767902,-0.5257284744662445,0.5257284744662445,0.0,0.0,1.8708111040184625,-1.8708111040184625,-0.5257284744662445,0.0,-0.5257284744662445,0.0,0.0,-0.0128940329861121,
2055274520328683682,liyue_ai,2026-05-15,ai_tech,AI / 大模型,3.0,1.0,2.102913897864978,2.102913897864978,-2.102913897864978,1.2617483387189867,2.102913897864978,2.102913897864978,0.0,1.0,2.102913897864978,2.102913897864978,2.102913897864978,3.091042453358316,-2.102913897864978,-1.9862547493809184,0.0,-2.102913897864978,-2.102913897864978,-2.102913897864978,-2.102913897864978,0.0,0.0,0.0,2.102913897864978,-2.102913897864978,2.102913897864978,0.0,0.0,8.236950048061455,-8.236950048061455,-2.102913897864978,0.0,-2.102913897864978,0.0,0.0,-0.0128940329861121,
2055288824314634660,liyue_ai,2026-05-15,ai_tech,AI / 大模型,3.0,0.25,2.102913897864978,0.5257284744662445,-0.5257284744662445,0.3154370846797467,0.5257284744662445,0.5257284744662445,0.0,0.3447607030121872,2.102913897864978,2.102913897864978,0.5257284744662445,1.0656699692603289,-0.5257284744662445,-0.18837435382874948,-0.5257284744662445,-0.7250020738020286,-0.5257284744662445,-0.5257284744662445,-0.5257284744662445,0.0,0.0,0.0,0.7250020738020286,-0.5257284744662445,0.5257284744662445,0.0,0.0,2.6278849251407754,-2.6278849251407754,-0.5257284744662445,0.0,-0.5257284744662445,0.0,0.0,0.0035848558597642,
2055291793458291107,liyue_ai,2026-05-15,ai_tech,AI / 大模型,3.0,0.2243,2.102913897864978,0.47168358729111454,-0.47168358729111454,0.2830101523746687,0.47168358729111454,0.47168358729111454,0.0,0.1740021102279978,2.102913897864978,2.102913897864978,0.47168358729111454,0.5378479096886746,-0.47168358729111454,-0.11549203127074459,0.0,-0.3659114558562904,-0.47168358729111454,-0.47168358729111454,-0.47168358729111454,0.0,0.0,0.0,0.3659114558562904,-0.47168358729111454,0.47168358729111454,0.0,0.0,1.8541006831321818,-1.8541006831321818,-0.47168358729111454,0.0,-0.47168358729111454,0.0,0.0,-0.0012081500136463,
2055568086108086721,liyue_ai,2026-05-16,ai_tech,AI / 大模型,3.0,0.2462,2.102913897864978,0.5177374016543576,-0.5177374016543576,0.3106424409926145,0.5177374016543576,0.5177374016543576,0.0,0.38132134542259105,2.102913897864978,2.102913897864978,0.5177374016543576,1.1786804670729396,-0.5177374016543576,-0.15104657006391994,-0.5177374016543576,-0.8018859568417386,-0.5177374016543576,-0.5177374016543576,-0.5177374016543576,0.0,0.0,0.0,0.8018859568417386,-0.5177374016543576,0.5177374016543576,0.0,0.0,2.505047990260944,-2.505047990260944,-0.5177374016543576,0.0,-0.5177374016543576,0.0,0.0,,
2055582585980416371,liyue_ai,2026-05-16,ai_tech,AI / 大模型,3.0,1.0,2.102913897864978,2.102913897864978,-2.102913897864978,1.2617483387189867,2.102913897864978,2.102913897864978,0.0,0.35541805240316376,2.102913897864978,2.102913897864978,2.102913897864978,1.0986122886681098,-2.102913897864978,-1.723635852102547,0.0,-1.051456948932489,-2.102913897864978,-2.102913897864978,-2.102913897864978,0.0,0.0,0.0,0.7474135619507161,-2.102913897864978,2.102913897864978,0.0,0.0,7.149131598557407,-7.149131598557407,-2.102913897864978,0.0,-2.102913897864978,0.0,0.0,,
2055612432249507900,liyue_ai,2026-05-16,ai_tech,AI / 大模型,3.0,0.2397,2.102913897864978,0.5040684613182352,-0.5040684613182352,0.3024410767909411,0.5040684613182352,0.5040684613182352,0.0,0.38095994923380877,2.102913897864978,2.102913897864978,0.5040684613182352,1.1775633761109316,-0.5040684613182352,0.007796957682853212,-0.5040684613182352,-0.8011259717737129,-0.5040684613182352,-0.5040684613182352,-0.5040684613182352,0.0,0.0,0.0,0.8011259717737129,-0.5040684613182352,0.5040684613182352,0.0,0.0,2.259802144872297,-2.259802144872297,-0.5040684613182352,0.0,-0.5040684613182352,0.0,0.0,,
2055636489867083830,liyue_ai,2026-05-16,ai_tech,AI / 大模型,3.0,0.25,2.102913897864978,0.5257284744662445,-0.5257284744662445,0.3154370846797467,0.5257284744662445,0.5257284744662445,0.0,0.25,2.102913897864978,2.102913897864978,0.5257284744662445,0.772760613339579,-0.5257284744662445,-0.014419981013931299,0.0,-0.5257284744662445,-0.5257284744662445,-0.5257284744662445,-0.5257284744662445,0.0,0.0,0.0,0.5257284744662445,-0.5257284744662445,0.5257284744662445,0.0,0.0,2.199311559175882,-2.199311559175882,-0.5257284744662445,0.0,-0.5257284744662445,0.0,0.0,,
2055659504621293910,liyue_ai,2026-05-16,ai_tech,AI / 大模型,3.0,0.25,2.102913897864978,0.5257284744662445,-0.5257284744662445,0.3154370846797467,0.5257284744662445,0.5257284744662445,0.0,0.30420158995286056,2.102913897864978,2.102913897864978,0.5257284744662445,0.9403000289233906,-0.5257284744662445,-0.013458648946335893,-0.5257284744662445,-0.6397097512644937,-0.5257284744662445,-0.5257284744662445,-0.5257284744662445,0.0,0.0,0.0,0.6397097512644937,-0.5257284744662445,0.5257284744662445,0.0,0.0,2.220875396080802,-2.220875396080802,-0.5257284744662445,0.0,-0.5257284744662445,0.0,0.0,,
2055666171844988958,liyue_ai,2026-05-16,ai_tech,AI / 大模型,3.0,0.2379,2.102913897864978,0.5002832163020783,-0.5002832163020783,0.30016992978124696,0.5002832163020783,0.5002832163020783,0.0,0.2379,2.102913897864978,2.102913897864978,0.5002832163020783,0.7353589996539434,-0.5002832163020783,0.08153698153321806,0.0,-0.5002832163020783,-0.5002832163020783,-0.5002832163020783,-0.5002832163020783,0.0,0.0,0.0,0.5002832163020783,-0.5002832163020783,0.5002832163020783,0.0,0.0,2.2153233787146682,-2.2153233787146682,-0.5002832163020783,0.0,-0.5002832163020783,0.0,0.0,,
2055669012957389031,liyue_ai,2026-05-16,ai_tech,AI / 大模型,3.0,0.25,2.102913897864978,0.5257284744662445,-0.5257284744662445,0.3154370846797467,0.5257284744662445,0.5257284744662445,0.0,0.2242438242175754,2.102913897864978,2.102913897864978,0.5257284744662445,0.6931471805599453,-0.5257284744662445,0.05439537282477406,0.0,-0.47156545445753045,-0.5257284744662445,-0.5257284744662445,-0.5257284744662445,0.0,0.0,0.0,0.47156545445753045,-0.5257284744662445,0.5257284744662445,0.0,0.0,1.9451802215294796,-1.9451802215294796,-0.5257284744662445,0.0,-0.5257284744662445,0.0,0.0,,
2055679355242844462,liyue_ai,2026-05-16,ai_tech,AI / 大模型,3.0,-0.5,2.102913897864978,-1.051456948932489,1.051456948932489,-0.6308741693594934,-1.051456948932489,0.0,-1.051456948932489,-0.6045969401394848,-2.102913897864978,2.102913897864978,-1.051456948932489,-1.8688348091416842,1.051456948932489,1.7016639067263544,1.051456948932489,1.271415308025963,1.051456948932489,1.051456948932489,0.0,1.051456948932489,0.0,1.271415308025963,0.0,-1.051456948932489,-1.051456948932489,0.0,0.0,-4.267418313294416,4.267418313294416,1.051456948932489,1.051456948932489,0.0,0.0,1.051456948932489,,
2054065468231868770,lukfan,2026-05-12,ai_tech,AI / 大模型,32.0,0.2488,0.636576829071551,0.15838031507300188,-0.15838031507300188,0.031676063014600374,0.0,0.15838031507300188,0.0,0.3558452533757094,0.636576829071551,0.636576829071551,0.15838031507300188,0.44578975594394005,0.0,-0.15838031507300188,-0.15838031507300188,-0.2265228430340717,-0.15838031507300188,-0.15838031507300188,-0.15838031507300188,0.0,0.0,0.0,0.22652284303407172,-0.15838031507300188,0.15838031507300188,0.0,0.0,2.0764674491803796,-2.0764674491803796,-0.15838031507300188,0.0,-0.15838031507300188,0.0,0.0,-0.0116490863849201,0.0105622304188508
2054106947352453421,lukfan,2026-05-12,ai_tech,AI / 大模型,32.0,-0.2386,0.636576829071551,-0.15188723141647206,0.15188723141647206,-0.030377446283294415,0.0,0.0,-0.15188723141647206,-0.0,-0.636576829071551,0.636576829071551,-0.15188723141647206,-0.0,0.0,0.15188723141647206,0.0,0.07594361570823603,0.15188723141647206,0.15188723141647206,0.0,0.15188723141647206,0.0,0.0,0.0,-0.15188723141647206,-0.15188723141647206,0.0,0.0,-1.522701301753095,1.522701301753095,0.15188723141647206,0.15188723141647206,0.0,0.0,0.0,-0.0116490863849201,0.0105622304188508
2054107784623607977,lukfan,2026-05-12,ai_tech,AI / 大模型,32.0,-0.235,0.636576829071551,-0.14959555483181447,0.14959555483181447,-0.029919110966362895,0.0,0.0,-0.14959555483181447,-0.13002426758130137,-0.636576829071551,0.636576829071551,-0.14959555483181447,-0.16288958743158713,0.0,0.14959555483181447,0.0,0.08277043595925568,0.14959555483181447,0.14959555483181447,0.0,0.14959555483181447,0.0,0.08277043595925569,0.0,-0.14959555483181447,-0.14959555483181447,0.0,0.0,-1.8067870087892366,1.8067870087892366,0.14959555483181447,0.14959555483181447,0.0,0.0,0.0,-0.0116490863849201,0.0105622304188508
2054359706001662340,lukfan,2026-05-13,ai_tech,AI / 大模型,32.0,-0.0696,0.636576829071551,-0.044305747303379946,0.044305747303379946,-0.008861149460675989,0.0,0.0,-0.044305747303379946,-0.0,-0.636576829071551,0.636576829071551,-0.044305747303379946,-0.0,0.0,-0.0033950764217149446,0.0,0.022152873651689973,0.0,0.044305747303379946,0.0,0.0,0.0,0.0,0.0,-0.044305747303379946,-0.044305747303379946,0.0,0.0,-0.48000992548094074,0.48000992548094074,0.044305747303379946,0.0,0.0,0.0,0.0,0.0022482547976074,0.0105622304188508
2054384963672576238,lukfan,2026-05-13,ai_tech,AI / 大模型,32.0,0.25,0.636576829071551,0.15914420726788775,-0.15914420726788775,0.031828841453577554,0.0,0.15914420726788775,0.0,1.0878032378528626,0.636576829071551,0.636576829071551,0.15914420726788775,1.362759613391425,0.0,-0.2059962618875539,-0.15914420726788775,-0.47743262180366325,-0.15914420726788775,-0.15914420726788775,-0.15914420726788775,0.0,0.0,0.0,0.6924703358061415,-0.15914420726788775,0.15914420726788775,0.0,0.0,2.830050498843831,-2.830050498843831,-0.15914420726788775,0.0,-0.15914420726788775,0.0,0.0,0.0022482547976074,0.0105622304188508
2054396083330335042,lukfan,2026-05-13,ai_tech,AI / 大模型,32.0,0.248,0.636576829071551,0.15787105360974465,-0.15787105360974465,0.03157421072194893,0.0,0.15787105360974465,0.0,0.2174839570145696,0.636576829071551,0.636576829071551,0.15787105360974465,0.2724558475896912,0.0,-0.16352385585190002,0.0,-0.13844524773026823,-0.15787105360974465,-0.15787105360974465,-0.15787105360974465,0.0,0.0,0.0,0.13844524773026823,-0.15787105360974465,0.15787105360974465,0.0,0.0,1.9630968734467646,-1.9630968734467646,-0.15787105360974465,0.0,-0.15787105360974465,0.0,0.0,0.0022482547976074,0.0105622304188508
2054722854349050286,lukfan,2026-05-14,ai_tech,AI / 大模型,32.0,0.212,0.636576829071551,0.1349542877631688,-0.1349542877631688,0.026990857552633765,0.0,0.1349542877631688,0.0,0.0,0.636576829071551,0.636576829071551,0.1349542877631688,0.0,0.0,-0.1133531140300075,0.0,-0.0674771438815844,-0.1349542877631688,-0.1349542877631688,-0.1349542877631688,0.0,0.0,0.0,0.0,-0.1349542877631688,0.1349542877631688,0.0,0.0,1.6933551897279384,-1.6933551897279384,-0.1349542877631688,0.0,-0.1349542877631688,0.0,0.0,0.0051926185114692,0.0071077162744499
2054734274004402631,lukfan,2026-05-14,ai_tech,AI / 大模型,32.0,-0.2347,0.636576829071551,-0.14940458178309302,0.14940458178309302,-0.029880916356618603,0.0,0.0,-0.14940458178309302,-0.25971655830920365,-0.636576829071551,0.636576829071551,-0.14940458178309302,-0.3253632865548383,0.0,0.18719905752054108,0.14940458178309302,0.16532954314584944,0.14940458178309302,0.14940458178309302,0.0,0.14940458178309302,0.0,0.16532954314584944,0.0,-0.14940458178309302,-0.14940458178309302,0.0,0.0,-1.9205778132339466,1.9205778132339466,0.14940458178309302,0.14940458178309302,0.0,0.0,0.14940458178309302,0.0051926185114692,0.0071077162744499
2055084017528229914,lukfan,2026-05-15,ai_tech,AI / 大模型,32.0,0.1832,0.636576829071551,0.11662087508590814,-0.11662087508590814,0.02332417501718163,0.0,0.11662087508590814,0.0,0.0,0.636576829071551,0.636576829071551,0.11662087508590814,0.0,0.0,-0.1022262815385277,0.0,-0.05831043754295407,0.0,-0.11662087508590814,-0.11662087508590814,0.0,0.0,0.0,0.0,-0.11662087508590814,0.11662087508590814,0.0,0.0,1.3616310336104163,-1.3616310336104163,-0.11662087508590814,0.0,0.0,0.0,0.0,-0.0128940329861121,-0.015087714031981
2055093010392867291,lukfan,2026-05-15,ai_tech,AI / 大模型,32.0,0.0333,0.636576829071551,0.021198008408082652,-0.021198008408082652,0.0042396016816165305,0.0,0.021198008408082652,0.0,0.018424715363648238,0.636576829071551,0.636576829071551,0.021198008408082652,0.02308180111264618,0.0,0.004555060865800871,0.0,-0.011728746882737085,0.0,-0.021198008408082652,0.0,0.0,0.0,0.0,0.0,-0.021198008408082652,0.021198008408082652,0.0,0.0,0.23884173841825737,-0.23884173841825737,-0.021198008408082652,0.0,0.0,0.0,0.0,-0.0128940329861121,-0.015087714031981
2055106622989738013,lukfan,2026-05-15,ai_tech,AI / 大模型,32.0,-0.2295,0.636576829071551,-0.14609438227192095,0.14609438227192095,-0.02921887645438419,0.0,0.0,-0.14609438227192095,-0.12698114642514327,-0.636576829071551,0.636576829071551,-0.14609438227192095,-0.15907727793850746,0.0,0.17139194545922443,0.0,0.080833255543188,0.14609438227192095,0.14609438227192095,0.0,0.14609438227192095,0.0,0.08083325554318802,0.0,-0.14609438227192095,-0.14609438227192095,0.0,0.0,-1.8839113485156136,1.8839113485156136,0.14609438227192095,0.14609438227192095,0.0,0.0,0.0,-0.0128940329861121,-0.015087714031981
2055124680223453220,lukfan,2026-05-15,ai_tech,AI / 大模型,32.0,0.1356,0.636576829071551,0.08631981802210231,-0.08631981802210231,0.017263963604420462,0.0,0.08631981802210231,0.0,0.17420676250366904,0.636576829071551,0.636576829071551,0.08631981802210231,0.218239780926064,0.0,-0.07660334078563745,-0.08631981802210231,-0.1108959884774064,0.0,-0.08631981802210231,0.0,0.0,0.0,0.0,0.11089598847740641,-0.08631981802210231,0.08631981802210231,0.0,0.0,0.968245432644517,-0.968245432644517,-0.08631981802210231,0.0,0.0,0.0,0.0,-0.0128940329861121,-0.015087714031981
2055137840867283147,lukfan,2026-05-15,ai_tech,AI / 大模型,32.0,-0.2404,0.636576829071551,-0.15303306970880087,0.15303306970880087,-0.030606613941760175,0.0,0.0,-0.15303306970880087,-0.0,-0.636576829071551,0.636576829071551,-0.15303306970880087,-0.0,0.0,0.16913315867740217,0.0,0.07651653485440044,0.15303306970880087,0.15303306970880087,0.0,0.15303306970880087,0.0,0.0,0.0,-0.15303306970880087,-0.15303306970880087,0.0,0.0,-1.8958139689868891,1.8958139689868891,0.15303306970880087,0.15303306970880087,0.0,0.0,0.0,-0.0128940329861121,
2055159419445678580,lukfan,2026-05-15,ai_tech,AI / 大模型,32.0,0.1696,0.636576829071551,0.10796343021053505,-0.10796343021053505,0.021592686042107012,0.0,0.10796343021053505,0.0,0.0,0.636576829071551,0.636576829071551,0.10796343021053505,0.0,0.0,-0.10487358421711852,0.0,-0.05398171510526752,0.0,-0.10796343021053505,-0.10796343021053505,0.0,0.0,0.0,0.0,-0.10796343021053505,0.10796343021053505,0.0,0.0,1.214611091698486,-1.214611091698486,-0.10796343021053505,0.0,0.0,0.0,0.0,-0.0128940329861121,
2055256874229059622,lukfan,2026-05-15,ai_tech,AI / 大模型,32.0,0.1224,0.636576829071551,0.07791700387835784,-0.07791700387835784,0.01558340077567157,0.0,0.07791700387835784,0.0,0.0,0.636576829071551,0.636576829071551,0.07791700387835784,0.0,0.0,-0.06733618758371855,0.0,-0.03895850193917892,0.0,-0.07791700387835784,0.0,0.0,0.0,0.0,0.0,-0.07791700387835784,0.07791700387835784,0.0,0.0,0.9124577218021537,-0.9124577218021537,-0.07791700387835784,0.0,0.0,0.0,0.0,-0.0128940329861121,
2055488602558366059,lukfan,2026-05-16,ai_tech,AI / 大模型,32.0,-0.2098,0.636576829071551,-0.13355381873921138,0.13355381873921138,-0.026710763747842276,0.0,0.0,-0.13355381873921138,-0.30006565176134975,-0.636576829071551,0.636576829071551,-0.13355381873921138,-0.3759111366440459,0.0,0.14862371420609857,0.13355381873921138,0.19101484111152828,0.13355381873921138,0.13355381873921138,0.0,0.13355381873921138,0.0,0.19101484111152828,0.0,-0.13355381873921138,-0.13355381873921138,0.0,0.0,-1.6691217589658722,1.6691217589658722,0.13355381873921138,0.13355381873921138,0.0,0.0,0.13355381873921138,,
2055809351835930740,lukfan,2026-05-17,ai_tech,AI / 大模型,32.0,0.075,0.636576829071551,0.04774326218036632,-0.04774326218036632,0.009548652436073266,0.0,0.04774326218036632,0.0,0.04149710667488341,0.636576829071551,0.636576829071551,0.04774326218036632,0.0519860385419959,0.0,-0.052135642300960024,0.0,-0.026416096582741175,0.0,-0.04774326218036632,0.0,0.0,0.0,0.0,0.0,-0.04774326218036632,0.04774326218036632,0.0,0.0,0.527314310708709,-0.527314310708709,-0.04774326218036632,0.0,0.0,0.0,0.0,,
2051699249986126031,luoleiorg,2026-05-05,ai_tech,AI / 大模型,47.0,0.25,0.09531017980432487,0.023827544951081216,-0.023827544951081216,0.004765508990216244,0.0,0.023827544951081216,0.0,0.24036157957626345,0.09531017980432487,0.09531017980432487,0.023827544951081216,0.9403000289233906,0.0,-0.023827544951081216,0.0,-0.022908905367465208,-0.023827544951081216,-0.023827544951081216,-0.023827544951081216,0.0,0.0,0.0,0.022908905367465208,-0.023827544951081216,0.023827544951081216,0.0,0.0,2.1654964840794446,-2.1654964840794446,-0.023827544951081216,0.0,-0.023827544951081216,0.0,0.0,-0.0002201159271245,0.0207743936914068
2052214581121147159,luoleiorg,2026-05-07,ai_tech,AI / 大模型,44.0,0.0369,0.09531017980432487,0.003516945634779588,-0.003516945634779588,0.0007033891269559176,0.0,0.003516945634779588,0.0,0.03744961913741082,0.09531017980432487,0.09531017980432487,0.003516945634779588,0.1465037716100733,0.0,-0.003516945634779588,0.0,-0.0035693299335901115,0.0,-0.003516945634779588,0.0,0.0,0.0,0.0,0.0,-0.003516945634779588,0.003516945634779588,0.0,0.0,0.38717616220324613,-0.38717616220324613,-0.003516945634779588,0.0,0.0,0.0,0.0,0.0056498692103845,-0.0011929474776779
2052314417841447102,luoleiorg,2026-05-07,ai_tech,AI / 大模型,44.0,0.2018,0.09531017980432487,0.01923359428451276,-0.01923359428451276,0.0038467188569025522,0.0,0.01923359428451276,0.0,0.2852331871033268,0.09531017980432487,0.09531017980432487,0.01923359428451276,1.1158387898598052,0.0,-0.01923359428451276,-0.01923359428451276,-0.02718562634897872,-0.01923359428451276,-0.01923359428451276,-0.01923359428451276,0.0,0.0,0.0,0.02718562634897871,-0.01923359428451276,0.01923359428451276,0.0,0.0,2.342062567801392,-2.342062567801392,-0.01923359428451276,0.0,-0.01923359428451276,0.0,0.0,0.0056498692103845,0.0234408408929045
2052580138379088105,luoleiorg,2026-05-08,ai_tech,AI / 大模型,44.0,-0.0323,0.09531017980432487,-0.0030785188076796932,0.0030785188076796932,-0.0006157037615359387,0.0,0.0,-0.0030785188076796932,-0.026900792258141747,-0.09531017980432487,0.09531017980432487,-0.0030785188076796932,-0.10523651817809387,0.0,0.018604547097804215,0.0,0.00256391934700228,0.0,0.0030785188076796932,0.0,0.0,0.0,0.0,0.0,-0.0030785188076796932,-0.0030785188076796932,0.0,0.0,-0.32280516335296344,0.32280516335296344,0.0030785188076796932,0.0,0.0,0.0,0.0,0.0151815864450868,0.0234408408929045
2052586632730308777,luoleiorg,2026-05-08,ai_tech,AI / 大模型,44.0,0.2187,0.09531017980432487,0.02084433632320585,-0.02084433632320585,0.00416886726464117,0.0,0.02084433632320585,0.0,0.2398563296987717,0.09531017980432487,0.09531017980432487,0.02084433632320585,0.9383234797791531,0.0,-0.00996944480753238,-0.02084433632320585,-0.022860749910795355,-0.02084433632320585,-0.02084433632320585,-0.02084433632320585,0.0,0.0,0.0,0.022860749910795355,-0.02084433632320585,0.02084433632320585,0.0,0.0,2.146513139357062,-2.146513139357062,-0.02084433632320585,0.0,-0.02084433632320585,0.0,0.0,0.0151815864450868,0.0234408408929045
2052636825622294922,luoleiorg,2026-05-08,ai_tech,AI / 大模型,44.0,-0.0072,0.09531017980432487,-0.000686233294591139,0.000686233294591139,-0.0001372466589182278,0.0,0.0,-0.000686233294591139,-0.007375416477264821,-0.09531017980432487,0.09531017980432487,-0.000686233294591139,-0.02885279893367379,0.0,0.013555013771771084,0.0,0.0007029522705798904,0.0,0.000686233294591139,0.0,0.0,0.0,0.0,0.0,-0.000686233294591139,-0.000686233294591139,0.0,0.0,-0.07329641846567896,0.07329641846567896,0.000686233294591139,0.0,0.0,0.0,0.0,0.0151815864450868,0.0028963874065546
2052670427663864002,luoleiorg,2026-05-08,ai_tech,AI / 大模型,44.0,0.1757,0.09531017980432487,0.01674599859161988,-0.01674599859161988,0.003349199718323976,0.0,0.01674599859161988,0.0,0.22709027701703657,0.09531017980432487,0.09531017980432487,0.01674599859161988,0.8883823879996976,0.0,-0.006136387076401782,-0.01674599859161988,-0.0216440151343077,0.0,-0.01674599859161988,-0.01674599859161988,0.0,0.0,0.0,0.0216440151343077,-0.01674599859161988,0.01674599859161988,0.0,0.0,1.8924292265545306,-1.8924292265545306,-0.01674599859161988,0.0,0.0,0.0,0.0,0.0151815864450868,0.0028963874065546
2052989037812871372,luoleiorg,2026-05-09,ai_tech,AI / 大模型,44.0,0.25,0.09531017980432487,0.023827544951081216,-0.023827544951081216,0.004765508990216244,0.0,0.023827544951081216,0.0,0.2030952927640138,0.09531017980432487,0.09531017980432487,0.023827544951081216,0.7945134575869864,0.0,-0.012341306710662865,0.0,-0.019357048870750154,-0.023827544951081216,-0.023827544951081216,-0.023827544951081216,0.0,0.0,0.0,0.019357048870750154,-0.023827544951081216,0.023827544951081216,0.0,0.0,2.4173365617530944,-2.4173365617530944,-0.023827544951081216,0.0,-0.023827544951081216,0.0,0.0,-0.0017999582175547,0.0028963874065546
2054005760175308882,luoleiorg,2026-05-12,ai_tech,AI / 大模型,44.0,-0.1516,0.09531017980432487,-0.014449023258335652,0.014449023258335652,-0.0028898046516671306,0.0,0.0,-0.014449023258335652,-0.12150770137989925,-0.09531017980432487,0.09531017980432487,-0.014449023258335652,-0.47534092313485915,0.0,0.02747792483758686,0.0,0.01158092086612841,0.0,0.014449023258335652,0.0,0.014449023258335652,0.0,0.01158092086612841,0.0,-0.014449023258335652,-0.014449023258335652,0.0,0.0,-1.4897462860882575,1.4897462860882575,0.014449023258335652,0.0,0.0,0.0,0.0,-0.0116490863849201,-0.008481806809764
2054009850024329436,luoleiorg,2026-05-12,ai_tech,AI / 大模型,44.0,-0.2488,0.09531017980432487,-0.023713172735316024,0.023713172735316024,-0.004742634547063205,0.0,0.0,-0.023713172735316024,-0.39089921434157304,-0.09531017980432487,0.09531017980432487,-0.023713172735316024,-1.5292067193080217,0.0,0.03368897155483536,0.023713172735316024,0.03725667440426465,0.023713172735316024,0.023713172735316024,0.0,0.023713172735316024,0.0,0.03725667440426465,0.0,-0.023713172735316024,-0.023713172735316024,0.0,0.0,-3.0723684356923426,3.0723684356923426,0.023713172735316024,0.023713172735316024,0.0,0.0,0.023713172735316024,-0.0116490863849201,-0.008481806809764
2054095216571990524,luoleiorg,2026-05-12,ai_tech,AI / 大模型,44.0,-0.0813,0.09531017980432487,-0.007748717618091611,0.007748717618091611,-0.0015497435236183224,0.0,0.0,-0.007748717618091611,-0.06689495542297914,-0.09531017980432487,0.09531017980432487,-0.007748717618091611,-0.26169460456178467,0.0,0.014355619282127412,0.0,0.006375770229366438,0.0,0.007748717618091611,0.0,0.0,0.0,0.0,0.0,-0.007748717618091611,-0.007748717618091611,0.0,0.0,-0.7138655278989422,0.7138655278989422,0.007748717618091611,0.0,0.0,0.0,0.0,-0.0116490863849201,0.0105622304188508
2054497794594058555,luoleiorg,2026-05-13,ai_tech,AI / 大模型,44.0,0.1952,0.09531017980432487,0.018604547097804215,-0.018604547097804215,0.003720909419560843,0.0,0.018604547097804215,0.0,0.19211257469881654,0.09531017980432487,0.09531017980432487,0.018604547097804215,0.7515488118538034,0.0,-0.013302701732143636,0.0,-0.018310284037215997,0.0,-0.018604547097804215,-0.018604547097804215,0.0,0.0,0.0,0.018310284037215997,-0.018604547097804215,0.018604547097804215,0.0,0.0,2.0031152775671583,-2.0031152775671583,-0.018604547097804215,0.0,0.0,0.0,0.0,0.0022482547976074,0.0071077162744499
2054566214840836492,luoleiorg,2026-05-13,ai_tech,AI / 大模型,44.0,0.1252,0.09531017980432487,0.011932834511501473,-0.011932834511501473,0.002386566902300295,0.0,0.011932834511501473,0.0,0.2370047557864761,0.09531017980432487,0.09531017980432487,0.011932834511501473,0.927168057032574,0.0,-0.0055224306681622565,-0.011932834511501473,-0.02258896588848914,0.0,-0.011932834511501473,0.0,0.0,0.0,0.0,0.02258896588848914,-0.011932834511501473,0.011932834511501473,0.0,0.0,1.6925540780851587,-1.6925540780851587,-0.011932834511501473,0.0,0.0,0.0,0.0,0.0057419815987251,0.0071077162744499
2054749231823647214,luoleiorg,2026-05-14,ai_tech,AI / 大模型,44.0,-0.0131,0.09531017980432487,-0.0012485633554366559,0.0012485633554366559,-0.0002497126710873312,0.0,0.0,-0.0012485633554366559,-0.004642216087551617,-0.09531017980432487,0.09531017980432487,-0.0012485633554366559,-0.018160456130670567,0.0,0.008083769557865276,0.0,0.0006242816777183279,0.0,0.0012485633554366559,0.0,0.0,0.0,0.0,0.0,-0.0012485633554366559,-0.0012485633554366559,0.0,0.0,-0.11076744995641612,0.11076744995641612,0.0012485633554366559,0.0,0.0,0.0,0.0,0.0051926185114692,0.0071077162744499
2054939674247139398,luoleiorg,2026-05-14,ai_tech,AI / 大模型,44.0,-0.0949,0.09531017980432487,-0.00904493606343043,0.00904493606343043,-0.001808987212686086,0.0,0.0,-0.00904493606343043,-0.06725897812345778,-0.09531017980432487,0.09531017980432487,-0.00904493606343043,-0.2631186697405552,0.0,0.015302730154582958,0.0,0.006410465298401914,0.0,0.00904493606343043,0.0,0.0,0.0,0.0,0.0,-0.00904493606343043,-0.00904493606343043,0.0,0.0,-0.8256155776674297,0.8256155776674297,0.00904493606343043,0.0,0.0,0.0,0.0,0.0027521051411232,-0.015087714031981
2055104939861676099,luoleiorg,2026-05-15,ai_tech,AI / 大模型,44.0,-0.0031,0.09531017980432487,-0.00029546155739340705,0.00029546155739340705,-5.909231147868141e-05,0.0,0.0,-0.00029546155739340705,-0.0030509681432701395,-0.09531017980432487,0.09531017980432487,-0.00029546155739340705,-0.011935457565301181,0.0,0.005533073638240406,0.0,0.0002907883223123442,0.0,0.00029546155739340705,0.0,0.0,0.0,0.0,0.0,-0.00029546155739340705,-0.00029546155739340705,0.0,0.0,-0.0314041905634309,0.0314041905634309,0.00029546155739340705,0.0,0.0,0.0,0.0,-0.0128940329861121,-0.015087714031981
2055153610800201957,luoleiorg,2026-05-15,ai_tech,AI / 大模型,44.0,-0.25,0.09531017980432487,-0.023827544951081216,0.023827544951081216,-0.004765508990216244,0.0,0.0,-0.023827544951081216,-0.3274497601556457,-0.09531017980432487,0.09531017980432487,-0.023827544951081216,-1.2809909948508147,0.0,0.027456956598029908,0.023827544951081216,0.031209295517317645,0.023827544951081216,0.023827544951081216,0.0,0.023827544951081216,0.0,0.031209295517317645,0.0,-0.023827544951081216,-0.023827544951081216,0.0,0.0,-2.734696808748118,2.734696808748118,0.023827544951081216,0.023827544951081216,0.0,0.0,0.023827544951081216,-0.0128940329861121,
2055828547718266975,luoleiorg,2026-05-17,ai_tech,AI / 大模型,44.0,0.1047,0.09531017980432487,0.009978975825512814,-0.009978975825512814,0.001995795165102563,0.0,0.009978975825512814,0.0,0.11982985882890113,0.09531017980432487,0.09531017980432487,0.009978975825512814,0.46877716447586826,0.0,-0.00817253021762151,-0.009978975825512814,-0.011421005390909431,0.0,-0.009978975825512814,0.0,0.0,0.0,0.0,0.011421005390909431,-0.009978975825512814,0.009978975825512814,0.0,0.0,1.2255332989540868,-1.2255332989540868,-0.009978975825512814,0.0,0.0,0.0,0.0,,
2055844122733469786,luoleiorg,2026-05-17,ai_tech,AI / 大模型,44.0,-0.2395,0.09531017980432487,-0.022826788063135803,0.022826788063135803,-0.004565357612627161,0.0,0.0,-0.022826788063135803,-0.23167384651518258,-0.09531017980432487,0.09531017980432487,-0.022826788063135803,-0.9063134173234235,0.0,0.024016259107093776,0.0,0.02208087596732161,0.022826788063135803,0.022826788063135803,0.0,0.022826788063135803,0.0,0.022080875967321615,0.0,-0.022826788063135803,-0.022826788063135803,0.0,0.0,-2.308961594034862,2.308961594034862,0.022826788063135803,0.022826788063135803,0.0,0.0,0.0,,
2055996017347334356,luoleiorg,2026-05-17,ai_tech,AI / 大模型,44.0,-0.1646,0.09531017980432487,-0.015688055595791874,0.015688055595791874,-0.003137611119158375,0.0,0.0,-0.015688055595791874,-0.24361498968879022,-0.09531017980432487,0.09531017980432487,-0.015688055595791874,-0.9530274441296879,0.0,0.015560975356052774,0.015688055595791874,0.023218988470267345,0.0,0.015688055595791874,0.0,0.015688055595791874,0.0,0.023218988470267345,0.0,-0.015688055595791874,-0.015688055595791874,0.0,0.0,-1.8781581926077577,1.8781581926077577,0.015688055595791874,0.0,0.0,0.0,0.015688055595791874,,
2054821351651967214,maid_crypto,2026-05-14,crypto,加密,1.0,0.2447,3.3867603338643857,0.8287402536966152,-0.8287402536966152,0.8287402536966152,0.8287402536966152,0.8287402536966152,0.0,0.6955212450228748,3.3867603338643857,3.3867603338643857,0.8287402536966152,1.6677871055711888,-0.8287402536966152,-0.8287402536966152,-0.8287402536966152,-2.3555637640034446,-0.8287402536966152,-0.8287402536966152,-0.8287402536966152,0.0,0.0,0.0,2.3555637640034446,-0.8287402536966152,0.8287402536966152,-0.8287402536966152,0.8287402536966152,3.068840665572994,-3.068840665572994,-0.8287402536966152,0.0,-0.8287402536966152,0.0,0.0,-0.0001358855919733,-0.0244977136379759
2054829113601401125,maid_crypto,2026-05-14,crypto,加密,1.0,0.25,3.3867603338643857,0.8466900834660964,-0.8466900834660964,0.8466900834660964,0.8466900834660964,0.8466900834660964,0.0,0.25,3.3867603338643857,3.3867603338643857,0.8466900834660964,0.5994738181995927,-0.8466900834660964,-0.8466900834660964,0.0,-0.8466900834660964,-0.8466900834660964,-0.8466900834660964,-0.8466900834660964,0.0,0.0,0.0,0.8466900834660964,-0.8466900834660964,0.8466900834660964,-0.8466900834660964,0.8466900834660964,1.9443434006644653,-1.9443434006644653,-0.8466900834660964,0.0,-0.8466900834660964,0.0,0.0,-5.849572091087829e-05,-0.0244977136379759
2055065751531495561,maid_crypto,2026-05-14,crypto,加密,1.0,0.0187,3.3867603338643857,0.06333241824326402,-0.06333241824326402,0.06333241824326402,0.06333241824326402,0.06333241824326402,0.0,0.010811024504289005,3.3867603338643857,3.3867603338643857,0.06333241824326402,0.025923704552941955,-0.06333241824326402,-0.06333241824326402,0.0,-0.036614348959561886,0.0,-0.06333241824326402,0.0,0.0,0.0,0.0,0.0,-0.06333241824326402,0.06333241824326402,-0.06333241824326402,0.06333241824326402,0.15203761133696417,-0.15203761133696417,-0.06333241824326402,0.0,0.0,0.0,0.0,0.0018188217825703,-0.0244977136379759
2055073116280525224,maid_crypto,2026-05-14,crypto,加密,1.0,0.1963,3.3867603338643857,0.6648210535375789,-0.6648210535375789,0.6648210535375789,0.6648210535375789,0.6648210535375789,0.0,0.11348685081240276,3.3867603338643857,3.3867603338643857,0.6648210535375789,0.2721295830878345,-0.6648210535375789,-0.08523346840225363,0.0,-0.3843527647466309,0.0,-0.6648210535375789,-0.6648210535375789,0.0,0.0,0.0,0.3843527647466309,-0.6648210535375789,0.6648210535375789,-0.6648210535375789,0.6648210535375789,1.482297982050234,-1.482297982050234,-0.6648210535375789,0.0,0.0,0.0,0.0,0.0061077519658492,-0.0244977136379759
2055093678042165692,maid_crypto,2026-05-15,crypto,加密,1.0,0.5208,3.3867603338643857,1.7638247818765722,-1.7638247818765722,1.7638247818765722,1.7638247818765722,1.7638247818765722,0.0,0.5208,3.3867603338643857,3.3867603338643857,1.7638247818765722,1.2488238580733915,-1.7638247818765722,-1.1629288296406837,0.0,-1.7638247818765722,-1.7638247818765722,-1.7638247818765722,-1.7638247818765722,0.0,0.0,0.0,1.7638247818765722,-1.7638247818765722,1.7638247818765722,-1.7638247818765722,1.7638247818765722,3.933478493458728,-3.933478493458728,-1.7638247818765722,0.0,-1.7638247818765722,0.0,0.0,-0.0073778333823962,-0.0118160267665125
2055116769959018889,maid_crypto,2026-05-15,crypto,加密,1.0,0.2029,3.3867603338643857,0.6871736717410838,-0.6871736717410838,0.6871736717410838,0.6871736717410838,0.6871736717410838,0.0,0.3519075195593966,3.3867603338643857,3.3867603338643857,0.6871736717410838,0.8438373776136774,-0.6871736717410838,0.14630804642294162,-0.6871736717410838,-1.1918264284323699,-0.6871736717410838,-0.6871736717410838,-0.6871736717410838,0.0,0.0,0.0,1.1918264284323699,-0.6871736717410838,0.6871736717410838,-0.6871736717410838,0.6871736717410838,2.0015887450920515,-2.0015887450920515,-0.6871736717410838,0.0,-0.6871736717410838,0.0,0.0,-0.0011532916218648,-0.0118160267665125
2055221599041982464,maid_crypto,2026-05-15,crypto,加密,2.0,-0.2465,3.3867603338643857,-0.834836422297571,0.834836422297571,-0.6678691378380569,-0.834836422297571,0.0,-0.834836422297571,-0.4542501176670244,-3.3867603338643857,3.3867603338643857,-0.834836422297571,-1.0892442098218615,0.834836422297571,1.643933466057773,0.834836422297571,1.538436280167908,0.834836422297571,0.834836422297571,0.0,0.834836422297571,0.0,1.538436280167908,0.0,-0.834836422297571,-0.834836422297571,0.0,0.0,-2.3041993147399125,2.3041993147399125,0.834836422297571,0.834836422297571,0.0,0.0,0.834836422297571,-0.000186231413736,-0.0118160267665125
2055229088445636694,maid_crypto,2026-05-15,crypto,加密,2.0,-0.0523,3.3867603338643857,-0.17712756546110736,0.17712756546110736,-0.1417020523688859,-0.17712756546110736,0.0,-0.17712756546110736,-0.07267802637551518,-3.3867603338643857,3.3867603338643857,-0.17712756546110736,-0.17427429588216314,0.17712756546110736,0.7513769712130559,0.17712756546110736,0.2461430568721444,0.0,0.17712756546110736,0.0,0.0,0.0,0.0,0.0,-0.17712756546110736,-0.17712756546110736,0.0,0.0,-0.4328820520702671,0.4328820520702671,0.17712756546110736,0.0,0.0,0.0,0.0,0.0004489819310471,-0.0118160267665125
2055291612477927789,maid_crypto,2026-05-15,crypto,加密,2.0,0.2344,3.3867603338643857,0.793856622257812,-0.793856622257812,0.6350852978062496,0.793856622257812,0.793856622257812,0.0,0.2032703858667387,3.3867603338643857,3.3867603338643857,0.793856622257812,0.4874210973697535,-0.793856622257812,-0.3135293379074955,0.0,-0.6884280799027784,-0.793856622257812,-0.793856622257812,-0.793856622257812,0.0,0.0,0.0,0.6884280799027784,-0.793856622257812,0.793856622257812,0.0,0.0,1.821538124973731,-1.821538124973731,-0.793856622257812,0.0,-0.793856622257812,0.0,0.0,0.0008870263222198,-0.0118160267665125
2055468631874752769,maid_crypto,2026-05-16,crypto,加密,2.0,-0.0025,3.3867603338643857,-0.008466900834660965,0.008466900834660965,-0.006773520667728772,-0.008466900834660965,0.0,-0.008466900834660965,-0.0025,-3.3867603338643857,3.3867603338643857,-0.008466900834660965,-0.0059947381819959265,0.008466900834660965,0.5236307782858103,0.0,0.008466900834660965,0.0,0.008466900834660965,0.0,0.0,0.0,0.0,0.0,-0.008466900834660965,-0.008466900834660965,0.0,0.0,-0.018142506767730184,0.018142506767730184,0.008466900834660965,0.0,0.0,0.0,0.0,-0.0005089527714333,0.0030410494175279
2055479684922753312,maid_crypto,2026-05-16,crypto,加密,2.0,0.5,3.3867603338643857,1.6933801669321928,-1.6933801669321928,1.3547041335457544,1.6933801669321928,1.6933801669321928,0.0,0.3355938707356198,3.3867603338643857,3.3867603338643857,1.6933801669321928,0.8047189562170501,-1.6933801669321928,-1.2305793673096246,0.0,-1.1365760096954092,-1.6933801669321928,-1.6933801669321928,-1.6933801669321928,0.0,-1.6933801669321928,0.0,1.1365760096954092,-1.6933801669321928,1.6933801669321928,0.0,0.0,3.626735191342264,-3.626735191342264,-3.048084300477947,0.0,-1.6933801669321928,0.0,0.0,1.9768727632651917e-06,0.0030410494175279
2055794266841170195,maid_crypto,2026-05-16,crypto,加密,2.0,-0.0271,3.3867603338643857,-0.09178120504772484,0.09178120504772484,-0.07342496403817987,-0.09178120504772484,0.0,-0.09178120504772484,-0.018189187793870593,-3.3867603338643857,3.3867603338643857,-0.09178120504772484,-0.04361576742696412,0.09178120504772484,0.6664528562438954,0.0,0.06160241972549117,0.0,0.09178120504772484,0.0,0.0,0.0,0.0,0.0,-0.09178120504772484,-0.09178120504772484,0.0,0.0,-0.21157249916241405,0.21157249916241405,0.09178120504772484,0.0,0.0,0.0,0.0,,0.0030410494175279
2055892347414544619,maid_crypto,2026-05-17,crypto,加密,2.0,-0.6155,3.3867603338643857,-2.0845509854935296,2.0845509854935296,-1.6676407883948237,-2.0845509854935296,0.0,-2.0845509854935296,-0.3558388011973199,-3.3867603338643857,3.3867603338643857,-2.0845509854935296,-0.8532641792692928,2.0845509854935296,2.6036848986693752,0.0,1.205140737144938,2.0845509854935296,2.0845509854935296,0.0,2.0845509854935296,0.0,1.205140737144938,0.0,-2.0845509854935296,-2.0845509854935296,0.0,0.0,-4.431402021772917,4.431402021772917,2.0845509854935296,2.0845509854935296,0.0,0.0,0.0,,
2055893273135165481,maid_crypto,2026-05-17,crypto,加密,2.0,0.2178,3.3867603338643857,0.7376364007156632,-0.7376364007156632,0.5901091205725305,0.7376364007156632,0.7376364007156632,0.0,0.32293103730452477,3.3867603338643857,3.3867603338643857,0.7376364007156632,0.7743548077923943,-0.7376364007156632,-0.41878594128361535,-0.7376364007156632,-1.0936900277166448,-0.7376364007156632,-0.7376364007156632,-0.7376364007156632,0.0,0.0,0.0,1.0936900277166448,-0.7376364007156632,0.7376364007156632,0.0,0.0,1.9113819409629011,-1.9113819409629011,-0.7376364007156632,0.0,-0.7376364007156632,0.0,0.0,,
2055929994593943592,maid_crypto,2026-05-17,crypto,加密,2.0,-0.9359,3.3867603338643857,-3.1696689964636784,3.1696689964636784,-2.535735197170943,-3.1696689964636784,0.0,-3.1696689964636784,-0.6281646072429331,-3.3867603338643857,3.3867603338643857,-3.1696689964636784,-1.5062729422470744,3.1696689964636784,3.518432737415984,0.0,2.1274429749478667,3.1696689964636784,3.1696689964636784,0.0,3.1696689964636784,0.0,2.1274429749478667,0.0,-3.1696689964636784,-3.1696689964636784,0.0,0.0,-7.1646801044927955,7.1646801044927955,3.1696689964636784,3.1696689964636784,0.0,0.0,0.0,,
2055935321645416463,maid_crypto,2026-05-17,crypto,加密,2.0,-0.5744,3.3867603338643857,-1.9453551357717032,1.9453551357717032,-1.5562841086173627,-1.9453551357717032,0.0,-1.9453551357717032,-0.33207767247398956,-3.3867603338643857,3.3867603338643857,-1.9453551357717032,-0.7962874810272652,1.9453551357717032,2.0595566942296104,0.0,1.1246674888969168,1.9453551357717032,1.9453551357717032,0.0,1.9453551357717032,0.0,1.124667488896917,0.0,-1.9453551357717032,-1.9453551357717032,0.0,0.0,-4.170444180342812,4.170444180342812,1.9453551357717032,1.9453551357717032,0.0,0.0,0.0,,
2055980871115501813,maid_crypto,2026-05-17,crypto,加密,2.0,-0.5185,3.3867603338643857,-1.756035233108684,1.756035233108684,-1.4048281864869472,-1.756035233108684,0.0,-1.756035233108684,-0.774868940552655,-3.3867603338643857,3.3867603338643857,-1.756035233108684,-1.8580545695894928,1.756035233108684,1.6852970989353697,1.756035233108684,2.6242953918072525,1.756035233108684,1.756035233108684,0.0,1.756035233108684,0.0,2.6242953918072525,0.0,-1.756035233108684,-1.756035233108684,0.0,0.0,-4.778353850244932,4.778353850244932,1.756035233108684,1.756035233108684,0.0,0.0,1.756035233108684,,
2056039025564365043,maid_crypto,2026-05-17,crypto,加密,2.0,0.25,3.3867603338643857,0.8466900834660964,-0.8466900834660964,0.6773520667728772,0.8466900834660964,0.8466900834660964,0.0,0.27514309731878417,3.3867603338643857,3.3867603338643857,0.8466900834660964,0.6597643324038146,-0.8466900834660964,-1.0909432387443958,-0.8466900834660964,-0.9318437281358466,-0.8466900834660964,-0.8466900834660964,-0.8466900834660964,0.0,0.0,0.0,0.9318437281358466,-0.8466900834660964,0.8466900834660964,0.0,0.0,1.9264282059736069,-1.9264282059736069,-0.8466900834660964,0.0,-0.8466900834660964,0.0,0.0,,
2056092261897634088,maid_crypto,2026-05-17,crypto,加密,2.0,-0.1776,3.3867603338643857,-0.601488635294315,0.601488635294315,-0.48119090823545196,-0.601488635294315,0.0,-0.601488635294315,-0.13270658036851643,-3.3867603338643857,3.3867603338643857,-0.601488635294315,-0.3182164817349026,0.601488635294315,0.40945932436420424,0.0,0.44944538243487764,0.0,0.601488635294315,0.0,0.601488635294315,0.0,0.44944538243487764,0.0,-0.601488635294315,-0.601488635294315,0.0,0.0,-1.0826184422879632,1.0826184422879632,0.601488635294315,0.0,0.0,0.0,0.0,,
2053831750556762470,max80072,2026-05-11,ai_tech,AI / 大模型,1.0,-0.9912,4.61512051684126,-4.574507456293056,4.574507456293056,-4.574507456293056,-4.574507456293056,0.0,-4.574507456293056,-1.0639094609156277,-4.61512051684126,4.61512051684126,-4.574507456293056,-5.63692997320403,4.574507456293056,4.574507456293056,4.574507456293056,4.910070381133238,4.574507456293056,4.574507456293056,0.0,4.574507456293056,0.0,4.910070381133237,0.0,-4.574507456293056,-4.574507456293056,4.574507456293056,-4.574507456293056,-8.7126129622023,8.7126129622023,4.574507456293056,4.574507456293056,0.0,0.0,4.574507456293056,-0.0005900598701165,-0.008481806809764
2053831841392763318,max80072,2026-05-11,ai_tech,AI / 大模型,1.0,-0.9942,4.61512051684126,-4.58835281784358,4.58835281784358,-4.58835281784358,-4.58835281784358,0.0,-4.58835281784358,-1.1634913113650591,-4.61512051684126,4.61512051684126,-4.58835281784358,-6.164546220833242,4.58835281784358,4.58835281784358,4.58835281784358,5.369652622247426,4.58835281784358,4.58835281784358,0.0,4.58835281784358,0.0,5.369652622247426,0.0,-4.58835281784358,-4.58835281784358,4.58835281784358,-4.58835281784358,-9.198491382315813,9.198491382315813,4.58835281784358,4.58835281784358,0.0,0.0,4.58835281784358,-0.0005900598701165,-0.008481806809764
2054566818250194982,max80072,2026-05-13,ai_tech,AI / 大模型,1.0,-0.9957,4.61512051684126,-4.595275498618842,4.595275498618842,-4.595275498618842,-4.595275498618842,0.0,-4.595275498618842,-0.8746075404824153,-4.61512051684126,4.61512051684126,-4.595275498618842,-4.633948320651846,4.595275498618842,4.595275498618842,0.0,4.036419204264467,4.595275498618842,4.595275498618842,0.0,4.595275498618842,0.0,4.036419204264467,0.0,-4.595275498618842,-4.595275498618842,4.595275498618842,-4.595275498618842,-7.629519203594876,7.629519203594876,4.595275498618842,4.595275498618842,0.0,0.0,0.0,0.0057419815987251,0.0071077162744499
2055882422148124860,max80072,2026-05-17,ai_tech,AI / 大模型,1.0,-0.9998,4.61512051684126,-4.614197492737891,4.614197492737891,-4.614197492737891,-4.614197492737891,0.0,-4.614197492737891,-0.8292387867478778,-4.61512051684126,4.61512051684126,-4.614197492737891,-4.393570264841505,4.614197492737891,0.02815223515273166,0.0,3.827036938080685,4.614197492737891,4.614197492737891,0.0,4.614197492737891,0.0,3.827036938080685,0.0,-4.614197492737891,-4.614197492737891,4.614197492737891,-4.614197492737891,-7.632810368181194,7.632810368181194,4.614197492737891,4.614197492737891,0.0,0.0,0.0,,
2055302598421537056,mranti,2026-05-15,unclassified,未分类,28.0,-0.1483,0.7514160886839212,-0.1114350059518255,0.1114350059518255,-0.0222870011903651,0.0,0.0,-0.1114350059518255,,-0.7514160886839212,0.7514160886839212,0.0,-0.0,0.0,0.1114350059518255,0.0,,0.0,0.0,0.0,0.1114350059518255,0.0,,0.0,-0.1114350059518255,-0.1114350059518255,0.0,0.0,-0.16292420240948066,0.16292420240948066,0.1114350059518255,0.0,0.0,0.1114350059518255,0.0,,
2055444538559512619,mranti,2026-05-16,unclassified,未分类,28.0,-0.5,0.7514160886839212,-0.3757080443419606,0.3757080443419606,-0.07514160886839212,0.0,0.0,-0.3757080443419606,,-0.7514160886839212,0.7514160886839212,0.0,-0.0,0.0,0.3757080443419606,0.0,,0.3757080443419606,0.0,0.0,0.3757080443419606,0.0,,0.0,-0.3757080443419606,-0.3757080443419606,0.0,0.0,-1.683647914993237,1.683647914993237,0.3757080443419606,0.3757080443419606,0.0,0.3757080443419606,0.0,,
2055449110644506743,mranti,2026-05-16,unclassified,未分类,28.0,0.1698,0.7514160886839212,0.12759045185852982,-0.12759045185852982,0.025518090371705965,0.0,0.12759045185852982,0.0,,0.7514160886839212,0.7514160886839212,0.0,0.0,0.0,-0.12759045185852982,0.0,,0.0,0.0,-0.12759045185852982,0.0,0.0,0.0,,-0.12759045185852982,0.12759045185852982,0.0,0.0,0.11769639125907871,-0.11769639125907871,-0.12759045185852982,0.0,0.0,-0.12759045185852982,0.0,,
2055449703920316569,mranti,2026-05-16,unclassified,未分类,28.0,-0.0062,0.7514160886839212,-0.004658779749840311,0.004658779749840311,-0.0009317559499680624,0.0,0.0,-0.004658779749840311,,-0.7514160886839212,0.7514160886839212,0.0,-0.0,0.0,-0.11519208639524511,0.0,,0.0,0.0,0.0,0.0,0.0,0.0,0.0,-0.004658779749840311,-0.004658779749840311,0.0,0.0,-0.01362279237948456,0.01362279237948456,0.004658779749840311,0.0,0.0,0.004658779749840311,0.0,,
2054683539564830887,mtrainier2020,2026-05-13,ai_tech,AI / 大模型,16.0,-0.1498,0.9042181506398859,-0.1354518789658549,0.1354518789658549,-0.02709037579317098,0.0,0.0,-0.1354518789658549,-0.11893799474822571,-0.9042181506398859,0.9042181506398859,-0.1354518789658549,-0.49371636252744844,0.0,0.1354518789658549,0.0,0.1075458936520571,0.0,0.1354518789658549,0.0,0.1354518789658549,0.0,0.1075458936520571,0.0,-0.1354518789658549,-0.1354518789658549,0.0,0.0,-1.48056956026245,1.48056956026245,0.1354518789658549,0.0,0.0,0.0,0.0,0.0051926185114692,0.0071077162744499
2054686686823825514,mtrainier2020,2026-05-13,ai_tech,AI / 大模型,16.0,0.2476,0.9042181506398859,0.22388441409843574,-0.22388441409843574,0.04477688281968715,0.0,0.22388441409843574,0.0,0.29887289135796735,0.9042181506398859,0.9042181506398859,0.22388441409843574,1.2406332988182327,0.0,-0.22388441409843574,-0.22388441409843574,-0.27024629310009673,-0.22388441409843574,-0.22388441409843574,-0.22388441409843574,0.0,0.0,0.0,0.2702462931000968,-0.22388441409843574,0.22388441409843574,0.0,0.0,2.589053294033077,-2.589053294033077,-0.22388441409843574,0.0,-0.22388441409843574,0.0,0.0,0.0051926185114692,0.0071077162744499
2054699895341420829,mtrainier2020,2026-05-13,ai_tech,AI / 大模型,16.0,-0.1452,0.9042181506398859,-0.13129247547291142,0.13129247547291142,-0.026258495094582286,0.0,0.0,-0.13129247547291142,-0.09910349861305504,-0.9042181506398859,0.9042181506398859,-0.13129247547291142,-0.41138257755696256,0.0,0.13129247547291142,0.0,0.08961118223783912,0.0,0.13129247547291142,0.0,0.13129247547291142,0.0,0.08961118223783912,0.0,-0.13129247547291142,-0.13129247547291142,0.0,0.0,-1.4752527993747804,1.4752527993747804,0.13129247547291142,0.0,0.0,0.0,0.0,0.0051926185114692,0.0071077162744499
2054757708545585559,mtrainier2020,2026-05-14,ai_tech,AI / 大模型,16.0,0.0896,0.9042181506398859,0.08101794629733378,-0.08101794629733378,0.016203589259466755,0.0,0.08101794629733378,0.0,0.047426988560040156,0.9042181506398859,0.9042181506398859,0.08101794629733378,0.19687132212932526,0.0,-0.09530459307744396,0.0,-0.04288434388617854,0.0,-0.08101794629733378,0.0,0.0,0.0,0.0,0.0,-0.08101794629733378,0.08101794629733378,0.0,0.0,0.8608083034343547,-0.8608083034343547,-0.08101794629733378,0.0,0.0,0.0,0.0,0.0051926185114692,0.0071077162744499
2054950087428833622,mtrainier2020,2026-05-14,ai_tech,AI / 大模型,16.0,0.0031,0.9042181506398859,0.002803076266983646,-0.002803076266983646,0.0005606152533967293,0.0,0.002803076266983646,0.0,0.0019155062799641775,0.9042181506398859,0.9042181506398859,0.002803076266983646,0.007951343008130763,0.0,0.00673642522226715,0.0,-0.001732035546008296,0.0,-0.002803076266983646,0.0,0.0,0.0,0.0,0.0,-0.002803076266983646,0.002803076266983646,0.0,0.0,0.03155959043887808,-0.03155959043887808,-0.002803076266983646,0.0,0.0,0.0,0.0,-0.001122853262371,-0.015087714031981
2055009326771875939,mtrainier2020,2026-05-14,ai_tech,AI / 大模型,16.0,0.0544,0.9042181506398859,0.04918946739480979,-0.04918946739480979,0.009837893478961959,0.0,0.04918946739480979,0.0,0.08020741480172633,0.9042181506398859,0.9042181506398859,0.04918946739480979,0.3329441795909317,0.0,-0.04099725095001242,-0.04918946739480979,-0.07252500027962319,0.0,-0.04918946739480979,0.0,0.0,0.0,0.0,0.0,-0.04918946739480979,0.04918946739480979,0.0,0.0,0.6590362500913005,-0.6590362500913005,-0.04918946739480979,0.0,0.0,0.0,0.0,-0.0166270840187868,-0.015087714031981
2055091609474367595,mtrainier2020,2026-05-15,ai_tech,AI / 大模型,16.0,0.25,0.9042181506398859,0.22605453765997147,-0.22605453765997147,0.0452109075319943,0.0,0.22605453765997147,0.0,0.3089526258006738,0.9042181506398859,0.9042181506398859,0.22605453765997147,1.2824746787307684,0.0,-0.21102944605683868,-0.22605453765997147,-0.27936057193682196,-0.22605453765997147,-0.22605453765997147,-0.22605453765997147,0.0,0.0,0.0,0.27936057193682196,-0.22605453765997147,0.22605453765997147,0.0,0.0,2.8163018547723597,-2.8163018547723597,-0.22605453765997147,0.0,-0.22605453765997147,0.0,0.0,-0.0128940329861121,-0.015087714031981
2055092164900913620,mtrainier2020,2026-05-15,ai_tech,AI / 大模型,16.0,0.247,0.9042181506398859,0.22334188320805182,-0.22334188320805182,0.044668376641610365,0.0,0.22334188320805182,0.0,0.24746669385907866,0.9042181506398859,0.9042181506398859,0.22334188320805182,1.027244121589839,0.0,-0.1781697278825135,0.0,-0.2237638762662229,-0.22334188320805182,-0.22334188320805182,-0.22334188320805182,0.0,0.0,0.0,0.2237638762662229,-0.22334188320805182,0.22334188320805182,0.0,0.0,2.4784062108685445,-2.4784062108685445,-0.22334188320805182,0.0,-0.22334188320805182,0.0,0.0,-0.0128940329861121,-0.015087714031981
2055099552932495834,mtrainier2020,2026-05-15,ai_tech,AI / 大模型,16.0,1.0,0.9042181506398859,0.9042181506398859,-0.9042181506398859,0.1808436301279772,0.0,0.9042181506398859,0.0,1.3213067226110582,0.9042181506398859,0.9042181506398859,0.9042181506398859,5.484796933490655,0.0,-0.8367747793290333,-0.9042181506398859,-1.1947495211474197,-0.9042181506398859,-0.9042181506398859,-0.9042181506398859,0.0,0.0,0.0,1.1947495211474197,-0.9042181506398859,0.9042181506398859,0.0,0.0,11.093219434571722,-11.093219434571722,-0.9042181506398859,0.0,-0.9042181506398859,0.0,0.0,-0.0128940329861121,-0.015087714031981
2055113501891506304,mtrainier2020,2026-05-15,ai_tech,AI / 大模型,16.0,0.25,0.9042181506398859,0.22605453765997147,-0.22605453765997147,0.0452109075319943,0.0,0.22605453765997147,0.0,0.32777435497476753,0.9042181506398859,0.9042181506398859,0.22605453765997147,1.3606044276304483,0.0,-0.06563619086811529,-0.22605453765997147,-0.2963795210824658,-0.22605453765997147,-0.22605453765997147,-0.22605453765997147,0.0,0.0,0.0,0.2963795210824658,-0.22605453765997147,0.22605453765997147,0.0,0.0,2.7001692527769703,-2.7001692527769703,-0.22605453765997147,0.0,-0.22605453765997147,0.0,0.0,-0.0128940329861121,-0.015087714031981
2055128982744641589,mtrainier2020,2026-05-15,ai_tech,AI / 大模型,16.0,0.248,0.9042181506398859,0.2242461013586917,-0.2242461013586917,0.04484922027173834,0.0,0.2242461013586917,0.0,0.24752771243779703,0.9042181506398859,0.9042181506398859,0.2242461013586917,1.0274974121451002,0.0,-0.05726413548002397,0.0,-0.2238190503726263,-0.2242461013586917,-0.2242461013586917,-0.2242461013586917,0.0,0.0,0.0,0.2238190503726263,-0.2242461013586917,0.2242461013586917,0.0,0.0,2.4288308262591727,-2.4288308262591727,-0.2242461013586917,0.0,-0.2242461013586917,0.0,0.0,-0.0128940329861121,-0.015087714031981
2055372999138975785,mtrainier2020,2026-05-15,ai_tech,AI / 大模型,16.0,-0.2341,0.9042181506398859,-0.21167746906479729,0.21167746906479729,-0.04233549381295946,0.0,0.0,-0.21167746906479729,-0.1352305196017079,-0.9042181506398859,0.9042181506398859,-0.21167746906479729,-0.5613472833620986,0.0,0.383865265441649,0.0,0.12227789034432716,0.21167746906479729,0.21167746906479729,0.0,0.21167746906479729,0.0,0.12227789034432715,0.0,-0.21167746906479729,-0.21167746906479729,0.0,0.0,-2.1738318959205243,2.1738318959205243,0.21167746906479729,0.21167746906479729,0.0,0.0,0.0,,
2055375730750668880,mtrainier2020,2026-05-15,ai_tech,AI / 大模型,16.0,-0.2397,0.9042181506398859,-0.21674109070838063,0.21674109070838063,-0.04334821814167613,0.0,0.0,-0.21674109070838063,-0.234468521549246,-0.9042181506398859,0.9042181506398859,-0.21674109070838063,-0.9732881896279767,0.0,0.3569401149650949,0.0,0.21201069293852742,0.21674109070838063,0.21674109070838063,0.0,0.21674109070838063,0.0,0.21201069293852745,0.0,-0.21674109070838063,-0.21674109070838063,0.0,0.0,-2.5411372963029546,2.5411372963029546,0.21674109070838063,0.21674109070838063,0.0,0.0,0.0,,
2055379676865179845,mtrainier2020,2026-05-15,ai_tech,AI / 大模型,16.0,0.2217,0.9042181506398859,0.2004651639968627,-0.2004651639968627,0.04009303279937254,0.0,0.2004651639968627,0.0,0.2623765641520373,0.9042181506398859,0.9042181506398859,0.2004651639968627,1.0891355881676827,0.0,-0.08772307166054032,-0.2004651639968627,-0.23724565160880254,-0.2004651639968627,-0.2004651639968627,-0.2004651639968627,0.0,0.0,0.0,0.23724565160880254,-0.2004651639968627,0.2004651639968627,0.0,0.0,2.2924350900717987,-2.2924350900717987,-0.2004651639968627,0.0,-0.2004651639968627,0.0,0.0,,
2055458384359616705,mtrainier2020,2026-05-16,ai_tech,AI / 大模型,16.0,0.2498,0.9042181506398859,0.22587369402984347,-0.22587369402984347,0.0451747388059687,0.0,0.22587369402984347,0.0,0.3101131931967932,0.9042181506398859,0.9042181506398859,0.22587369402984347,1.2872922403055453,0.0,-0.1068656680034825,-0.22587369402984347,-0.28040997804143397,-0.22587369402984347,-0.22587369402984347,-0.22587369402984347,0.0,0.0,0.0,0.28040997804143397,-0.22587369402984347,0.22587369402984347,0.0,0.0,2.5456448609083635,-2.5456448609083635,-0.22587369402984347,0.0,-0.22587369402984347,0.0,0.0,,
2055471454796615855,mtrainier2020,2026-05-16,ai_tech,AI / 大模型,16.0,-0.1529,0.9042181506398859,-0.13825495523283857,0.13825495523283857,-0.027650991046567715,0.0,0.0,-0.13825495523283857,-0.10845588819196988,-0.9042181506398859,0.9042181506398859,-0.13825495523283857,-0.45020471991454875,0.0,0.26438735912609834,0.0,0.09806778264694926,0.0,0.13825495523283857,0.0,0.13825495523283857,0.0,0.09806778264694925,0.0,-0.13825495523283857,-0.13825495523283857,0.0,0.0,-1.4719696991254667,1.4719696991254667,0.13825495523283857,0.0,0.0,0.0,0.0,,
2055742741896642744,mubeitech,2026-05-16,unclassified,未分类,8.0,0.25,4.61512051684126,1.153780129210315,-1.153780129210315,0.230756025842063,0.0,1.153780129210315,0.0,0.25,4.61512051684126,4.61512051684126,1.153780129210315,0.5756462732485115,0.0,-1.153780129210315,0.0,-1.153780129210315,-1.153780129210315,-1.153780129210315,-1.153780129210315,0.0,0.0,0.0,1.153780129210315,-1.153780129210315,1.153780129210315,0.0,0.0,1.761661819462189,-1.761661819462189,-1.153780129210315,0.0,-1.153780129210315,0.0,0.0,,
2055761440473075756,mubeitech,2026-05-16,unclassified,未分类,8.0,0.25,4.61512051684126,1.153780129210315,-1.153780129210315,0.230756025842063,0.0,1.153780129210315,0.0,0.40051499783199057,4.61512051684126,4.61512051684126,1.153780129210315,0.9222198635284841,0.0,-1.153780129210315,-1.153780129210315,-1.8484249837970523,-1.153780129210315,-1.153780129210315,-1.153780129210315,0.0,0.0,0.0,1.8484249837970523,-1.153780129210315,1.153780129210315,0.0,0.0,1.8843575091466271,-1.8843575091466271,-1.153780129210315,0.0,-1.153780129210315,0.0,0.0,,
2055786408065880562,mubeitech,2026-05-16,unclassified,未分类,8.0,0.0658,4.61512051684126,0.3036749300081549,-0.3036749300081549,0.06073498600163098,0.0,0.3036749300081549,0.0,0.06278915712110758,4.61512051684126,4.61512051684126,0.3036749300081549,0.14457737718872324,0.0,-0.3036749300081549,0.0,-0.28977952726479306,0.0,-0.3036749300081549,0.0,0.0,0.0,0.0,0.0,-0.3036749300081549,0.3036749300081549,0.0,0.0,0.45198115085380347,-0.45198115085380347,-0.3036749300081549,0.0,0.0,0.0,0.0,,
2045082361134821788,nbblock,2026-04-17,ai_tech,AI / 大模型,31.0,0.4593,0.3074846997479606,0.1412277225942383,-0.1412277225942383,0.02824554451884766,0.0,0.1412277225942383,0.0,0.39575775886040904,0.3074846997479606,0.3074846997479606,0.1412277225942383,0.8229551242164456,0.0,-0.1412277225942383,0.0,-0.12168945565611866,-0.1412277225942383,-0.1412277225942383,-0.1412277225942383,0.0,0.0,0.0,0.12168945565611868,-0.1412277225942383,0.1412277225942383,0.0,0.0,3.6220771878355995,-3.6220771878355995,-0.1412277225942383,0.0,-0.1412277225942383,0.0,0.0,0.009712577878417,-0.0031748441644519
2045375769833259234,nbblock,2026-04-18,ai_tech,AI / 大模型,31.0,0.9968,0.3074846997479606,0.30650074870876715,-0.30650074870876715,0.061300149741753435,0.0,0.30650074870876715,0.0,0.7714993083279076,0.3074846997479606,0.3074846997479606,0.30650074870876715,1.6042877111143112,0.0,-0.30650074870876715,0.0,-0.23722423317696595,-0.30650074870876715,-0.30650074870876715,-0.30650074870876715,0.0,0.0,0.0,0.23722423317696595,-0.30650074870876715,0.30650074870876715,0.0,0.0,6.99326214074167,-6.99326214074167,-0.30650074870876715,0.0,-0.30650074870876715,0.0,0.0,-0.0036607168728265,-0.0031748441644519
2045876602220023984,nbblock,2026-04-19,ai_tech,AI / 大模型,31.0,-0.2485,0.3074846997479606,-0.07640994788736821,0.07640994788736821,-0.015281989577473643,0.0,0.0,-0.07640994788736821,-0.16566666666666668,-0.3074846997479606,0.3074846997479606,-0.07640994788736821,-0.3444941487382928,0.0,0.07640994788736821,0.0,0.05093996525824548,0.07640994788736821,0.07640994788736821,0.0,0.07640994788736821,0.0,0.05093996525824548,0.0,-0.07640994788736821,-0.07640994788736821,0.0,0.0,-1.809595304036226,1.809595304036226,0.07640994788736821,0.07640994788736821,0.0,0.0,0.0,-0.0036607168728265,-0.0031748441644519
2046065492063043685,nbblock,2026-04-20,ai_tech,AI / 大模型,31.0,0.2493,0.3074846997479606,0.07665593564716658,-0.07665593564716658,0.015331187129433316,0.0,0.07665593564716658,0.0,0.28747876750875945,0.3074846997479606,0.3074846997479606,0.07665593564716658,0.5977952915086338,0.0,0.047116905491379174,-0.07665593564716658,-0.08839532251134467,-0.07665593564716658,-0.07665593564716658,-0.07665593564716658,0.0,0.0,0.0,0.08839532251134467,-0.07665593564716658,0.07665593564716658,0.0,0.0,2.1320570181656526,-2.1320570181656526,-0.07665593564716658,0.0,-0.07665593564716658,0.0,0.0,-0.0036607168728265,-0.0031748441644519
2046439392265589090,nbblock,2026-04-21,ai_tech,AI / 大模型,31.0,0.1923,0.3074846997479606,0.05912930776153282,-0.05912930776153282,0.011825861552306565,0.0,0.05912930776153282,0.0,0.301298185932844,0.3074846997479606,0.3074846997479606,0.05912930776153282,0.626531964261531,0.0,0.05286430700416814,-0.05912930776153282,-0.09264458223616576,0.0,-0.05912930776153282,-0.05912930776153282,0.0,0.0,0.0,0.09264458223616576,-0.05912930776153282,0.05912930776153282,0.0,0.0,1.7825892596853983,-1.7825892596853983,-0.05912930776153282,0.0,0.0,0.0,0.0,0.0037079538119486,0.0167305076215558
2046462540620992634,nbblock,2026-04-21,ai_tech,AI / 大模型,31.0,0.4999,0.3074846997479606,0.1537116014040055,-0.1537116014040055,0.0307423202808011,0.0,0.1537116014040055,0.0,0.3332666666666667,0.3074846997479606,0.3074846997479606,0.1537116014040055,0.6930085511238333,0.0,-0.05229084803913818,0.0,-0.10247440093600367,-0.1537116014040055,-0.1537116014040055,-0.1537116014040055,0.0,0.0,0.0,0.10247440093600368,-0.1537116014040055,0.1537116014040055,0.0,0.0,3.76475506440575,-3.76475506440575,-0.1537116014040055,0.0,-0.1537116014040055,0.0,0.0,0.0037079538119486,0.0167305076215558
2046465348397064521,nbblock,2026-04-21,ai_tech,AI / 大模型,31.0,0.052,0.3074846997479606,0.01598920438689395,-0.01598920438689395,0.0031978408773787903,0.0,0.01598920438689395,0.0,0.1793779546733387,0.3074846997479606,0.3074846997479606,0.01598920438689395,0.37300597060930313,0.0,0.09414669031782975,-0.01598920438689395,-0.04796761316068185,0.0,-0.01598920438689395,0.0,0.0,0.0,0.0,0.0,-0.01598920438689395,0.01598920438689395,0.0,0.0,0.6892155785512181,-0.6892155785512181,-0.01598920438689395,0.0,0.0,0.0,0.0,0.0037079538119486,0.0167305076215558
2046561827082137838,nbblock,2026-04-21,ai_tech,AI / 大模型,31.0,0.2326,0.3074846997479606,0.07152094116137564,-0.07152094116137564,0.014304188232275129,0.0,0.07152094116137564,0.0,0.26822126483167846,0.3074846997479606,0.3074846997479606,0.07152094116137564,0.557750440452901,0.0,0.025165426355086676,-0.07152094116137564,-0.08247393508278689,-0.07152094116137564,-0.07152094116137564,-0.07152094116137564,0.0,0.0,0.0,0.08247393508278687,-0.07152094116137564,0.07152094116137564,0.0,0.0,1.8801822344037111,-1.8801822344037111,-0.07152094116137564,0.0,-0.07152094116137564,0.0,0.0,0.0037079538119486,0.0167305076215558
2046854770749837483,nbblock,2026-04-22,ai_tech,AI / 大模型,31.0,0.0507,0.3074846997479606,0.015589474277221604,-0.015589474277221604,0.003117894855444321,0.0,0.015589474277221604,0.0,0.03924058480359643,0.3074846997479606,0.3074846997479606,0.015589474277221604,0.08159850216040888,0.0,0.07795121494485485,0.0,-0.012065879436268233,0.0,-0.015589474277221604,0.0,0.0,0.0,0.0,0.0,-0.015589474277221604,0.015589474277221604,0.0,0.0,0.35904262531555264,-0.35904262531555264,-0.015589474277221604,0.0,0.0,0.0,0.0,0.0131619483503229,-0.0056326456990668
2046909707538067790,nbblock,2026-04-22,ai_tech,AI / 大模型,31.0,-0.2427,0.3074846997479606,-0.07462653662883004,0.07462653662883004,-0.014925307325766008,0.0,0.0,-0.07462653662883004,-0.20912346630834155,-0.3074846997479606,0.3074846997479606,-0.07462653662883004,-0.43486002318164896,0.0,0.15950597974592265,0.0,0.06430226624807316,0.07462653662883004,0.07462653662883004,0.0,0.07462653662883004,0.0,0.06430226624807316,0.0,-0.07462653662883004,-0.07462653662883004,0.0,0.0,-1.901310912132886,1.901310912132886,0.07462653662883004,0.07462653662883004,0.0,0.0,0.0,0.0131619483503229,-0.0056326456990668
2047155374692982973,nbblock,2026-04-23,ai_tech,AI / 大模型,31.0,0.9998,0.3074846997479606,0.307423202808011,-0.307423202808011,0.0614846405616022,0.0,0.307423202808011,0.0,0.773821236422795,0.3074846997479606,0.3074846997479606,0.307423202808011,1.6091160248516134,0.0,-0.2384943576655107,0.0,-0.2379381905400587,-0.307423202808011,-0.307423202808011,-0.307423202808011,0.0,0.0,0.0,0.23793819054005877,-0.307423202808011,0.307423202808011,0.0,0.0,6.835965348122654,-6.835965348122654,-0.307423202808011,0.0,-0.307423202808011,0.0,0.0,-0.0023813847436897,-0.0056326456990668
2047622309142540292,nbblock,2026-04-24,ai_tech,AI / 大模型,31.0,-0.2494,0.3074846997479606,-0.07668668411714138,0.07668668411714138,-0.015337336823428277,0.0,0.0,-0.07668668411714138,-0.1662666666666667,-0.3074846997479606,0.3074846997479606,-0.07668668411714138,-0.3457418136633007,0.0,0.16729683450196087,0.0,0.05112445607809426,0.07668668411714138,0.07668668411714138,0.0,0.07668668411714138,0.0,0.05112445607809426,0.0,-0.07668668411714138,-0.07668668411714138,0.0,0.0,-1.7294386641561823,1.7294386641561823,0.07668668411714138,0.07668668411714138,0.0,0.0,0.0,0.0103314990272846,0.0005271669328243
2049121423114027274,nbblock,2026-04-28,ai_tech,AI / 大模型,31.0,-0.1985,0.3074846997479606,-0.06103571289997019,0.06103571289997019,-0.012207142579994038,0.0,0.0,-0.06103571289997019,-0.13233333333333336,-0.3074846997479606,0.3074846997479606,-0.06103571289997019,-0.2751794306822983,0.0,0.13770446040962628,0.0,0.0406904752666468,0.0,0.06103571289997019,0.0,0.06103571289997019,0.0,0.04069047526664679,0.0,-0.06103571289997019,-0.06103571289997019,0.0,0.0,-1.4078758826209739,1.4078758826209739,0.06103571289997019,0.0,0.0,0.0,0.0,-0.0035428121276603,0.0061136333448092
2049366853596917760,nbblock,2026-04-29,ai_tech,AI / 大模型,31.0,-0.5,0.3074846997479606,-0.1537423498739803,0.1537423498739803,-0.030748469974796064,0.0,0.0,-0.1537423498739803,-1.218813825880726,-0.3074846997479606,0.3074846997479606,-0.1537423498739803,-2.5344521011101158,0.0,0.2198184465828959,0.1537423498739803,0.37476660329959816,0.1537423498739803,0.1537423498739803,0.0,0.1537423498739803,0.0,0.37476660329959816,0.0,-0.1537423498739803,-0.1537423498739803,0.0,0.0,-5.514265389714563,5.514265389714563,0.1537423498739803,0.1537423498739803,0.0,0.0,0.1537423498739803,0.0037866542066102,0.0093262736246331
2049689349969862719,nbblock,2026-04-30,ai_tech,AI / 大模型,31.0,0.25,0.3074846997479606,0.07687117493699015,-0.07687117493699015,0.015374234987398032,0.0,0.07687117493699015,0.0,0.23394624350480037,0.3074846997479606,0.3074846997479606,0.07687117493699015,0.4864775372638283,0.0,-0.026496395841138547,0.0,-0.07193489044123683,-0.07687117493699015,-0.07687117493699015,-0.07687117493699015,0.0,0.0,0.0,0.07193489044123683,-0.07687117493699015,0.07687117493699015,0.0,0.0,1.7938724284060554,-1.7938724284060554,-0.07687117493699015,0.0,-0.07687117493699015,0.0,0.0,-0.0037034587110436,0.0093262736246331
2049691422555803902,nbblock,2026-04-30,ai_tech,AI / 大模型,31.0,0.5706,0.3074846997479606,0.17545076967618634,-0.17545076967618634,0.03509015393523727,0.0,0.17545076967618634,0.0,0.44163072364757633,0.3074846997479606,0.3074846997479606,0.17545076967618634,0.9183452728348976,0.0,-0.12330956419092548,0.0,-0.13579469046024958,-0.17545076967618634,-0.17545076967618634,-0.17545076967618634,0.0,0.0,0.0,0.13579469046024958,-0.17545076967618634,0.17545076967618634,0.0,0.0,4.20545360421512,-4.20545360421512,-0.17545076967618634,0.0,-0.17545076967618634,0.0,0.0,-0.0037034587110436,0.0093262736246331
2049729470219915620,nbblock,2026-04-30,ai_tech,AI / 大模型,31.0,1.0,0.3074846997479606,0.3074846997479606,-0.3074846997479606,0.06149693994959213,0.0,0.3074846997479606,0.0,1.1531438728790993,0.3074846997479606,0.3074846997479606,0.3074846997479606,2.3978952727983707,0.0,-0.2530619577905699,-0.3074846997479606,-0.3545740975184303,-0.3074846997479606,-0.3074846997479606,-0.3074846997479606,0.0,0.0,0.0,0.3545740975184303,-0.3074846997479606,0.3074846997479606,0.0,0.0,7.224753405767971,-7.224753405767971,-0.3074846997479606,0.0,-0.3074846997479606,0.0,0.0,-0.0037034587110436,0.0095995960604928
2050074762815119619,nbblock,2026-05-01,ai_tech,AI / 大模型,31.0,0.2371,0.3074846997479606,0.07290462231024146,-0.07290462231024146,0.014580924462048292,0.0,0.07290462231024146,0.0,0.18350971709926453,0.3074846997479606,0.3074846997479606,0.07290462231024146,0.38159772903812517,0.0,-0.01841628361690452,0.0,-0.05642643026310055,-0.07290462231024146,-0.07290462231024146,-0.07290462231024146,0.0,0.0,0.0,0.05642643026310055,-0.07290462231024146,0.07290462231024146,0.0,0.0,1.7639195121955102,-1.7639195121955102,-0.07290462231024146,0.0,-0.07290462231024146,0.0,0.0,0.0109276672560474,-0.0018838826451929
2052308367788609538,nbblock,2026-05-07,ai_tech,AI / 大模型,31.0,1.0,0.3074846997479606,0.3074846997479606,-0.3074846997479606,0.06149693994959213,0.0,0.3074846997479606,0.0,0.9357849740192015,0.3074846997479606,0.3074846997479606,0.3074846997479606,1.9459101490553132,0.0,-0.24304205637478302,0.0,-0.2877395617649473,-0.3074846997479606,-0.3074846997479606,-0.3074846997479606,0.0,0.0,0.0,0.2877395617649473,-0.3074846997479606,0.3074846997479606,0.0,0.0,6.70073110954781,-6.70073110954781,-0.12299387989918421,0.0,-0.3074846997479606,0.0,0.0,0.0056498692103845,0.0234408408929045
2052986534639587395,nbblock,2026-05-09,ai_tech,AI / 大模型,31.0,0.2139,0.3074846997479606,0.06577097727608877,-0.06577097727608877,0.013154195455217755,0.0,0.06577097727608877,0.0,0.38447223224412563,0.3074846997479606,0.3074846997479606,0.06577097727608877,0.7994875313508125,0.0,0.01406025037047508,-0.06577097727608877,-0.11821932889301315,-0.06577097727608877,-0.06577097727608877,-0.06577097727608877,0.0,0.0,0.0,0.11821932889301315,-0.06577097727608877,0.06577097727608877,0.0,0.0,2.020339911644423,-2.020339911644423,-0.06577097727608877,0.0,-0.06577097727608877,0.0,0.0,-0.0017999582175547,0.0028963874065546
2052991717629108271,nbblock,2026-05-09,ai_tech,AI / 大模型,31.0,0.25,0.3074846997479606,0.07687117493699015,-0.07687117493699015,0.015374234987398032,0.0,0.07687117493699015,0.0,0.51906822420799,0.3074846997479606,0.3074846997479606,0.07687117493699015,1.0793720283840775,0.0,0.003402830677210765,-0.07687117493699015,-0.15960553706930092,-0.07687117493699015,-0.07687117493699015,-0.07687117493699015,0.0,0.0,0.0,0.15960553706930092,-0.07687117493699015,0.07687117493699015,0.0,0.0,2.425006017997186,-2.425006017997186,-0.07687117493699015,0.0,-0.07687117493699015,0.0,0.0,-0.0017999582175547,0.0028963874065546
2053319208151445850,nbblock,2026-05-10,ai_tech,AI / 大模型,31.0,0.2496,0.3074846997479606,0.07674818105709097,-0.07674818105709097,0.015349636211418195,0.0,0.07674818105709097,0.0,0.3763603547439435,0.3074846997479606,0.3074846997479606,0.07674818105709097,0.7826193562959157,0.0,-0.001596870540691065,-0.07674818105709097,-0.11572505067547742,-0.07674818105709097,-0.07674818105709097,-0.07674818105709097,0.0,0.0,0.0,0.11572505067547742,-0.07674818105709097,0.07674818105709097,0.0,0.0,1.9968035177820467,-1.9968035177820467,-0.07674818105709097,0.0,-0.07674818105709097,0.0,0.0,-0.0017999582175547,0.0028963874065546
2053515341498851434,nbblock,2026-05-10,ai_tech,AI / 大模型,31.0,0.2167,0.3074846997479606,0.06663193443538307,-0.06663193443538307,0.013326386887076614,0.0,0.06663193443538307,0.0,0.11448712463542488,0.3074846997479606,0.3074846997479606,0.06663193443538307,0.2380692829543794,0.0,0.012569974525696638,0.0,-0.03520303914353096,-0.06663193443538307,-0.06663193443538307,-0.06663193443538307,0.0,0.0,0.0,0.03520303914353096,-0.06663193443538307,0.06663193443538307,0.0,0.0,1.5624242554246097,-1.5624242554246097,-0.06663193443538307,0.0,-0.06663193443538307,0.0,0.0,-0.0017999582175547,0.0028963874065546
2053646745809432785,nbblock,2026-05-11,ai_tech,AI / 大模型,31.0,0.5002,0.3074846997479606,0.1538038468139299,-0.1538038468139299,0.03076076936278598,0.0,0.1538038468139299,0.0,0.5285321619071484,0.3074846997479606,0.3074846997479606,0.1538038468139299,1.099051733583577,0.0,-0.07492787163458303,-0.1538038468139299,-0.16251555311116,-0.1538038468139299,-0.1538038468139299,-0.1538038468139299,0.0,0.0,0.0,0.16251555311116,-0.1538038468139299,0.1538038468139299,0.0,0.0,3.8094186942323236,-3.8094186942323236,-0.1538038468139299,0.0,-0.1538038468139299,0.0,0.0,-0.0017999582175547,0.0028963874065546
2053842630128374006,nbblock,2026-05-11,ai_tech,AI / 大模型,31.0,0.25,0.3074846997479606,0.07687117493699015,-0.07687117493699015,0.015374234987398032,0.0,0.07687117493699015,0.0,0.41284969253223963,0.3074846997479606,0.3074846997479606,0.07687117493699015,0.8584968011212866,0.0,0.011219091744803922,-0.07687117493699015,-0.12694496374931355,-0.07687117493699015,-0.07687117493699015,-0.07687117493699015,0.0,0.0,0.0,0.12694496374931355,-0.07687117493699015,0.07687117493699015,0.0,0.0,2.2650827761623686,-2.2650827761623686,-0.07687117493699015,0.0,-0.07687117493699015,0.0,0.0,0.0005757338507255,-0.008481806809764
2054029093113675777,nbblock,2026-05-12,ai_tech,AI / 大模型,31.0,0.25,0.3074846997479606,0.07687117493699015,-0.07687117493699015,0.015374234987398032,0.0,0.07687117493699015,0.0,0.2882859682197748,0.3074846997479606,0.3074846997479606,0.07687117493699015,0.5994738181995927,0.0,0.021318939182525278,-0.07687117493699015,-0.08864352437960757,-0.07687117493699015,-0.07687117493699015,-0.07687117493699015,0.0,0.0,0.0,0.08864352437960757,-0.07687117493699015,0.07687117493699015,0.0,0.0,1.7995458942754858,-1.7995458942754858,-0.07687117493699015,0.0,-0.07687117493699015,0.0,0.0,-0.0116490863849201,-0.008481806809764
2054037479653793918,nbblock,2026-05-12,ai_tech,AI / 大模型,31.0,-0.2489,0.3074846997479606,-0.0765329417672674,0.0765329417672674,-0.01530658835345348,0.0,0.0,-0.0765329417672674,-0.307013148615106,-0.3074846997479606,0.3074846997479606,-0.0765329417672674,-0.6384158950721766,0.0,0.15935292069538146,0.0765329417672674,0.09440184582059186,0.0765329417672674,0.0765329417672674,0.0,0.0765329417672674,0.0,0.09440184582059187,0.0,-0.0765329417672674,-0.0765329417672674,0.0,0.0,-2.39784693734945,2.39784693734945,0.0765329417672674,0.0765329417672674,0.0,0.0,0.0765329417672674,-0.0116490863849201,-0.008481806809764
2054078404237169076,nbblock,2026-05-12,ai_tech,AI / 大模型,31.0,-0.2164,0.3074846997479606,-0.06653968902545868,0.06653968902545868,-0.013307937805091735,0.0,0.0,-0.06653968902545868,-0.2164,-0.3074846997479606,0.3074846997479606,-0.06653968902545868,-0.4499911496195165,0.0,0.14936991744356432,0.0,0.06653968902545868,0.06653968902545868,0.06653968902545868,0.0,0.06653968902545868,0.0,0.06653968902545868,0.0,-0.06653968902545868,-0.06653968902545868,0.0,0.0,-1.7687007001922919,1.7687007001922919,0.06653968902545868,0.06653968902545868,0.0,0.0,0.06653968902545868,-0.0116490863849201,0.0105622304188508
2054524506170143085,nbblock,2026-05-13,ai_tech,AI / 大模型,31.0,0.2485,0.3074846997479606,0.07640994788736821,-0.07640994788736821,0.015281989577473643,0.0,0.07640994788736821,0.0,0.08283333333333334,0.3074846997479606,0.3074846997479606,0.07640994788736821,0.1722470743691464,0.0,0.006053348789038191,0.0,-0.038204973943684106,-0.07640994788736821,-0.07640994788736821,-0.07640994788736821,0.0,0.0,0.0,0.02546998262912274,-0.07640994788736821,0.07640994788736821,0.0,0.0,1.801782924706822,-1.801782924706822,-0.07640994788736821,0.0,-0.07640994788736821,0.0,0.0,0.0022482547976074,0.0071077162744499
2054849795983089845,nbblock,2026-05-14,ai_tech,AI / 大模型,31.0,0.25,0.3074846997479606,0.07687117493699015,-0.07687117493699015,0.015374234987398032,0.0,0.07687117493699015,0.0,0.21541354172676302,0.3074846997479606,0.3074846997479606,0.07687117493699015,0.44793986730701374,0.0,0.020935608256839485,0.0,-0.06623636819949852,-0.07687117493699015,-0.07687117493699015,-0.07687117493699015,0.0,0.0,0.0,0.06623636819949852,-0.07687117493699015,0.07687117493699015,0.0,0.0,2.0015085446872525,-2.0015085446872525,-0.07687117493699015,0.0,-0.07687117493699015,0.0,0.0,0.0051926185114692,-0.015087714031981
2054876511698932087,nbblock,2026-05-14,ai_tech,AI / 大模型,31.0,0.2498,0.3074846997479606,0.07680967799704055,-0.07680967799704055,0.015361935599408112,0.0,0.07680967799704055,0.0,0.2152412108933816,0.3074846997479606,0.3074846997479606,0.07680967799704055,0.4475815154131681,0.0,0.020997105196789077,0.0,-0.0661833791049389,-0.07680967799704055,-0.07680967799704055,-0.07680967799704055,0.0,0.0,0.0,0.0661833791049389,-0.07680967799704055,0.07680967799704055,0.0,0.0,2.0732237356690826,-2.0732237356690826,-0.07680967799704055,0.0,-0.07680967799704055,0.0,0.0,0.0051926185114692,-0.015087714031981
2054932070074601742,nbblock,2026-05-14,ai_tech,AI / 大模型,31.0,0.5042,0.3074846997479606,0.15503378561292172,-0.15503378561292172,0.031006757122584345,0.0,0.15503378561292172,0.0,0.7263720484807361,0.3074846997479606,0.3074846997479606,0.15503378561292172,1.5104482123259222,0.0,-0.06380307519770181,-0.15503378561292172,-0.2233482912324102,-0.15503378561292172,-0.15503378561292172,-0.15503378561292172,0.0,0.0,0.0,0.22334829123241023,-0.15503378561292172,0.15503378561292172,0.0,0.0,4.253203907837841,-4.253203907837841,-0.15503378561292172,0.0,-0.15503378561292172,0.0,0.0,0.0044347561895412,-0.015087714031981
2054953238127165620,nbblock,2026-05-14,ai_tech,AI / 大模型,31.0,-0.248,0.3074846997479606,-0.07625620553749424,0.07625620553749424,-0.015251241107498849,0.0,0.0,-0.07625620553749424,-0.248,-0.3074846997479606,0.3074846997479606,-0.07625620553749424,-0.5157015023365993,0.0,0.15732352167704486,0.0,0.07625620553749424,0.07625620553749424,0.07625620553749424,0.0,0.07625620553749424,0.0,0.07625620553749424,0.0,-0.07625620553749424,-0.07625620553749424,0.0,0.0,-1.8575127829110305,1.8575127829110305,0.07625620553749424,0.07625620553749424,0.0,0.0,0.07625620553749424,-0.0007485451723786,-0.015087714031981
2054955719200555497,nbblock,2026-05-14,ai_tech,AI / 大模型,31.0,-0.2486,0.3074846997479606,-0.076440696357343,0.076440696357343,-0.015288139271468602,0.0,0.0,-0.076440696357343,-0.4723764379766252,-0.3074846997479606,0.3074846997479606,-0.076440696357343,-0.9822791884393428,0.0,0.1475639573070446,0.076440696357343,0.14524852719925374,0.076440696357343,0.076440696357343,0.0,0.076440696357343,0.0,0.14524852719925374,0.0,-0.076440696357343,-0.076440696357343,0.0,0.0,-2.560332227785949,2.560332227785949,0.076440696357343,0.076440696357343,0.0,0.0,0.076440696357343,-0.0008867293336084,-0.015087714031981
2054961586138415484,nbblock,2026-05-14,ai_tech,AI / 大模型,31.0,-0.1524,0.3074846997479606,-0.0468606682415892,0.0468606682415892,-0.00937213364831784,0.0,0.0,-0.0468606682415892,-0.050800000000000005,-0.3074846997479606,0.3074846997479606,-0.0468606682415892,-0.10563563031733567,0.0,0.09238890278427056,0.0,0.0234303341207946,0.0,0.0468606682415892,0.0,0.0468606682415892,0.0,0.0156202227471964,0.0,-0.0468606682415892,-0.0468606682415892,0.0,0.0,-1.2680733954277839,1.2680733954277839,0.0468606682415892,0.0,0.0,0.0,0.0,-0.0026225435250674,-0.015087714031981
2054963474875515114,nbblock,2026-05-14,ai_tech,AI / 大模型,31.0,-0.2496,0.3074846997479606,-0.07674818105709097,0.07674818105709097,-0.015349636211418195,0.0,0.0,-0.07674818105709097,-0.2150688800600002,-0.3074846997479606,0.3074846997479606,-0.07674818105709097,-0.4472231635193225,0.0,0.11476763923192713,0.0,0.06613039001037932,0.07674818105709097,0.07674818105709097,0.0,0.07674818105709097,0.0,0.0661303900103793,0.0,-0.07674818105709097,-0.07674818105709097,0.0,0.0,-1.990615121327891,1.990615121327891,0.07674818105709097,0.07674818105709097,0.0,0.0,0.0,-0.001763401636333,-0.015087714031981
2055129192015315137,nbblock,2026-05-15,ai_tech,AI / 大模型,31.0,0.25,0.3074846997479606,0.07687117493699015,-0.07687117493699015,0.015374234987398032,0.0,0.07687117493699015,0.0,0.5341159113448085,0.3074846997479606,0.3074846997479606,0.07687117493699015,1.1106628141225792,0.0,-0.049093007161759385,-0.07687117493699015,-0.16423247063046678,-0.07687117493699015,-0.07687117493699015,-0.07687117493699015,0.0,0.0,0.0,0.16423247063046678,-0.07687117493699015,0.07687117493699015,0.0,0.0,2.645164444643233,-2.645164444643233,-0.07687117493699015,0.0,-0.07687117493699015,0.0,0.0,-0.0128940329861121,-0.015087714031981
2055473881323049191,nbblock,2026-05-16,ai_tech,AI / 大模型,31.0,-0.2448,0.3074846997479606,-0.07527225449830076,0.07527225449830076,-0.015054450899660152,0.0,0.0,-0.07527225449830076,-0.35841310169874685,-0.3074846997479606,0.3074846997479606,-0.07527225449830076,-0.745299092754694,0.0,0.1030586218655248,0.07527225449830076,0.11020654496157446,0.07527225449830076,0.07527225449830076,0.0,0.07527225449830076,0.0,0.11020654496157445,0.0,-0.07527225449830076,-0.07527225449830076,0.0,0.0,-2.348520143002185,2.348520143002185,0.07527225449830076,0.07527225449830076,0.0,0.0,0.07527225449830076,,
2055684184543531284,nbblock,2026-05-16,ai_tech,AI / 大模型,31.0,0.25,0.3074846997479606,0.07687117493699015,-0.07687117493699015,0.015374234987398032,0.0,0.07687117493699015,0.0,0.3172795768381337,0.3074846997479606,0.3074846997479606,0.07687117493699015,0.6597643324038146,0.0,-0.0585450868320117,-0.07687117493699015,-0.09755861542023353,-0.07687117493699015,-0.07687117493699015,-0.07687117493699015,0.0,0.0,0.0,0.09755861542023353,-0.07687117493699015,0.07687117493699015,0.0,0.0,2.141352940921678,-2.141352940921678,-0.07687117493699015,0.0,-0.07687117493699015,0.0,0.0,,
seed_nbblock,nbblock,2026-05-17,ai_tech,AI / 大模型,29.0,0.25,0.3074846997479606,0.07687117493699015,-0.07687117493699015,0.015374234987398032,0.0,0.07687117493699015,0.0,0.0,0.3074846997479606,0.3074846997479606,0.07687117493699015,0.0,0.0,-0.06367393162380768,0.0,-0.038435587468495076,-0.07687117493699015,-0.07687117493699015,-0.07687117493699015,0.0,0.0,0.0,0.0,-0.07687117493699015,0.07687117493699015,0.0,0.0,2.3481863146578603,-2.3481863146578603,-0.07687117493699015,0.0,-0.07687117493699015,0.0,0.0,,
2052948453794398706,ohxiyu,2026-05-09,unclassified,未分类,5.0,0.2377,2.2321626286975,0.5305850568413958,-0.5305850568413958,0.10611701136827917,0.0,0.5305850568413958,0.0,0.275961154077363,2.2321626286975,2.2321626286975,0.5305850568413958,0.3825633917855856,0.0,-0.5305850568413958,-0.5305850568413958,-0.6159901751037224,-0.5305850568413958,-0.5305850568413958,-0.5305850568413958,0.0,0.0,0.0,0.6159901751037224,-0.5305850568413958,0.5305850568413958,0.0,0.0,1.7345185319266312,-1.7345185319266312,-0.5305850568413958,0.0,-0.5305850568413958,0.0,0.0,,
2053722936398549316,ohxiyu,2026-05-11,unclassified,未分类,5.0,-1.0,2.2321626286975,-2.2321626286975,2.2321626286975,-0.44643252573950004,0.0,0.0,-2.2321626286975,-1.160964047443681,-2.2321626286975,2.2321626286975,-2.2321626286975,-1.6094379124341003,0.0,2.2321626286975,2.2321626286975,2.5914605599651765,2.2321626286975,2.2321626286975,0.0,2.2321626286975,0.0,2.5914605599651765,0.0,-2.2321626286975,-2.2321626286975,0.0,0.0,-7.716906135298388,7.716906135298388,1.3392975772185,2.2321626286975,0.0,0.0,2.2321626286975,,
2053852217246208132,ohxiyu,2026-05-11,unclassified,未分类,7.0,0.9998,2.2321626286975,2.2317161961717606,-2.2317161961717606,0.44634323923435215,0.0,2.2317161961717606,0.0,2.349749815098732,2.2321626286975,2.2321626286975,2.2317161961717606,3.257444918713878,0.0,-2.2317161961717606,-2.2317161961717606,-5.245023724052251,-2.2317161961717606,-2.2317161961717606,-2.2317161961717606,0.0,0.0,0.0,5.245023724052251,-2.2317161961717606,2.2317161961717606,0.0,0.0,8.558157491803534,-8.558157491803534,-1.3388511446927605,0.0,-2.2317161961717606,0.0,0.0,,
2053858515165511779,ohxiyu,2026-05-11,unclassified,未分类,7.0,-0.065,2.2321626286975,-0.1450905708653375,0.1450905708653375,-0.029018114173067502,0.0,0.0,-0.1450905708653375,-0.051511281273437584,-2.2321626286975,2.2321626286975,-0.1450905708653375,-0.07140979876342714,0.0,0.3218034456372229,0.0,0.11498155701489274,0.0,0.1450905708653375,0.0,0.0,0.0,0.0,0.0,-0.1450905708653375,-0.1450905708653375,0.0,0.0,-0.5063414563385559,0.5063414563385559,0.1450905708653375,0.0,0.0,0.0,0.0,,
2054032406970356135,ohxiyu,2026-05-12,unclassified,未分类,7.0,-0.25,2.2321626286975,-0.558040657174375,0.558040657174375,-0.11160813143487501,0.0,0.0,-0.558040657174375,-0.6009193652572005,-2.2321626286975,2.2321626286975,-0.558040657174375,-0.833051127543801,0.0,0.6543026705369548,0.558040657174375,1.3413497499877458,0.558040657174375,0.558040657174375,0.0,0.558040657174375,0.0,1.3413497499877458,0.0,-0.558040657174375,-0.558040657174375,0.0,0.0,-2.315970284726053,2.315970284726053,0.558040657174375,0.558040657174375,0.0,0.0,0.558040657174375,,
2054138674452049953,ohxiyu,2026-05-12,unclassified,未分类,7.0,0.2016,2.2321626286975,0.450003985945416,-0.450003985945416,0.09000079718908321,0.0,0.450003985945416,0.0,0.2016,2.2321626286975,2.2321626286975,0.450003985945416,0.27947694320176997,0.0,-0.48460250669022725,0.0,-0.450003985945416,-0.450003985945416,-0.450003985945416,-0.450003985945416,0.0,0.0,0.0,0.450003985945416,-0.450003985945416,0.450003985945416,0.0,0.0,1.3435448585026422,-1.3435448585026422,-0.450003985945416,0.0,-0.450003985945416,0.0,0.0,,
2054414731461710007,ohxiyu,2026-05-13,unclassified,未分类,7.0,0.6844,2.2321626286975,1.527692103080569,-1.527692103080569,0.3055384206161138,0.0,1.527692103080569,0.0,0.6844,2.2321626286975,2.2321626286975,1.527692103080569,0.9487798607504532,0.0,-1.481523539377009,0.0,-1.527692103080569,-1.527692103080569,-1.527692103080569,-1.527692103080569,0.0,0.0,0.0,1.527692103080569,-1.527692103080569,1.527692103080569,0.0,0.0,4.91871505836972,-4.91871505836972,-1.527692103080569,0.0,-1.527692103080569,0.0,0.0,,
2054748758655852580,ohxiyu,2026-05-14,unclassified,未分类,7.0,0.244,2.2321626286975,0.54464768140219,-0.54464768140219,0.108929536280438,0.0,0.54464768140219,0.0,0.122,2.2321626286975,2.2321626286975,0.54464768140219,0.16912791205662664,0.0,-0.28683289778762877,0.0,-0.272323840701095,-0.54464768140219,-0.54464768140219,-0.54464768140219,0.0,0.0,0.0,0.272323840701095,-0.54464768140219,0.54464768140219,0.0,0.0,1.6793147429234747,-1.6793147429234747,-0.54464768140219,0.0,-0.54464768140219,0.0,0.0,,
2054752732494631369,ohxiyu,2026-05-14,unclassified,未分类,7.0,-0.1645,2.2321626286975,-0.3671907524207388,0.3671907524207388,-0.07343815048414776,0.0,0.0,-0.3671907524207388,-0.19097858580448554,-2.2321626286975,2.2321626286975,-0.3671907524207388,-0.2647525365954095,0.0,0.6608596482587537,0.3671907524207388,0.42629526211427154,0.0,0.3671907524207388,0.0,0.3671907524207388,0.0,0.4262952621142715,0.0,-0.3671907524207388,-0.3671907524207388,0.0,0.0,-1.2343818028319775,1.2343818028319775,0.3671907524207388,0.0,0.0,0.0,0.3671907524207388,,
2054760520641900799,ohxiyu,2026-05-14,unclassified,未分类,7.0,-0.2456,2.2321626286975,-0.548219141608106,0.548219141608106,-0.10964382832162121,0.0,0.0,-0.548219141608106,-0.194633395088558,-2.2321626286975,2.2321626286975,-0.548219141608106,-0.26981917809688777,0.0,0.7684591876395928,0.0,0.43445339081319473,0.548219141608106,0.548219141608106,0.0,0.548219141608106,0.0,0.43445339081319473,0.0,-0.548219141608106,-0.548219141608106,0.0,0.0,-1.7861010452152035,1.7861010452152035,0.548219141608106,0.548219141608106,0.0,0.0,0.0,,
2054764990037713353,ohxiyu,2026-05-14,unclassified,未分类,7.0,0.2412,2.2321626286975,0.538397626041837,-0.538397626041837,0.10767952520836742,0.0,0.538397626041837,0.0,0.19114647758697145,2.2321626286975,2.2321626286975,0.538397626041837,0.2649852840267481,0.0,-0.3950034987743096,0.0,-0.426670023876802,-0.538397626041837,-0.538397626041837,-0.538397626041837,0.0,0.0,0.0,0.426670023876802,-0.538397626041837,0.538397626041837,0.0,0.0,1.731649082244373,-1.731649082244373,-0.538397626041837,0.0,-0.538397626041837,0.0,0.0,,
2055166795884208204,ohxiyu,2026-05-15,unclassified,未分类,7.0,0.1837,2.2321626286975,0.41004827489173074,-0.41004827489173074,0.08200965497834616,0.0,0.41004827489173074,0.0,0.09185,2.2321626286975,2.2321626286975,0.41004827489173074,0.12733113706886195,0.0,-0.23074473864472064,0.0,-0.20502413744586537,0.0,-0.41004827489173074,-0.41004827489173074,0.0,0.0,0.0,0.20502413744586537,-0.41004827489173074,0.41004827489173074,0.0,0.0,1.144539441920167,-1.144539441920167,-0.41004827489173074,0.0,0.0,0.0,0.0,,
2055495561596576013,ohxiyu,2026-05-16,unclassified,未分类,7.0,-0.2486,2.2321626286975,-0.5549156294941985,0.5549156294941985,-0.1109831258988397,0.0,0.0,-0.5549156294941985,-0.1970108388396397,-2.2321626286975,2.2321626286975,-0.5549156294941985,-0.2731150149628921,0.0,0.753447893961602,0.0,0.43976023190618974,0.5549156294941985,0.5549156294941985,0.0,0.5549156294941985,0.0,0.43976023190618974,0.0,-0.5549156294941985,-0.5549156294941985,0.0,0.0,-2.0181121630764522,2.0181121630764522,0.5549156294941985,0.5549156294941985,0.0,0.0,0.0,,
2055499658357862594,ohxiyu,2026-05-16,unclassified,未分类,7.0,0.2422,2.2321626286975,0.5406297886705345,-0.5406297886705345,0.1081259577341069,0.0,0.5406297886705345,0.0,0.2422,2.2321626286975,2.2321626286975,0.5406297886705345,0.3357604942632375,0.0,-0.40005505450786966,0.0,-0.5406297886705345,-0.5406297886705345,-0.5406297886705345,-0.5406297886705345,0.0,0.0,0.0,0.5406297886705345,-0.5406297886705345,0.5406297886705345,0.0,0.0,1.6415460049784254,-1.6415460049784254,-0.5406297886705345,0.0,-0.5406297886705345,0.0,0.0,,
2055845419746488710,ohxiyu,2026-05-17,unclassified,未分类,7.0,1.0,2.2321626286975,2.2321626286975,-2.2321626286975,0.44643252573950004,0.0,2.2321626286975,0.0,1.0,2.2321626286975,2.2321626286975,2.2321626286975,1.3862943611198906,0.0,-2.0630125334985587,0.0,-2.2321626286975,-2.2321626286975,-2.2321626286975,-2.2321626286975,0.0,0.0,0.0,2.2321626286975,-2.2321626286975,2.2321626286975,0.0,0.0,6.591673732008658,-6.591673732008658,-2.2321626286975,0.0,-2.2321626286975,0.0,0.0,,
2054355012684239310,plantegg,2026-05-13,unclassified,未分类,18.0,0.25,1.205970806988609,0.30149270174715226,-0.30149270174715226,0.060298540349430454,0.0,0.30149270174715226,0.0,0.2821319250264237,1.205970806988609,1.205970806988609,0.30149270174715226,1.133149873288314,0.0,-0.30149270174715226,-0.30149270174715226,-0.34024286530136594,-0.30149270174715226,-0.30149270174715226,-0.30149270174715226,0.0,0.0,0.0,0.34024286530136594,-0.30149270174715226,0.30149270174715226,0.0,0.0,2.8734203704008667,-2.8734203704008667,-0.30149270174715226,0.0,-0.30149270174715226,0.0,0.0,,
2054421643980619898,plantegg,2026-05-13,unclassified,未分类,18.0,1.0,1.205970806988609,1.205970806988609,-1.205970806988609,0.24119416139772182,0.0,1.205970806988609,0.0,1.271279518790537,1.205970806988609,1.205970806988609,1.205970806988609,5.10594547390058,0.0,-1.205970806988609,-1.205970806988609,-1.5331259871839145,-1.205970806988609,-1.205970806988609,-1.205970806988609,0.0,0.0,0.0,1.5331259871839145,-1.205970806988609,1.205970806988609,0.0,0.0,9.744902053418757,-9.744902053418757,-1.205970806988609,0.0,-1.205970806988609,0.0,0.0,,
2054426413072355798,plantegg,2026-05-13,unclassified,未分类,18.0,0.9984,1.205970806988609,1.2040412536974272,-1.2040412536974272,0.24080825073948545,0.0,1.2040412536974272,0.0,0.5461901931856923,1.205970806988609,1.205970806988609,1.2040412536974272,2.1937090180124814,0.0,-1.2040412536974272,0.0,-0.6586894280454136,-1.2040412536974272,-1.2040412536974272,-1.2040412536974272,0.0,0.0,0.0,0.6586894280454136,-1.2040412536974272,1.2040412536974272,0.0,0.0,8.658610098100956,-8.658610098100956,-1.2040412536974272,0.0,-1.2040412536974272,0.0,0.0,,
2054558026884141113,plantegg,2026-05-13,unclassified,未分类,18.0,0.2453,1.205970806988609,0.2958246389543058,-0.2958246389543058,0.05916492779086116,0.0,0.2958246389543058,0.0,0.34304346551079384,1.205970806988609,1.205970806988609,0.2958246389543058,1.37779395025761,0.0,0.6080102818567572,-0.2958246389543058,-0.4137004049342211,-0.2958246389543058,-0.2958246389543058,-0.2958246389543058,0.0,0.0,0.0,0.4137004049342211,-0.2958246389543058,0.2958246389543058,0.0,0.0,2.8566724905071434,-2.8566724905071434,-0.2958246389543058,0.0,-0.2958246389543058,0.0,0.0,,
2054770930229170385,plantegg,2026-05-14,unclassified,未分类,18.0,-0.1783,1.205970806988609,-0.21502459488606898,0.21502459488606898,-0.0430049189772138,0.0,0.0,-0.21502459488606898,-0.11715613760916994,-1.205970806988609,1.205970806988609,-0.21502459488606898,-0.47054392187040056,0.0,0.9668569452329426,0.0,0.14128688181619922,0.0,0.21502459488606898,0.0,0.21502459488606898,0.0,0.1412868818161992,0.0,-0.21502459488606898,-0.21502459488606898,0.0,0.0,-1.4677966663472566,1.4677966663472566,0.21502459488606898,0.0,0.0,0.0,0.0,,
2055240730239488037,plantegg,2026-05-15,unclassified,未分类,18.0,0.0145,1.205970806988609,0.01748657670133483,-0.01748657670133483,0.0034973153402669665,0.0,0.01748657670133483,0.0,0.010434858994509771,1.205970806988609,1.205970806988609,0.01748657670133483,0.04191039048949439,0.0,0.5409743845989502,0.0,-0.012584135322421294,0.0,-0.01748657670133483,0.0,0.0,0.0,0.0,0.0,-0.01748657670133483,0.01748657670133483,0.0,0.0,0.1426213894882667,-0.1426213894882667,-0.01748657670133483,0.0,0.0,0.0,0.0,,
2055686776820564066,python_xxt,2026-05-16,unclassified,未分类,11.0,0.2485,0.8415671856782186,0.20912944564103733,-0.20912944564103733,0.04182588912820747,0.0,0.20912944564103733,0.0,0.21272669723945775,0.8415671856782186,0.8415671856782186,0.20912944564103733,1.0046982400568858,0.0,-0.20912944564103733,0.0,-0.17902380791443293,-0.20912944564103733,-0.20912944564103733,-0.20912944564103733,0.0,0.0,0.0,0.17902380791443295,-0.20912944564103733,0.20912944564103733,0.0,0.0,2.3093397729107874,-2.3093397729107874,-0.20912944564103733,0.0,-0.20912944564103733,0.0,0.0,,
2055717814384939064,python_xxt,2026-05-16,unclassified,未分类,11.0,-0.25,0.8415671856782186,-0.21039179641955466,0.21039179641955466,-0.04207835928391093,0.0,0.0,-0.21039179641955466,-0.27122669540326066,-0.8415671856782186,0.8415671856782186,-0.21039179641955466,-1.2809909948508147,0.0,0.21039179641955466,0.21039179641955466,0.2282554867313255,0.21039179641955466,0.21039179641955466,0.0,0.21039179641955466,0.0,0.2282554867313255,0.0,-0.21039179641955466,-0.21039179641955466,0.0,0.0,-2.6811855167687035,2.6811855167687035,0.21039179641955466,0.21039179641955466,0.0,0.0,0.21039179641955466,,
2050825248082448738,sagacity,2026-05-03,unclassified,未分类,45.0,0.1064,0.4054651081081644,0.043141487502708686,-0.043141487502708686,0.008628297500541738,0.0,0.043141487502708686,0.0,0.06676318711121228,0.4054651081081644,0.4054651081081644,0.043141487502708686,0.17124419388298825,0.0,-0.043141487502708686,0.0,-0.02707014287969329,0.0,-0.043141487502708686,0.0,0.0,0.0,0.0,0.027070142879693292,-0.043141487502708686,0.043141487502708686,0.0,0.0,0.8819268102294251,-0.8819268102294251,-0.043141487502708686,0.0,0.0,0.0,0.0,,
2050894735360094298,sagacity,2026-05-03,unclassified,未分类,45.0,0.25,0.4054651081081644,0.1013662770270411,-0.1013662770270411,0.02027325540540822,0.0,0.1013662770270411,0.0,0.25,0.4054651081081644,0.4054651081081644,0.1013662770270411,0.6412373393653842,0.0,-0.1013662770270411,0.0,-0.1013662770270411,-0.1013662770270411,-0.1013662770270411,-0.1013662770270411,0.0,0.0,0.0,0.1013662770270411,-0.1013662770270411,0.1013662770270411,0.0,0.0,2.3859520248942743,-2.3859520248942743,-0.1013662770270411,0.0,-0.1013662770270411,0.0,0.0,,
2051548650791444919,sagacity,2026-05-05,unclassified,未分类,45.0,0.25,0.4054651081081644,0.1013662770270411,-0.1013662770270411,0.02027325540540822,0.0,0.1013662770270411,0.0,0.2572231418466547,0.4054651081081644,0.4054651081081644,0.1013662770270411,0.6597643324038146,0.0,-0.1013662770270411,0.0,-0.10429500901677555,-0.1013662770270411,-0.1013662770270411,-0.1013662770270411,0.0,0.0,0.0,0.10429500901677555,-0.1013662770270411,0.1013662770270411,0.0,0.0,2.11441386967501,-2.11441386967501,-0.1013662770270411,0.0,-0.1013662770270411,0.0,0.0,,
2051842500973953032,sagacity,2026-05-06,unclassified,未分类,45.0,0.2499,0.4054651081081644,0.10132573051623028,-0.10132573051623028,0.02026514610324606,0.0,0.10132573051623028,0.0,0.06753251479138721,0.4054651081081644,0.4054651081081644,0.10132573051623028,0.17321748042193033,0.0,-0.019367716663966646,0.0,-0.05066286525811514,-0.10132573051623028,-0.10132573051623028,-0.10132573051623028,0.0,0.0,0.0,0.027382078410706025,-0.10132573051623028,0.10132573051623028,0.0,0.0,2.0026998481953866,-2.0026998481953866,-0.10132573051623028,0.0,-0.10132573051623028,0.0,0.0,,
2051897693900046446,sagacity,2026-05-06,unclassified,未分类,45.0,0.25,0.4054651081081644,0.1013662770270411,-0.1013662770270411,0.02027325540540822,0.0,0.1013662770270411,0.0,0.1746388738646786,0.4054651081081644,0.4054651081081644,0.1013662770270411,0.44793986730701374,0.0,-0.014566334008785799,0.0,-0.07080996987143,-0.1013662770270411,-0.1013662770270411,-0.1013662770270411,0.0,0.0,0.0,0.07080996987143,-0.1013662770270411,0.1013662770270411,0.0,0.0,1.8795160453082695,-1.8795160453082695,-0.1013662770270411,0.0,-0.1013662770270411,0.0,0.0,,
2052761856587211216,sagacity,2026-05-08,unclassified,未分类,45.0,0.5001,0.4054651081081644,0.202773100564893,-0.202773100564893,0.040554620112978605,0.0,0.202773100564893,0.0,0.6565371903649713,0.4054651081081644,0.4054651081081644,0.202773100564893,1.6839846445762356,0.0,-0.11305989074488054,-0.202773100564893,-0.2662029228683636,-0.202773100564893,-0.202773100564893,-0.202773100564893,0.0,0.0,0.0,0.26620292286836356,-0.202773100564893,0.202773100564893,0.0,0.0,4.6612464258077395,-4.6612464258077395,-0.202773100564893,0.0,-0.202773100564893,0.0,0.0,,
2052932478940364995,sagacity,2026-05-09,unclassified,未分类,45.0,0.25,0.4054651081081644,0.1013662770270411,-0.1013662770270411,0.02027325540540822,0.0,0.1013662770270411,0.0,0.47138181236235205,0.4054651081081644,0.4054651081081644,0.1013662770270411,1.2090704767378695,0.0,0.007190247917118111,-0.1013662770270411,-0.19112887750972354,-0.1013662770270411,-0.1013662770270411,-0.1013662770270411,0.0,0.0,0.0,0.19112887750972354,-0.1013662770270411,0.1013662770270411,0.0,0.0,2.262190544080032,-2.262190544080032,-0.1013662770270411,0.0,-0.1013662770270411,0.0,0.0,,
2054045854047326546,sagacity,2026-05-12,unclassified,未分类,45.0,0.5,0.4054651081081644,0.2027325540540822,-0.2027325540540822,0.04054651081081644,0.0,0.2027325540540822,0.0,0.5,0.4054651081081644,0.4054651081081644,0.2027325540540822,1.2824746787307684,0.0,-0.095203207383797,0.0,-0.2027325540540822,-0.2027325540540822,-0.2027325540540822,-0.2027325540540822,0.0,0.0,0.0,0.2027325540540822,-0.2027325540540822,0.2027325540540822,0.0,0.0,4.970054367995886,-4.970054367995886,-0.2027325540540822,0.0,-0.2027325540540822,0.0,0.0,,
2054181527601521053,sagacity,2026-05-12,unclassified,未分类,45.0,0.6697,0.4054651081081644,0.27153998290003767,-0.27153998290003767,0.05430799658000754,0.0,0.27153998290003767,0.0,0.7070631684802556,0.4054651081081644,0.4054651081081644,0.27153998290003767,1.81358121967815,0.0,-0.15211023530677786,-0.27153998290003767,-0.2866894440471481,-0.27153998290003767,-0.27153998290003767,-0.27153998290003767,0.0,0.0,0.0,0.2866894440471481,-0.27153998290003767,0.27153998290003767,0.0,0.0,6.432252268801968,-6.432252268801968,-0.27153998290003767,0.0,-0.27153998290003767,0.0,0.0,,
2054543203903410296,sagacity,2026-05-13,unclassified,未分类,45.0,0.167,0.4054651081081644,0.06771267305406346,-0.06771267305406346,0.013542534610812694,0.0,0.06771267305406346,0.0,0.12669528696420293,0.4054651081081644,0.4054651081081644,0.06771267305406346,0.32496699489223735,0.0,0.06861821179550501,0.0,-0.051370518225735455,0.0,-0.06771267305406346,-0.06771267305406346,0.0,0.0,0.0,0.05137051822573545,-0.06771267305406346,0.06771267305406346,0.0,0.0,1.3900020709708256,-1.3900020709708256,-0.06771267305406346,0.0,0.0,0.0,0.0,,
2054735995057369594,sagacity,2026-05-14,unclassified,未分类,45.0,0.0186,0.4054651081081644,0.0075416510108118565,-0.0075416510108118565,0.0015083302021623715,0.0,0.0075416510108118565,0.0,0.011671008273200641,0.4054651081081644,0.4054651081081644,0.0075416510108118565,0.029935545171274263,0.0,0.1219274126592061,0.0,-0.004732186631224579,0.0,-0.0075416510108118565,0.0,0.0,0.0,0.0,0.0,-0.0075416510108118565,0.0075416510108118565,0.0,0.0,0.14100101539137685,-0.14100101539137685,-0.0075416510108118565,0.0,0.0,0.0,0.0,,
2054797961478205560,sagacity,2026-05-14,unclassified,未分类,45.0,0.25,0.4054651081081644,0.1013662770270411,-0.1013662770270411,0.02027325540540822,0.0,0.1013662770270411,0.0,0.4407288358242808,0.4054651081081644,0.4054651081081644,0.1013662770270411,1.1304471442622601,0.0,0.017018476401230862,-0.1013662770270411,-0.17870016506387745,-0.1013662770270411,-0.1013662770270411,-0.1013662770270411,0.0,0.0,0.0,0.17870016506387745,-0.1013662770270411,0.1013662770270411,0.0,0.0,2.1587884972624507,-2.1587884972624507,-0.1013662770270411,0.0,-0.1013662770270411,0.0,0.0,,
2055109045154201640,sagacity,2026-05-15,unclassified,未分类,45.0,0.25,0.4054651081081644,0.1013662770270411,-0.1013662770270411,0.02027325540540822,0.0,0.1013662770270411,0.0,0.0,0.4054651081081644,0.4054651081081644,0.1013662770270411,0.0,0.0,0.015600270034461617,0.0,-0.05068313851352055,-0.1013662770270411,-0.1013662770270411,-0.1013662770270411,0.0,0.0,0.0,0.0,-0.1013662770270411,0.1013662770270411,0.0,0.0,1.884490664942052,-1.884490664942052,-0.1013662770270411,0.0,-0.1013662770270411,0.0,0.0,,
2055185658906546229,sagacity,2026-05-15,unclassified,未分类,45.0,0.1162,0.4054651081081644,0.0471150455621687,-0.0471150455621687,0.00942300911243374,0.0,0.0471150455621687,0.0,0.09954095005569613,0.4054651081081644,0.4054651081081644,0.0471150455621687,0.2553174958864687,0.0,0.06865148072745236,0.0,-0.04036038207552223,0.0,-0.0471150455621687,0.0,0.0,0.0,0.0,0.04036038207552222,-0.0471150455621687,0.0471150455621687,0.0,0.0,0.9241347411052678,-0.9241347411052678,-0.0471150455621687,0.0,0.0,0.0,0.0,,
2052906592975425665,sanbuphy,2026-05-09,ai_tech,AI / 大模型,21.0,-0.0707,0.5068176023684519,-0.03583200448744955,0.03583200448744955,-0.0071664008974899095,0.0,0.0,-0.03583200448744955,-0.0,-0.5068176023684519,0.5068176023684519,0.0,-0.0,0.0,0.03583200448744955,0.0,0.017916002243724773,0.0,0.0,0.0,0.0,0.0,0.0,0.0,-0.03583200448744955,-0.03583200448744955,0.0,0.0,-0.0,0.0,0.03583200448744955,0.0,0.0,0.03583200448744955,0.0,-0.0017999582175547,0.0028963874065546
2052906762723012872,sanbuphy,2026-05-09,ai_tech,AI / 大模型,21.0,0.0,0.5068176023684519,0.0,-0.0,0.0,0.0,0.0,0.0,0.0,0.0,0.5068176023684519,0.0,0.0,0.0,-0.0,-0.0,-0.0,0.0,-0.0,0.0,0.0,0.0,0.0,0.0,-0.0,0.0,0.0,0.0,0.0,-0.0,-0.0,0.0,0.0,0.0,0.0,-0.0017999582175547,0.0028963874065546
2053117166808100943,sanbuphy,2026-05-09,ai_tech,AI / 大模型,21.0,0.2453,0.5068176023684519,0.12432235786098124,-0.12432235786098124,0.024864471572196248,0.0,0.12432235786098124,0.0,0.0,0.5068176023684519,0.5068176023684519,0.0,0.0,0.0,-0.12432235786098124,0.0,-0.06216117893049062,-0.12432235786098124,0.0,-0.12432235786098124,0.0,0.0,0.0,0.0,-0.12432235786098124,0.12432235786098124,0.0,0.0,0.0,-0.0,-0.12432235786098124,0.0,-0.12432235786098124,-0.12432235786098124,0.0,-0.0017999582175547,0.0028963874065546
2053118859490869508,sanbuphy,2026-05-09,ai_tech,AI / 大模型,21.0,0.25,0.5068176023684519,0.12670440059211296,-0.12670440059211296,0.025340880118422594,0.0,0.12670440059211296,0.0,0.0,0.5068176023684519,0.5068176023684519,0.0,0.0,0.0,-0.09720761613426906,0.0,-0.06335220029605648,-0.12670440059211296,0.0,-0.12670440059211296,0.0,0.0,0.0,0.0,-0.12670440059211296,0.12670440059211296,0.0,0.0,0.0,-0.0,-0.12670440059211296,0.0,-0.12670440059211296,-0.12670440059211296,0.0,-0.0017999582175547,0.0028963874065546
2053288824219070775,sanbuphy,2026-05-10,ai_tech,AI / 大模型,21.0,0.2484,0.5068176023684519,0.12589349242832346,-0.12589349242832346,0.025178698485664692,0.0,0.12589349242832346,0.0,0.0,0.5068176023684519,0.5068176023684519,0.0,0.0,0.0,-0.07209480393691228,0.0,-0.06294674621416173,-0.12589349242832346,0.0,-0.12589349242832346,0.0,0.0,0.0,0.0,-0.12589349242832346,0.12589349242832346,0.0,0.0,0.0,-0.0,-0.12589349242832346,0.0,-0.12589349242832346,-0.12589349242832346,0.0,-0.0017999582175547,0.0028963874065546
2053377048140521907,sanbuphy,2026-05-10,ai_tech,AI / 大模型,21.0,0.2379,0.5068176023684519,0.1205719076034547,-0.1205719076034547,0.02411438152069094,0.0,0.1205719076034547,0.0,0.0,0.5068176023684519,0.5068176023684519,0.0,0.0,0.0,-0.05235425832466108,0.0,-0.06028595380172735,-0.1205719076034547,0.0,-0.1205719076034547,0.0,0.0,0.0,0.0,-0.1205719076034547,0.1205719076034547,0.0,0.0,0.0,-0.0,-0.1205719076034547,0.0,-0.1205719076034547,-0.1205719076034547,0.0,-0.0017999582175547,0.0028963874065546
2053378056157618252,sanbuphy,2026-05-10,ai_tech,AI / 大模型,21.0,-0.2354,0.5068176023684519,-0.11930486359753356,0.11930486359753356,-0.023860972719506712,0.0,0.0,-0.11930486359753356,-0.0,-0.5068176023684519,0.5068176023684519,0.0,-0.0,0.0,0.19624822259710403,0.0,0.05965243179876678,0.11930486359753356,0.0,0.0,0.11930486359753356,0.0,0.0,0.0,-0.11930486359753356,-0.11930486359753356,0.0,0.0,-0.16316684630381112,0.16316684630381112,0.11930486359753356,0.11930486359753356,0.0,0.11930486359753356,0.0,-0.0017999582175547,0.0028963874065546
2053440561932329446,sanbuphy,2026-05-10,ai_tech,AI / 大模型,21.0,-0.1837,0.5068176023684519,-0.09310239355508461,0.09310239355508461,-0.018620478711016922,0.0,0.0,-0.09310239355508461,-0.0,-0.5068176023684519,0.5068176023684519,0.0,-0.0,0.0,0.14201029218364022,0.0,0.046551196777542304,0.0,0.0,0.0,0.09310239355508461,0.0,0.0,0.0,-0.09310239355508461,-0.09310239355508461,0.0,0.0,-0.0,0.0,0.09310239355508461,0.0,0.0,0.09310239355508461,0.0,-0.0017999582175547,0.0028963874065546
2054083109495447868,sanbuphy,2026-05-12,ai_tech,AI / 大模型,21.0,-0.0551,0.5068176023684519,-0.0279256498905017,0.0279256498905017,-0.005585129978100341,0.0,0.0,-0.0279256498905017,-0.037611601316177794,-0.5068176023684519,0.5068176023684519,-0.0279256498905017,-0.06053353710561285,0.0,0.05908226199610228,0.0,0.01906222160030334,0.0,0.0279256498905017,0.0,0.0,0.0,0.0,0.0,-0.0279256498905017,-0.0279256498905017,0.0,0.0,-0.4213140901067746,0.4213140901067746,0.0279256498905017,0.0,0.0,0.0,0.0,-0.0116490863849201,0.0105622304188508
2054092063600480634,sanbuphy,2026-05-12,ai_tech,AI / 大模型,21.0,-0.0517,0.5068176023684519,-0.026202470042448963,0.026202470042448963,-0.005240494008489793,0.0,0.0,-0.026202470042448963,-0.02226597805239442,-0.5068176023684519,0.5068176023684519,-0.026202470042448963,-0.03583570923494917,0.0,0.05079438637070484,0.0,0.013101235021224482,0.0,0.026202470042448963,0.0,0.0,0.0,0.0,0.0,-0.026202470042448963,-0.026202470042448963,0.0,0.0,-0.32923527753432047,0.32923527753432047,0.026202470042448963,0.0,0.0,0.0,0.0,-0.0116490863849201,0.0105622304188508
2054363536340705710,sanbuphy,2026-05-13,ai_tech,AI / 大模型,21.0,-0.2406,0.5068176023684519,-0.12194031512984953,0.12194031512984953,-0.02438806302596991,0.0,0.0,-0.12194031512984953,-0.0,-0.5068176023684519,0.5068176023684519,0.0,-0.0,0.0,0.14145279282103493,0.0,0.060970157564924764,0.12194031512984953,0.0,0.0,0.12194031512984953,0.0,0.0,0.0,-0.12194031512984953,-0.12194031512984953,0.0,0.0,-0.0,0.0,0.12194031512984953,0.12194031512984953,0.0,0.12194031512984953,0.0,0.0022482547976074,0.0105622304188508
2054363802452533433,sanbuphy,2026-05-13,ai_tech,AI / 大模型,21.0,0.0456,0.5068176023684519,0.023110882668001407,-0.023110882668001407,0.0046221765336002816,0.0,0.023110882668001407,0.0,0.0,0.5068176023684519,0.5068176023684519,0.0,0.0,0.0,-0.016457749778728277,0.0,-0.011555441334000703,0.0,0.0,0.0,0.0,0.0,0.0,0.0,-0.023110882668001407,0.023110882668001407,0.0,0.0,0.0,-0.0,-0.023110882668001407,0.0,0.0,-0.023110882668001407,0.0,0.0022482547976074,0.0105622304188508
2055106907455819873,sanbuphy,2026-05-15,ai_tech,AI / 大模型,21.0,0.25,0.5068176023684519,0.12670440059211296,-0.12670440059211296,0.025340880118422594,0.0,0.12670440059211296,0.0,0.7664902595819671,0.5068176023684519,0.5068176023684519,0.12670440059211296,1.2336184832826729,0.0,-0.11867978855461248,-0.12670440059211296,-0.3801132017763389,-0.12670440059211296,-0.12670440059211296,-0.12670440059211296,0.0,0.0,0.0,0.38847075560010486,-0.12670440059211296,0.12670440059211296,0.0,0.0,2.538025974955842,-2.538025974955842,-0.12670440059211296,0.0,-0.12670440059211296,0.0,0.0,-0.0128940329861121,-0.015087714031981
2055227608720363966,sanbuphy,2026-05-15,ai_tech,AI / 大模型,21.0,-0.2478,0.5068176023684519,-0.12558940186690237,0.12558940186690237,-0.025117880373380475,0.0,0.0,-0.12558940186690237,-0.7552494449808815,-0.5068176023684519,0.5068176023684519,-0.12558940186690237,-1.2155270900970427,0.0,0.14274322840860382,0.12558940186690237,0.3767682056007071,0.12558940186690237,0.12558940186690237,0.0,0.12558940186690237,0.0,0.38277371289531437,0.0,-0.12558940186690237,-0.12558940186690237,0.0,0.0,-2.7081596248586455,2.7081596248586455,0.12558940186690237,0.12558940186690237,0.0,0.0,0.12558940186690237,-0.0128940329861121,
2055308091714064647,sanbuphy,2026-05-15,ai_tech,AI / 大模型,21.0,0.2252,0.5068176023684519,0.11413532405337537,-0.11413532405337537,0.022827064810675077,0.0,0.11413532405337537,0.0,0.09698836087812812,0.5068176023684519,0.5068176023684519,0.11413532405337537,0.1560967450620997,0.0,-0.10717744239800277,0.0,-0.057067662026687685,-0.11413532405337537,-0.11413532405337537,-0.11413532405337537,0.0,0.0,0.0,0.04915540851789905,-0.11413532405337537,0.11413532405337537,0.0,0.0,1.4398366377896823,-1.4398366377896823,-0.11413532405337537,0.0,-0.11413532405337537,0.0,0.0,-7.011786753452487e-05,
2055452281634795634,sanbuphy,2026-05-16,ai_tech,AI / 大模型,21.0,-0.1051,0.5068176023684519,-0.05326653000892429,0.05326653000892429,-0.010653306001784858,0.0,0.0,-0.05326653000892429,-0.0,-0.5068176023684519,0.5068176023684519,0.0,-0.0,0.0,0.0673695744908304,0.0,0.026633265004462146,0.0,0.0,0.0,0.05326653000892429,0.0,0.0,0.0,-0.05326653000892429,-0.05326653000892429,0.0,0.0,-0.0,0.0,0.05326653000892429,0.0,0.0,0.05326653000892429,0.0,,
seed_sanbuphy,sanbuphy,2026-05-17,ai_tools,AI 工具 / Agent,4.0,0.25,0.5068176023684519,0.12670440059211296,-0.12670440059211296,0.05068176023684519,0.0,0.12670440059211296,0.0,0.0,0.5068176023684519,0.5068176023684519,0.12670440059211296,0.0,0.0,-0.1137636578116385,0.0,-0.06335220029605648,-0.12670440059211296,-0.12670440059211296,-0.12670440059211296,0.0,0.0,0.0,0.0,-0.12670440059211296,0.12670440059211296,0.0,0.0,2.49971079646322,-2.49971079646322,-0.12670440059211296,0.0,-0.12670440059211296,0.0,0.0,,
2051664020403290398,sanyi_eth_,2026-05-05,crypto,加密,13.0,0.5,1.7083778602890038,0.8541889301445019,-0.8541889301445019,0.1708377860289004,0.0,0.8541889301445019,0.0,0.675205873886119,1.7083778602890038,1.7083778602890038,0.8541889301445019,2.0715673631957663,0.0,-0.8541889301445019,-0.8541889301445019,-1.153506766084135,-0.8541889301445019,-0.8541889301445019,-0.8541889301445019,0.0,0.0,0.0,1.153506766084135,-0.8541889301445019,0.8541889301445019,0.0,0.0,5.13534840759488,-5.13534840759488,-0.8541889301445019,0.0,-0.8541889301445019,0.0,0.0,0.000958302823306,0.0061842923164892
2052060189910860065,sanyi_eth_,2026-05-06,crypto,加密,13.0,0.0582,1.7083778602890038,0.09942759146882002,-0.09942759146882002,0.019885518293764004,0.0,0.09942759146882002,0.0,0.04865628323905048,1.7083778602890038,1.7083778602890038,0.09942759146882002,0.14928005260426144,0.0,-0.09942759146882002,0.0,-0.08312331704954477,0.0,-0.09942759146882002,0.0,0.0,0.0,0.0,0.0,-0.09942759146882002,0.09942759146882002,0.0,0.0,0.5035710267873631,-0.5035710267873631,-0.09942759146882002,0.0,0.0,0.0,0.0,-0.0022640600645418,-0.0174085968313082
2052607201882296525,sanyi_eth_,2026-05-08,crypto,加密,13.0,-0.2498,1.7083778602890038,-0.42675278950019313,0.42675278950019313,-0.08535055790003863,0.0,0.0,-0.42675278950019313,-0.33470618433960325,-1.7083778602890038,1.7083778602890038,-0.42675278950019313,-1.026896291270493,0.0,0.42675278950019313,0.42675278950019313,0.5718046350275883,0.42675278950019313,0.42675278950019313,0.0,0.42675278950019313,0.0,0.5718046350275883,0.0,-0.42675278950019313,-0.42675278950019313,0.0,0.0,-2.68844836346193,2.68844836346193,0.42675278950019313,0.42675278950019313,0.0,0.0,0.42675278950019313,-0.000417697018663,0.0059561145630133
2052737638873133354,sanyi_eth_,2026-05-08,crypto,加密,13.0,-0.2473,1.7083778602890038,-0.42248184484947066,0.42248184484947066,-0.08449636896989414,0.0,0.0,-0.42248184484947066,-0.2067474028353468,-1.7083778602890038,1.7083778602890038,-0.42248184484947066,-0.634311976100238,0.0,0.5981030888871802,0.0,0.3532026856761585,0.42248184484947066,0.42248184484947066,0.0,0.42248184484947066,0.0,0.3532026856761585,0.0,-0.42248184484947066,-0.42248184484947066,0.0,0.0,-2.2322924960839554,2.2322924960839554,0.42248184484947066,0.42248184484947066,0.0,0.0,0.0,-0.0007209402790008,0.0059561145630133
2052765966598345133,sanyi_eth_,2026-05-08,crypto,加密,13.0,0.0068,1.7083778602890038,0.011616969449965226,-0.011616969449965226,0.0023233938899930454,0.0,0.011616969449965226,0.0,0.0060020937567992275,1.7083778602890038,1.7083778602890038,0.011616969449965226,0.018414741367495026,0.0,0.014478502365949313,0.0,-0.010253844089494653,0.0,-0.011616969449965226,0.0,0.0,0.0,0.0,0.0,-0.011616969449965226,0.011616969449965226,0.0,0.0,0.06447065046676718,-0.06447065046676718,-0.011616969449965226,0.0,0.0,0.0,0.0,5.158035163721486e-05,0.0059561145630133
2053216857352814824,sanyi_eth_,2026-05-09,crypto,加密,13.0,0.0284,1.7083778602890038,0.04851793123220771,-0.04851793123220771,0.009703586246441543,0.0,0.04851793123220771,0.0,0.03502905193472424,1.7083778602890038,1.7083778602890038,0.04851793123220771,0.10747098560327861,0.0,-0.025318159889483032,-0.04851793123220771,-0.05984285679219659,0.0,-0.04851793123220771,0.0,0.0,0.0,0.0,0.0,-0.04851793123220771,0.04851793123220771,0.0,0.0,0.2862743975618874,-0.2862743975618874,-0.04851793123220771,0.0,0.0,0.0,0.0,0.0001363838565233,0.0182802215081221
2053726800249848205,sanyi_eth_,2026-05-11,crypto,加密,13.0,0.625,1.7083778602890038,1.0677361626806274,-1.0677361626806274,0.2135472325361255,0.0,1.0677361626806274,0.0,0.5062059517724269,1.7083778602890038,1.7083778602890038,1.0677361626806274,1.5530666561175002,0.0,-1.040316698022989,0.0,-0.8647910407545373,-1.0677361626806274,-1.0677361626806274,-1.0677361626806274,0.0,0.0,0.0,0.8647910407545373,-1.0677361626806274,1.0677361626806274,0.0,0.0,6.29561070657169,-6.29561070657169,-0.3843850185650258,0.0,-1.0677361626806274,0.0,0.0,-0.0025238759768059,-0.0153044261941864
2053769966391091404,sanyi_eth_,2026-05-11,crypto,加密,13.0,-0.0683,1.7083778602890038,-0.11668220785773896,0.11668220785773896,-0.023336441571547795,0.0,0.0,-0.11668220785773896,-0.09890086228420104,-1.7083778602890038,1.7083778602890038,-0.11668220785773896,-0.3034330808182886,0.0,0.2927183436615187,0.11668220785773896,0.16896004348982083,0.0,0.11668220785773896,0.0,0.0,0.0,0.0,0.0,-0.11668220785773896,-0.11668220785773896,0.0,0.0,-0.7647912685348487,0.7647912685348487,0.11668220785773896,0.0,0.0,0.0,0.0,0.0023784683984993,-0.0153044261941864
2054060660309590113,sanyi_eth_,2026-05-12,crypto,加密,13.0,-0.2491,1.7083778602890038,-0.42555692499799086,0.42555692499799086,-0.08511138499959818,0.0,0.0,-0.42555692499799086,-0.23467378826714347,-1.7083778602890038,1.7083778602890038,-0.42555692499799086,-0.7199916048919346,0.0,0.5650032678440808,0.0,0.40091150426573735,0.42555692499799086,0.42555692499799086,0.0,0.42555692499799086,0.0,0.4009115042657373,0.0,-0.42555692499799086,-0.42555692499799086,0.0,0.0,-2.3613883503198627,2.3613883503198627,0.42555692499799086,0.42555692499799086,0.0,0.0,0.0,-0.0005715056839152,-0.0149156611043906
2054133061072437680,sanyi_eth_,2026-05-12,crypto,加密,13.0,-0.5891,1.7083778602890038,-1.0064053974962521,1.0064053974962521,-0.20128107949925045,0.0,0.0,-1.0064053974962521,-0.6771001116905138,-1.7083778602890038,1.7083778602890038,-1.0064053974962521,-2.0773789850513804,0.0,1.0830735994707776,1.0064053974962521,1.1567428400112856,1.0064053974962521,1.0064053974962521,0.0,1.0064053974962521,0.0,1.1567428400112854,0.0,-1.0064053974962521,-1.0064053974962521,0.0,0.0,-5.6028212733341585,5.6028212733341585,1.0064053974962521,1.0064053974962521,0.0,0.0,1.0064053974962521,-0.00362678567032,-0.0149156611043906
2054179449990713834,sanyi_eth_,2026-05-12,crypto,加密,13.0,-0.2493,1.7083778602890038,-0.42589860057004864,0.42589860057004864,-0.08517972011400973,0.0,0.0,-0.42589860057004864,-0.22529153931442014,-1.7083778602890038,1.7083778602890038,-0.42589860057004864,-0.6912063684543774,0.0,0.39425944259749635,0.0,0.38488307787518505,0.42589860057004864,0.42589860057004864,0.0,0.42589860057004864,0.0,0.38488307787518505,0.0,-0.42589860057004864,-0.42589860057004864,0.0,0.0,-2.3854106731510147,2.3854106731510147,0.42589860057004864,0.42589860057004864,0.0,0.0,0.0,-0.0028370216415896,-0.0149156611043906
2054495444701745419,sanyi_eth_,2026-05-13,crypto,加密,13.0,0.038,1.7083778602890038,0.06491835869098214,-0.06491835869098214,0.01298367173819643,0.0,0.06491835869098214,0.0,0.038835307839992866,1.7083778602890038,1.7083778602890038,0.06491835869098214,0.11914878020530768,0.0,-0.13239928417239777,0.0,-0.06634538011135178,0.0,-0.06491835869098214,0.0,0.0,0.0,0.0,0.0,-0.06491835869098214,0.06491835869098214,0.0,0.0,0.3622073164100248,-0.3622073164100248,-0.06491835869098214,0.0,0.0,0.0,0.0,-0.0037229144959125,0.0223788764707975
2054869815303766432,sanyi_eth_,2026-05-14,crypto,加密,13.0,0.051,1.7083778602890038,0.08712727087473919,-0.08712727087473919,0.017425454174947837,0.0,0.08712727087473919,0.0,0.06002400135799326,1.7083778602890038,1.7083778602890038,0.08712727087473919,0.18415681354485544,0.0,-0.14357492267512167,-0.08712727087473919,-0.1025436750059528,0.0,-0.08712727087473919,0.0,0.0,0.0,0.0,0.0,-0.08712727087473919,0.08712727087473919,0.0,0.0,0.4995455648862022,-0.4995455648862022,-0.08712727087473919,0.0,0.0,0.0,0.0,-0.0032476390238188,-0.0244977136379759
2054891804886249796,sanyi_eth_,2026-05-14,crypto,加密,13.0,0.2496,1.7083778602890038,0.42641111392813535,-0.42641111392813535,0.08528222278562708,0.0,0.42641111392813535,0.0,0.21469926477760756,1.7083778602890038,1.7083778602890038,0.42641111392813535,0.6587087094719685,0.0,-0.4718145409073546,0.0,-0.3667874705663915,-0.42641111392813535,-0.42641111392813535,-0.42641111392813535,0.0,0.0,0.0,0.3667874705663915,-0.42641111392813535,0.42641111392813535,0.0,0.0,2.52579344605743,-2.52579344605743,-0.42641111392813535,0.0,-0.42641111392813535,0.0,0.0,0.0058375024616568,-0.0244977136379759
2054931027110551881,sanyi_eth_,2026-05-14,crypto,加密,13.0,0.25,1.7083778602890038,0.42709446507225096,-0.42709446507225096,0.0854188930144502,0.0,0.42709446507225096,0.0,0.2480826196689164,1.7083778602890038,1.7083778602890038,0.42709446507225096,0.7611306094308558,0.0,-0.43879685341523067,0.0,-0.42381885496487415,-0.42709446507225096,-0.42709446507225096,-0.42709446507225096,0.0,0.0,0.0,0.42381885496487415,-0.42709446507225096,0.42709446507225096,0.0,0.0,2.259680334578841,-2.259680334578841,-0.42709446507225096,0.0,-0.42709446507225096,0.0,0.0,0.0108499113474054,-0.0244977136379759
2055781797817122933,sanyi_eth_,2026-05-16,crypto,加密,13.0,0.0789,1.7083778602890038,0.1347910131768024,-0.1347910131768024,0.02695820263536048,0.0,0.1347910131768024,0.0,0.07949121306779205,1.7083778602890038,1.7083778602890038,0.1347910131768024,0.24388324956997112,0.0,-0.11724027795876668,0.0,-0.1358010284925319,0.0,-0.1347910131768024,0.0,0.0,0.0,0.0,0.0,-0.1347910131768024,0.1347910131768024,0.0,0.0,0.6826072353449184,-0.6826072353449184,-0.1347910131768024,0.0,0.0,0.0,0.0,-0.0003528425308052,0.0030410494175279
2049059270222864547,seekjourney,2026-04-28,unclassified,未分类,10.0,0.185,1.80005827204275,0.33301078032790876,-0.33301078032790876,0.06660215606558176,0.0,0.33301078032790876,0.0,0.43479067392805104,1.80005827204275,1.80005827204275,0.33301078032790876,0.6027478595339741,0.0,-0.33301078032790876,-0.33301078032790876,-0.7826485492112304,0.0,-0.33301078032790876,-0.33301078032790876,0.0,0.0,0.0,0.7826485492112303,-0.33301078032790876,0.33301078032790876,0.0,0.0,1.4479657881592842,-1.4479657881592842,-0.33301078032790876,0.0,0.0,0.0,0.0,,
2049064142691279315,seekjourney,2026-04-28,unclassified,未分类,10.0,-0.218,1.80005827204275,-0.3924127033053195,0.3924127033053195,-0.07848254066106392,0.0,0.0,-0.3924127033053195,-0.30600168650427884,-1.80005827204275,1.80005827204275,-0.3924127033053195,-0.4242084124940583,0.0,0.3924127033053195,0.3924127033053195,0.5508208670510595,0.3924127033053195,0.3924127033053195,0.0,0.3924127033053195,0.0,0.5508208670510595,0.0,-0.3924127033053195,-0.3924127033053195,0.0,0.0,-1.533304413574718,1.533304413574718,0.3924127033053195,0.3924127033053195,0.0,0.0,0.3924127033053195,,
2049373835724767390,seekjourney,2026-04-29,unclassified,未分类,10.0,0.1499,1.80005827204275,0.26982873497920823,-0.26982873497920823,0.05396574699584165,0.0,0.26982873497920823,0.0,0.0,1.80005827204275,1.80005827204275,0.0,0.0,0.0,-0.26982873497920823,0.0,-0.13491436748960411,0.0,0.0,0.0,0.0,0.0,0.0,0.0,-0.26982873497920823,0.26982873497920823,0.0,0.0,0.1039027623659358,-0.1039027623659358,-0.26982873497920823,0.0,0.0,-0.26982873497920823,0.0,,
2049380208952918136,seekjourney,2026-04-29,unclassified,未分类,10.0,1.0,1.80005827204275,1.80005827204275,-1.80005827204275,0.36001165440855004,0.0,1.80005827204275,0.0,0.7924812503605781,1.80005827204275,1.80005827204275,1.80005827204275,1.0986122886681098,0.0,-1.7299160013754842,0.0,-1.4265124301503402,-1.80005827204275,-1.80005827204275,-1.80005827204275,0.0,0.0,0.0,1.4265124301503402,-1.80005827204275,1.80005827204275,0.0,0.0,6.703188113240863,-6.703188113240863,-1.80005827204275,0.0,-1.80005827204275,0.0,0.0,,
2049381673641644270,seekjourney,2026-04-29,unclassified,未分类,10.0,0.9426,1.80005827204275,1.696734927227496,-1.696734927227496,0.33934698544549924,0.0,1.696734927227496,0.0,0.746992826589881,1.80005827204275,1.80005827204275,1.696734927227496,1.0355519432985603,0.0,-1.1941136562163595,0.0,-1.3446306166597106,-1.696734927227496,-1.696734927227496,-1.696734927227496,0.0,0.0,0.0,1.3446306166597108,-1.696734927227496,1.696734927227496,0.0,0.0,6.144948233612617,-6.144948233612617,-1.696734927227496,0.0,-1.696734927227496,0.0,0.0,,
2052270546076012814,seekjourney,2026-05-07,unclassified,未分类,10.0,0.2469,1.80005827204275,0.444434387367355,-0.444434387367355,0.08888687747347102,0.0,0.444434387367355,0.0,0.19566362071402676,1.80005827204275,1.80005827204275,0.444434387367355,0.2712473740721563,0.0,0.29700961488705374,0.0,-0.3522059190041191,-0.444434387367355,-0.444434387367355,-0.444434387367355,0.0,0.0,0.0,0.3522059190041191,-0.444434387367355,0.444434387367355,0.0,0.0,1.7917539683810328,-1.7917539683810328,-0.444434387367355,0.0,-0.444434387367355,0.0,0.0,,
2052634186264293643,seekjourney,2026-05-08,unclassified,未分类,10.0,0.2498,1.80005827204275,0.44965455635627893,-0.44965455635627893,0.0899309112712558,0.0,0.44965455635627893,0.0,0.9145088190514314,1.80005827204275,1.80005827204275,0.44965455635627893,1.2677784190454098,0.0,0.2422878434169542,-0.44965455635627893,-1.3489636690688367,-0.44965455635627893,-0.44965455635627893,-0.44965455635627893,0.0,0.0,0.0,1.6461691645895757,-0.44965455635627893,0.44965455635627893,0.0,0.0,2.538264539576388,-2.538264539576388,-0.44965455635627893,0.0,-0.44965455635627893,0.0,0.0,,
2052709420996653426,seekjourney,2026-05-08,unclassified,未分类,10.0,0.221,1.80005827204275,0.3978128781214478,-0.3978128781214478,0.07956257562428956,0.0,0.3978128781214478,0.0,0.0,1.80005827204275,1.80005827204275,0.0,0.0,0.0,0.2595169725922205,0.0,-0.1989064390607239,-0.3978128781214478,0.0,-0.3978128781214478,0.0,0.0,0.0,0.0,-0.3978128781214478,0.3978128781214478,0.0,0.0,0.0,-0.0,-0.3978128781214478,0.0,-0.3978128781214478,-0.3978128781214478,0.0,,
2053686016394100977,seekjourney,2026-05-11,unclassified,未分类,10.0,0.2479,1.80005827204275,0.44623444563939774,-0.44623444563939774,0.08924688912787955,0.0,0.44623444563939774,0.0,0.37185,1.80005827204275,1.80005827204275,0.44623444563939774,0.5154935581824313,0.0,0.17865578350024294,-0.44623444563939774,-0.6693516684590965,-0.44623444563939774,-0.44623444563939774,-0.44623444563939774,0.0,0.0,0.0,0.6693516684590967,-0.44623444563939774,0.44623444563939774,0.0,0.0,1.7714895495463967,-1.7714895495463967,-0.44623444563939774,0.0,-0.44623444563939774,0.0,0.0,,
2053720293286588712,seekjourney,2026-05-11,unclassified,未分类,10.0,0.25,1.80005827204275,0.4500145680106875,-0.4500145680106875,0.09000291360213751,0.0,0.4500145680106875,0.0,0.25,1.80005827204275,1.80005827204275,0.4500145680106875,0.34657359027997264,0.0,0.15502501851781506,0.0,-0.4500145680106875,-0.4500145680106875,-0.4500145680106875,-0.4500145680106875,0.0,0.0,0.0,0.4500145680106875,-0.4500145680106875,0.4500145680106875,0.0,0.0,1.8081832840444036,-1.8081832840444036,-0.4500145680106875,0.0,-0.4500145680106875,0.0,0.0,,
2053775756086673420,seekjourney,2026-05-11,unclassified,未分类,10.0,0.2495,1.80005827204275,0.4491145388746661,-0.4491145388746661,0.08982290777493324,0.0,0.4491145388746661,0.0,0.2495,1.80005827204275,1.80005827204275,0.4491145388746661,0.3458804430994127,0.0,0.14042254580205496,0.0,-0.4491145388746661,-0.4491145388746661,-0.4491145388746661,-0.4491145388746661,0.0,0.0,0.0,0.4491145388746661,-0.4491145388746661,0.4491145388746661,0.0,0.0,1.5169433321763497,-1.5169433321763497,-0.4491145388746661,0.0,-0.4491145388746661,0.0,0.0,,
2054048694077722918,seekjourney,2026-05-12,unclassified,未分类,10.0,-0.1208,1.80005827204275,-0.2174470392627642,0.2174470392627642,-0.04348940785255284,0.0,0.0,-0.2174470392627642,-0.0604,-1.80005827204275,1.80005827204275,-0.2174470392627642,-0.08373217941164139,0.0,0.7942184379574804,0.0,0.1087235196313821,0.0,0.2174470392627642,0.0,0.2174470392627642,0.0,0.1087235196313821,0.0,-0.2174470392627642,-0.2174470392627642,0.0,0.0,-0.7717382177899121,0.7717382177899121,0.2174470392627642,0.0,0.0,0.0,0.0,,
2054168592699277623,seekjourney,2026-05-12,unclassified,未分类,10.0,0.2345,1.80005827204275,0.42211366479402485,-0.42211366479402485,0.08442273295880498,0.0,0.42211366479402485,0.0,0.11725,1.80005827204275,1.80005827204275,0.42211366479402485,0.16254301384130715,0.0,0.08847286407090121,0.0,-0.21105683239701242,-0.42211366479402485,-0.42211366479402485,-0.42211366479402485,0.0,0.0,0.0,0.21105683239701242,-0.42211366479402485,0.42211366479402485,0.0,0.0,1.6464441896258033,-1.6464441896258033,-0.42211366479402485,0.0,-0.42211366479402485,0.0,0.0,,
2054457405631840413,seekjourney,2026-05-13,unclassified,未分类,10.0,0.2479,1.80005827204275,0.44623444563939774,-0.44623444563939774,0.08924688912787955,0.0,0.44623444563939774,0.0,0.2479,1.80005827204275,1.80005827204275,0.44623444563939774,0.3436623721216209,0.0,0.05754647829699742,0.0,-0.44623444563939774,-0.44623444563939774,-0.44623444563939774,-0.44623444563939774,0.0,0.0,0.0,0.44623444563939774,-0.44623444563939774,0.44623444563939774,0.0,0.0,1.6923005609196797,-1.6923005609196797,-0.44623444563939774,0.0,-0.44623444563939774,0.0,0.0,,
2054483788928078251,seekjourney,2026-05-13,unclassified,未分类,10.0,0.25,1.80005827204275,0.4500145680106875,-0.4500145680106875,0.09000291360213751,0.0,0.4500145680106875,0.0,0.125,1.80005827204275,1.80005827204275,0.4500145680106875,0.17328679513998632,0.0,0.049655893190207835,0.0,-0.22500728400534376,-0.4500145680106875,-0.4500145680106875,-0.4500145680106875,0.0,0.0,0.0,0.22500728400534376,-0.4500145680106875,0.4500145680106875,0.0,0.0,1.4694339454449097,-1.4694339454449097,-0.4500145680106875,0.0,-0.4500145680106875,0.0,0.0,,
2054862489637310838,seekjourney,2026-05-14,unclassified,未分类,10.0,0.2493,1.80005827204275,0.44875452722025755,-0.44875452722025755,0.08975090544405151,0.0,0.44875452722025755,0.0,0.0,1.80005827204275,1.80005827204275,0.0,0.0,0.0,0.04760554110129056,0.0,-0.22437726361012877,-0.44875452722025755,0.0,-0.44875452722025755,0.0,0.0,0.0,0.0,-0.44875452722025755,0.44875452722025755,0.0,0.0,0.0,-0.0,-0.44875452722025755,0.0,-0.44875452722025755,-0.44875452722025755,0.0,,
2054885303001944209,seekjourney,2026-05-14,unclassified,未分类,10.0,1.0,1.80005827204275,1.80005827204275,-1.80005827204275,0.36001165440855004,0.0,1.80005827204275,0.0,1.160964047443681,1.80005827204275,1.80005827204275,1.80005827204275,1.6094379124341003,0.0,-1.2959819539283786,-1.80005827204275,-2.08980293714523,-1.80005827204275,-1.80005827204275,-1.80005827204275,0.0,0.0,0.0,2.08980293714523,-1.80005827204275,1.80005827204275,0.0,0.0,6.866933284461882,-6.866933284461882,-1.80005827204275,0.0,-1.80005827204275,0.0,0.0,,
2054888587355963681,seekjourney,2026-05-14,unclassified,未分类,10.0,-0.1636,1.80005827204275,-0.2944895333061939,0.2944895333061939,-0.05889790666123878,0.0,0.0,-0.2944895333061939,-0.12964993255899057,-1.80005827204275,1.80005827204275,-0.2944895333061939,-0.17973297042610276,0.0,0.9447305831104367,0.0,0.23337743357259563,0.0,0.2944895333061939,0.0,0.2944895333061939,0.0,0.23337743357259563,0.0,-0.2944895333061939,-0.2944895333061939,0.0,0.0,-1.0726889390674557,1.0726889390674557,0.2944895333061939,0.0,0.0,0.0,0.0,,
2055178005467763050,seekjourney,2026-05-15,unclassified,未分类,10.0,-0.022,1.80005827204275,-0.0396012819849405,0.0396012819849405,-0.007920256396988101,0.0,0.0,-0.0396012819849405,-0.0,-1.80005827204275,1.80005827204275,-0.0396012819849405,-0.0,0.0,0.6522211139034899,0.0,0.01980064099247025,0.0,0.0396012819849405,0.0,0.0,0.0,0.0,0.0,-0.0396012819849405,-0.0396012819849405,0.0,0.0,-0.15442452638173096,0.15442452638173096,0.0396012819849405,0.0,0.0,0.0,0.0,,
2055193003162214774,seekjourney,2026-05-15,unclassified,未分类,10.0,0.25,1.80005827204275,0.4500145680106875,-0.4500145680106875,0.09000291360213751,0.0,0.4500145680106875,0.0,0.2902410118609203,1.80005827204275,1.80005827204275,0.4500145680106875,0.40235947810852507,0.0,0.03996129363934905,-0.4500145680106875,-0.5224507342863075,-0.4500145680106875,-0.4500145680106875,-0.4500145680106875,0.0,0.0,0.0,0.5224507342863075,-0.4500145680106875,0.4500145680106875,0.0,0.0,1.8960662045972647,-1.8960662045972647,-0.4500145680106875,0.0,-0.4500145680106875,0.0,0.0,,
2055214380019806266,seekjourney,2026-05-15,unclassified,未分类,10.0,0.25,1.80005827204275,0.4500145680106875,-0.4500145680106875,0.09000291360213751,0.0,0.4500145680106875,0.0,0.3509193652572005,1.80005827204275,1.80005827204275,0.4500145680106875,0.4864775372638283,0.0,-0.043153396975104834,-0.4500145680106875,-0.631675306251215,-0.4500145680106875,-0.4500145680106875,-0.4500145680106875,0.0,0.0,0.0,0.631675306251215,-0.4500145680106875,0.4500145680106875,0.0,0.0,1.7915664935334095,-1.7915664935334095,-0.4500145680106875,0.0,-0.4500145680106875,0.0,0.0,,
2055217267240235287,seekjourney,2026-05-15,unclassified,未分类,10.0,0.0986,1.80005827204275,0.17748574562341515,-0.17748574562341515,0.03549714912468303,0.0,0.17748574562341515,0.0,0.0,1.80005827204275,1.80005827204275,0.17748574562341515,0.0,0.0,0.22974743745505635,0.0,-0.08874287281170758,0.0,-0.17748574562341515,0.0,0.0,0.0,0.0,0.0,-0.17748574562341515,0.17748574562341515,0.0,0.0,0.6549491986148114,-0.6549491986148114,-0.17748574562341515,0.0,0.0,0.0,0.0,,
2054892481234518458,sitinme,2026-05-14,unclassified,未分类,30.0,1.0,2.8859174075467844,2.8859174075467844,-2.8859174075467844,0.5771834815093569,0.0,2.8859174075467844,0.0,0.7737056144690831,2.8859174075467844,2.8859174075467844,2.8859174075467844,1.3862943611198906,0.0,-2.8859174075467844,0.0,-2.2328505011130084,-2.8859174075467844,-2.8859174075467844,-2.8859174075467844,0.0,0.0,0.0,2.2328505011130084,-2.8859174075467844,2.8859174075467844,0.0,0.0,7.3727463664043285,-7.3727463664043285,-1.7315504445280705,0.0,-2.8859174075467844,0.0,0.0,,
2054909712433570087,sitinme,2026-05-14,semiconductor,半导体,2.0,0.7413,2.8859174075467844,2.1393305742144313,-2.1393305742144313,1.7114644593715451,2.1393305742144313,2.1393305742144313,0.0,0.28677398600296566,2.8859174075467844,2.8859174075467844,2.1393305742144313,0.5138300049490874,-2.1393305742144313,-2.1393305742144313,0.0,-1.0696652871072156,-2.1393305742144313,-2.1393305742144313,-2.1393305742144313,0.0,0.0,0.0,0.8276060382375365,-2.1393305742144313,2.1393305742144313,0.0,0.0,5.752834208755909,-5.752834208755909,-2.1393305742144313,0.0,-2.1393305742144313,0.0,0.0,0.0020165153403783,-0.0405826822901672
2054911104019771474,sitinme,2026-05-14,semiconductor,半导体,2.0,0.25,2.8859174075467844,0.7214793518866961,-0.7214793518866961,0.5771834815093569,0.7214793518866961,0.7214793518866961,0.0,0.15328679819136462,2.8859174075467844,2.8859174075467844,0.7214793518866961,0.27465307216702745,-0.7214793518866961,-0.7214793518866961,0.0,-0.4423730392475701,-0.7214793518866961,-0.7214793518866961,-0.7214793518866961,0.0,0.0,0.0,0.4423730392475701,-0.7214793518866961,0.7214793518866961,0.0,0.0,1.8891069923600632,-1.8891069923600632,-0.7214793518866961,0.0,-0.7214793518866961,0.0,0.0,0.0020165153403783,-0.0405826822901672
2055080665142739373,sitinme,2026-05-15,semiconductor,半导体,2.0,0.2328,2.8859174075467844,0.6718415724768915,-0.6718415724768915,0.5374732579815132,0.6718415724768915,0.6718415724768915,0.0,0.2701780005726038,2.8859174075467844,2.8859174075467844,0.6718415724768915,0.48409399090306576,-0.6718415724768915,1.2437342054057456,-0.6718415724768915,-0.7797113949886625,-0.6718415724768915,-0.6718415724768915,-0.6718415724768915,0.0,0.0,0.0,0.7797113949886625,-0.6718415724768915,0.6718415724768915,0.0,0.0,1.5770393207440525,-1.5770393207440525,-0.6718415724768915,0.0,-0.6718415724768915,0.0,0.0,-0.0319189724877522,-0.0405826822901672
2055080917967011860,sitinme,2026-05-15,semiconductor,半导体,2.0,-0.1556,2.8859174075467844,-0.4490487486142796,0.4490487486142796,-0.35923899889142374,-0.4490487486142796,0.0,-0.4490487486142796,-0.12038859361138933,-2.8859174075467844,2.8859174075467844,-0.4490487486142796,-0.21570740259025495,0.4490487486142796,2.0536909751454804,0.0,0.34743153797318405,0.0,0.4490487486142796,0.0,0.4490487486142796,0.0,0.34743153797318405,0.0,-0.4490487486142796,-0.4490487486142796,0.0,0.0,-1.1106841640973004,1.1106841640973004,0.4490487486142796,0.0,0.0,0.0,0.0,-0.0319189724877522,-0.0405826822901672
2055094545990529255,sitinme,2026-05-15,semiconductor,半导体,2.0,0.9855,2.8859174075467844,2.8440716051373562,-2.8440716051373562,2.2752572841098853,2.8440716051373562,2.8440716051373562,0.0,0.9855,2.8859174075467844,2.8859174075467844,2.8440716051373562,1.7657789569242481,-2.8440716051373562,-1.6501675736352515,0.0,-2.8440716051373562,-2.8440716051373562,-2.8440716051373562,-2.8440716051373562,0.0,0.0,0.0,2.8440716051373562,-2.8440716051373562,2.8440716051373562,0.0,0.0,7.533596370513996,-7.533596370513996,-2.8440716051373562,0.0,-2.8440716051373562,0.0,0.0,-0.0319189724877522,-0.0405826822901672
2055145397560246358,sitinme,2026-05-15,semiconductor,半导体,2.0,-0.25,2.8859174075467844,-0.7214793518866961,0.7214793518866961,-0.5771834815093569,-0.7214793518866961,0.0,-0.7214793518866961,-0.0,-2.8859174075467844,2.8859174075467844,-0.7214793518866961,-0.0,0.7214793518866961,2.1904113123280093,0.0,0.36073967594334805,0.7214793518866961,0.7214793518866961,0.0,0.7214793518866961,0.0,0.0,0.0,-0.7214793518866961,-0.7214793518866961,0.0,0.0,-1.5526500192561632,1.5526500192561632,0.7214793518866961,0.7214793518866961,0.0,0.0,0.0,-0.0319189724877522,
2055276008463532065,sitinme,2026-05-15,semiconductor,半导体,2.0,0.0751,2.8859174075467844,0.2167323973067635,-0.2167323973067635,0.1733859178454108,0.2167323973067635,0.2167323973067635,0.0,0.05810529164662814,2.8859174075467844,2.8859174075467844,0.2167323973067635,0.10411070652010378,-0.2167323973067635,0.9392836613734057,0.0,-0.16768707263358693,0.0,-0.2167323973067635,0.0,0.0,0.0,0.0,0.0,-0.2167323973067635,0.2167323973067635,0.0,0.0,0.5637450426833202,-0.5637450426833202,-0.2167323973067635,0.0,0.0,0.0,0.0,-0.0319189724877522,
2055472805144051921,sitinme,2026-05-16,semiconductor,半导体,2.0,0.249,2.8859174075467844,0.7185934344791494,-0.7185934344791494,0.5748747475833195,0.7185934344791494,0.7185934344791494,0.0,0.27042224999292125,2.8859174075467844,2.8859174075467844,0.7185934344791494,0.484531627114773,-0.7185934344791494,0.3200121665293441,-0.7185934344791494,-0.7804162786425398,-0.7185934344791494,-0.7185934344791494,-0.7185934344791494,0.0,0.0,0.0,0.7804162786425397,-0.7185934344791494,0.7185934344791494,0.0,0.0,1.7779728077321884,-1.7779728077321884,-0.7185934344791494,0.0,-0.7185934344791494,0.0,0.0,,
2055541507617083807,sitinme,2026-05-16,semiconductor,半导体,2.0,0.2458,2.8859174075467844,0.7093584987749996,-0.7093584987749996,0.5674867990199997,0.7093584987749996,0.7093584987749996,0.0,0.09508842001825031,2.8859174075467844,2.8859174075467844,0.7093584987749996,0.17037557698163455,-0.7093584987749996,0.29369019484134434,0.0,-0.3546792493874998,-0.7093584987749996,-0.7093584987749996,-0.7093584987749996,0.0,0.0,0.0,0.2744173265867887,-0.7093584987749996,0.7093584987749996,0.0,0.0,1.9328854810472784,-1.9328854810472784,-0.7093584987749996,0.0,-0.7093584987749996,0.0,0.0,,
2055544010056560888,sitinme,2026-05-16,semiconductor,半导体,2.0,-0.1646,2.8859174075467844,-0.4750220052822007,0.4750220052822007,-0.3800176042257606,-0.4750220052822007,0.0,-0.4750220052822007,-0.1910279162124166,-2.8859174075467844,2.8859174075467844,-0.4750220052822007,-0.34227607776050095,0.4750220052822007,1.44870167941441,0.4750220052822007,0.5512907887248016,0.0,0.4750220052822007,0.0,0.4750220052822007,0.0,0.5512907887248016,0.0,-0.4750220052822007,-0.4750220052822007,0.0,0.0,-1.3248305514697292,1.3248305514697292,0.4750220052822007,0.0,0.0,0.0,0.4750220052822007,,
2055588064827674946,sitinme,2026-05-16,semiconductor,半导体,2.0,0.25,2.8859174075467844,0.7214793518866961,-0.7214793518866961,0.5771834815093569,0.7214793518866961,0.7214793518866961,0.0,0.3212743022346172,2.8859174075467844,2.8859174075467844,0.7214793518866961,0.5756462732485115,-0.7214793518866961,0.12050016957147612,-0.7214793518866961,-0.9271711014163286,-0.7214793518866961,-0.7214793518866961,-0.7214793518866961,0.0,0.0,0.0,0.9271711014163286,-0.7214793518866961,0.7214793518866961,0.0,0.0,1.7391363607878922,-1.7391363607878922,-0.7214793518866961,0.0,-0.7214793518866961,0.0,0.0,,
2055647708094800047,sitinme,2026-05-16,semiconductor,半导体,2.0,0.25,2.8859174075467844,0.7214793518866961,-0.7214793518866961,0.5771834815093569,0.7214793518866961,0.7214793518866961,0.0,0.1934264036172708,2.8859174075467844,2.8859174075467844,0.7214793518866961,0.34657359027997264,-0.7214793518866961,0.11045848877385318,0.0,-0.5582126252782521,-0.7214793518866961,-0.7214793518866961,-0.7214793518866961,0.0,0.0,0.0,0.5582126252782521,-0.7214793518866961,0.7214793518866961,0.0,0.0,1.7700066249806476,-1.7700066249806476,-0.7214793518866961,0.0,-0.7214793518866961,0.0,0.0,,
2055886027982598190,sitinme,2026-05-17,semiconductor,半导体,2.0,0.25,2.8859174075467844,0.7214793518866961,-0.7214793518866961,0.5771834815093569,0.7214793518866961,0.7214793518866961,0.0,0.25,2.8859174075467844,2.8859174075467844,0.7214793518866961,0.44793986730701374,-0.7214793518866961,0.10196168194509521,0.0,-0.7214793518866961,-0.7214793518866961,-0.7214793518866961,-0.7214793518866961,0.0,0.0,0.0,0.7214793518866961,-0.7214793518866961,0.7214793518866961,0.0,0.0,1.7482537807332401,-1.7482537807332401,-0.7214793518866961,0.0,-0.7214793518866961,0.0,0.0,,
2055937114928562322,sitinme,2026-05-17,semiconductor,半导体,2.0,0.2498,2.8859174075467844,0.7209021684051867,-0.7209021684051867,0.5767217347241494,0.7209021684051867,0.7209021684051867,0.0,0.3679269077461111,2.8859174075467844,2.8859174075467844,0.7209021684051867,0.6592365209378915,-0.7209021684051867,0.09525588814481212,-0.7209021684051867,-1.0618066677693618,-0.7209021684051867,-0.7209021684051867,-0.7209021684051867,0.0,0.0,0.0,1.0618066677693618,-0.7209021684051867,0.7209021684051867,0.0,0.0,2.109681489496787,-2.109681489496787,-0.7209021684051867,0.0,-0.7209021684051867,0.0,0.0,,
2055977380242469298,sitinme,2026-05-17,semiconductor,半导体,2.0,0.25,2.8859174075467844,0.7214793518866961,-0.7214793518866961,0.5771834815093569,0.7214793518866961,0.7214793518866961,0.0,0.5181460082228879,2.8859174075467844,2.8859174075467844,0.7214793518866961,0.928393016676077,-0.7214793518866961,0.08832831212031526,-0.7214793518866961,-1.4953265847813115,-0.7214793518866961,-0.7214793518866961,-0.7214793518866961,0.0,0.0,0.0,1.4953265847813115,-0.7214793518866961,0.7214793518866961,0.0,0.0,2.0854717423790468,-2.0854717423790468,-0.7214793518866961,0.0,-0.7214793518866961,0.0,0.0,,
2053377611150274788,skywind3000,2026-05-10,unclassified,未分类,39.0,0.2498,0.4824261492442927,0.12051005208122433,-0.12051005208122433,0.024102010416244865,0.0,0.12051005208122433,0.0,0.22266763199595546,0.4824261492442927,0.4824261492442927,0.12051005208122433,0.9395477889002518,0.0,-0.12051005208122433,0.0,-0.10742068826515407,-0.12051005208122433,-0.12051005208122433,-0.12051005208122433,0.0,0.0,0.0,0.10742068826515407,-0.12051005208122433,0.12051005208122433,0.0,0.0,2.2772939952602544,-2.2772939952602544,-0.12051005208122433,0.0,-0.12051005208122433,0.0,0.0,,
2054092894114574338,skywind3000,2026-05-12,unclassified,未分类,39.0,0.5002,0.4824261492442927,0.2413095598519952,-0.2413095598519952,0.04826191197039904,0.0,0.2413095598519952,0.0,0.5373153516686454,0.4824261492442927,0.4824261492442927,0.2413095598519952,2.2672062664752586,0.0,-0.2413095598519952,-0.2413095598519952,-0.25921497603534754,-0.2413095598519952,-0.2413095598519952,-0.2413095598519952,0.0,0.0,0.0,0.25921497603534754,-0.2413095598519952,0.2413095598519952,0.0,0.0,5.104688258396458,-5.104688258396458,-0.2413095598519952,0.0,-0.2413095598519952,0.0,0.0,,
2054096418441482378,skywind3000,2026-05-12,unclassified,未分类,39.0,-0.0828,0.4824261492442927,-0.03994488515742744,0.03994488515742744,-0.007988977031485487,0.0,0.0,-0.03994488515742744,-0.06467467571404015,-0.4824261492442927,0.4824261492442927,-0.03994488515742744,-0.2728952925051584,0.0,0.03994488515742744,0.0,0.031200754758347767,0.0,0.03994488515742744,0.0,0.0,0.0,0.0,0.0,-0.03994488515742744,-0.03994488515742744,0.0,0.0,-0.757404767378351,0.757404767378351,0.03994488515742744,0.0,0.0,0.0,0.0,,
2055313068113158646,skywind3000,2026-05-15,unclassified,未分类,39.0,-0.2094,0.4824261492442927,-0.1010200356517549,0.1010200356517549,-0.02020400713035098,0.0,0.0,-0.1010200356517549,-0.23921438953636592,-0.4824261492442927,0.4824261492442927,-0.1010200356517549,-1.0093669598376949,0.0,0.2083116112436856,0.1010200356517549,0.11540327678785324,0.1010200356517549,0.1010200356517549,0.0,0.1010200356517549,0.0,0.11540327678785324,0.0,-0.1010200356517549,-0.1010200356517549,0.0,0.0,-2.2025309189004254,2.2025309189004254,0.1010200356517549,0.1010200356517549,0.0,0.0,0.1010200356517549,,
2054339959822471213,sodawhite_dev,2026-05-12,unclassified,未分类,3.0,0.25,2.336986519711378,0.5842466299278445,-0.5842466299278445,0.35054797795670667,0.5842466299278445,0.5842466299278445,0.0,0.25,2.336986519711378,2.336986519711378,0.5842466299278445,0.27465307216702745,-0.5842466299278445,-0.5842466299278445,0.0,-0.5842466299278445,-0.5842466299278445,-0.5842466299278445,-0.5842466299278445,0.0,0.0,0.0,0.5842466299278445,-0.5842466299278445,0.5842466299278445,0.0,0.0,1.545521226679158,-1.545521226679158,-0.5842466299278445,0.0,-0.5842466299278445,0.0,0.0,,
2054539178273321457,sodawhite_dev,2026-05-13,unclassified,未分类,5.0,-0.2377,2.336986519711378,-0.5555016957353945,0.5555016957353945,-0.11110033914707891,0.0,0.0,-0.5555016957353945,-0.29994400484787087,-2.336986519711378,2.336986519711378,-0.5555016957353945,-0.32952216963819797,0.0,0.5555016957353945,0.5555016957353945,0.7009650959977184,0.5555016957353945,0.5555016957353945,0.0,0.5555016957353945,0.0,0.7009650959977184,0.0,-0.5555016957353945,-0.5555016957353945,0.0,0.0,-1.7145376255427485,1.7145376255427485,0.5555016957353945,0.5555016957353945,0.0,0.0,0.5555016957353945,,
2054543066476994828,sodawhite_dev,2026-05-13,unclassified,未分类,5.0,0.2499,2.336986519711378,0.5840129312758734,-0.5840129312758734,0.11680258625517469,0.0,0.5840129312758734,0.0,0.0,2.336986519711378,2.336986519711378,0.5840129312758734,0.0,0.0,-0.5840129312758734,0.0,-0.2920064656379367,-0.5840129312758734,-0.5840129312758734,-0.5840129312758734,0.0,0.0,0.0,0.0,-0.5840129312758734,0.5840129312758734,0.0,0.0,1.3545916963181444,-1.3545916963181444,-0.5840129312758734,0.0,-0.5840129312758734,0.0,0.0,,
2054806786386092262,sodawhite_dev,2026-05-14,unclassified,未分类,5.0,-0.1862,2.336986519711378,-0.4351468899702586,0.4351468899702586,-0.08702937799405172,0.0,0.0,-0.4351468899702586,-0.11747912011500537,-2.336986519711378,2.336986519711378,-0.4351468899702586,-0.1290640050202618,0.0,0.639399511793033,0.0,0.2745471200563213,0.0,0.4351468899702586,0.0,0.4351468899702586,0.0,0.2745471200563213,0.0,-0.4351468899702586,-0.4351468899702586,0.0,0.0,-1.0669445795896795,1.0669445795896795,0.4351468899702586,0.0,0.0,0.0,0.0,,
2055062023487238588,sodawhite_dev,2026-05-14,unclassified,未分类,5.0,-0.1194,2.336986519711378,-0.27903619045353856,0.27903619045353856,-0.055807238090707714,0.0,0.0,-0.27903619045353856,-0.0,-2.336986519711378,2.336986519711378,-0.27903619045353856,-0.0,0.0,0.32343893432805476,0.0,0.13951809522676928,0.0,0.27903619045353856,0.0,0.27903619045353856,0.0,0.0,0.0,-0.27903619045353856,-0.27903619045353856,0.0,0.0,-0.6271214473087676,0.6271214473087676,0.27903619045353856,0.0,0.0,0.0,0.0,,
2055095296066294016,sodawhite_dev,2026-05-15,unclassified,未分类,5.0,0.2492,2.336986519711378,0.5823770407120754,-0.5823770407120754,0.11647540814241508,0.0,0.5823770407120754,0.0,0.15722769459000718,2.336986519711378,2.336986519711378,0.5823770407120754,0.17273227739553837,0.0,-0.6026620837031701,0.0,-0.36743900278214436,-0.5823770407120754,-0.5823770407120754,-0.5823770407120754,0.0,0.0,0.0,0.3674390027821443,-0.5823770407120754,0.5823770407120754,0.0,0.0,1.5627303172190883,-1.5627303172190883,-0.5823770407120754,0.0,-0.5823770407120754,0.0,0.0,,
2055103974551007743,sodawhite_dev,2026-05-15,unclassified,未分类,5.0,0.1446,2.336986519711378,0.3379282507502653,-0.3379282507502653,0.06758565015005306,0.0,0.3379282507502653,0.0,0.0,2.336986519711378,2.336986519711378,0.3379282507502653,0.0,0.0,-0.257769613124165,0.0,-0.16896412537513264,0.0,-0.3379282507502653,0.0,0.0,0.0,0.0,0.0,-0.3379282507502653,0.3379282507502653,0.0,0.0,0.8695832115637893,-0.8695832115637893,-0.3379282507502653,0.0,0.0,0.0,0.0,,
2055113638143574469,sodawhite_dev,2026-05-15,unclassified,未分类,5.0,0.2237,2.336986519711378,0.5227838844594352,-0.5227838844594352,0.10455677689188705,0.0,0.5227838844594352,0.0,0.2237,2.336986519711378,2.336986519711378,0.5227838844594352,0.24575956897505616,0.0,-0.4058010163870257,0.0,-0.5227838844594352,-0.5227838844594352,-0.5227838844594352,-0.5227838844594352,0.0,0.0,0.0,0.5227838844594352,-0.5227838844594352,0.5227838844594352,0.0,0.0,1.4727086429969158,-1.4727086429969158,-0.5227838844594352,0.0,-0.5227838844594352,0.0,0.0,,
2055444642364362923,tinyfool,2026-05-16,unclassified,未分类,46.0,0.2493,0.3784364357202451,0.0943442034250571,-0.0943442034250571,0.01886884068501142,0.0,0.0943442034250571,0.0,0.0,0.3784364357202451,0.3784364357202451,0.0,0.0,0.0,-0.0943442034250571,0.0,-0.04717210171252855,-0.0943442034250571,0.0,-0.0943442034250571,0.0,0.0,0.0,0.0,-0.0943442034250571,0.0943442034250571,0.0,0.0,0.4012328715698212,-0.4012328715698212,-0.0943442034250571,0.0,-0.0943442034250571,-0.0943442034250571,0.0,,
2055490442444292543,tinyfool,2026-05-16,unclassified,未分类,46.0,0.2446,0.3784364357202451,0.09256555217717195,-0.09256555217717195,0.018513110435434393,0.0,0.09256555217717195,0.0,0.2446,0.3784364357202451,0.3784364357202451,0.09256555217717195,0.6273866128350919,0.0,-0.09256555217717195,0.0,-0.09256555217717195,-0.09256555217717195,-0.09256555217717195,-0.09256555217717195,0.0,0.0,0.0,0.09256555217717195,-0.09256555217717195,0.09256555217717195,0.0,0.0,2.0622180735784683,-2.0622180735784683,-0.09256555217717195,0.0,-0.09256555217717195,0.0,0.0,,
2055085182659772858,tualatrix,2026-05-15,ai_tech,AI / 大模型,25.0,0.0388,0.37156355643248307,0.014416665989580343,-0.014416665989580343,0.002883333197916069,0.0,0.014416665989580343,0.0,0.046101813314142676,0.37156355643248307,0.37156355643248307,0.014416665989580343,0.17749878596593127,0.0,-0.014416665989580343,-0.014416665989580343,-0.017129753712989252,0.0,-0.014416665989580343,0.0,0.0,0.0,0.0,0.0,-0.014416665989580343,0.014416665989580343,0.0,0.0,0.4021993611160096,-0.4021993611160096,-0.014416665989580343,0.0,0.0,0.0,0.0,-0.0128940329861121,-0.015087714031981
2055108327793934599,tualatrix,2026-05-15,ai_tech,AI / 大模型,26.0,-0.0419,0.37156355643248307,-0.01556851301452104,0.01556851301452104,-0.003113702602904208,0.0,0.0,-0.01556851301452104,-0.04235351143899218,-0.37156355643248307,0.37156355643248307,-0.01556851301452104,-0.16306727049083525,0.0,0.01556851301452104,0.0,0.015737021337675787,0.0,0.01556851301452104,0.0,0.0,0.0,0.0,0.0,-0.01556851301452104,-0.01556851301452104,0.0,0.0,-0.40478663363596457,0.40478663363596457,0.01556851301452104,0.0,0.0,0.0,0.0,-0.0128940329861121,-0.015087714031981
2055117635604582544,tualatrix,2026-05-15,ai_tech,AI / 大模型,26.0,0.2158,0.37156355643248307,0.08018341547812985,-0.08018341547812985,0.016036683095625972,0.0,0.08018341547812985,0.0,0.24346942169689237,0.37156355643248307,0.37156355643248307,0.08018341547812985,0.937393210036025,0.0,-0.08018341547812985,-0.08018341547812985,-0.09046436420825729,-0.08018341547812985,-0.08018341547812985,-0.08018341547812985,0.0,0.0,0.0,0.09046436420825728,-0.08018341547812985,0.08018341547812985,0.0,0.0,2.091752292652813,-2.091752292652813,-0.08018341547812985,0.0,-0.08018341547812985,0.0,0.0,-0.0128940329861121,-0.015087714031981
2055132234278113399,tualatrix,2026-05-15,ai_tech,AI / 大模型,26.0,0.1841,0.37156355643248307,0.06840485073922013,-0.06840485073922013,0.013680970147844028,0.0,0.06840485073922013,0.0,0.17393608798483123,0.37156355643248307,0.37156355643248307,0.06840485073922013,0.6696796120056276,0.0,-0.04206099458815709,0.0,-0.06462831144359718,0.0,-0.06840485073922013,-0.06840485073922013,0.0,0.0,0.0,0.06462831144359718,-0.06840485073922013,0.06840485073922013,0.0,0.0,1.8630640447010005,-1.8630640447010005,-0.06840485073922013,0.0,0.0,0.0,0.0,-0.0128940329861121,-0.015087714031981
2055214991452835914,tualatrix,2026-05-15,ai_tech,AI / 大模型,26.0,-0.1108,0.37156355643248307,-0.04116924205271912,0.04116924205271912,-0.008233848410543825,0.0,0.0,-0.04116924205271912,-0.12917450477623899,-0.37156355643248307,0.37156355643248307,-0.04116924205271912,-0.49734090976632106,0.0,0.07802834685082145,0.04116924205271912,0.04799653839506413,0.0,0.04116924205271912,0.0,0.04116924205271912,0.0,0.047996538395064126,0.0,-0.04116924205271912,-0.04116924205271912,0.0,0.0,-1.1939638803197181,1.1939638803197181,0.04116924205271912,0.0,0.0,0.0,0.04116924205271912,-0.0128940329861121,
2055258916704174552,tualatrix,2026-05-15,ai_tech,AI / 大模型,26.0,-0.2239,0.37156355643248307,-0.08319308028523295,0.08319308028523295,-0.01663861605704659,0.0,0.0,-0.08319308028523295,-0.2803167967014069,-0.37156355643248307,0.37156355643248307,-0.08319308028523295,-1.0792610425389677,0.0,0.104446515713171,0.08319308028523295,0.10415550591013609,0.08319308028523295,0.08319308028523295,0.0,0.08319308028523295,0.0,0.10415550591013609,0.0,-0.08319308028523295,-0.08319308028523295,0.0,0.0,-2.386817932445765,2.386817932445765,0.08319308028523295,0.08319308028523295,0.0,0.0,0.08319308028523295,-0.0128940329861121,
2055259823529512970,tualatrix,2026-05-15,ai_tech,AI / 大模型,26.0,0.2348,0.37156355643248307,0.08724312305034702,-0.08724312305034702,0.017448624610069404,0.0,0.08724312305034702,0.0,0.2348,0.37156355643248307,0.37156355643248307,0.08724312305034702,0.9040146568815217,0.0,-0.08339744024127083,0.0,-0.08724312305034702,-0.08724312305034702,-0.08724312305034702,-0.08724312305034702,0.0,0.0,0.0,0.08724312305034702,-0.08724312305034702,0.08724312305034702,0.0,0.0,2.0319987981848904,-2.0319987981848904,-0.08724312305034702,0.0,-0.08724312305034702,0.0,0.0,-0.0128940329861121,
2055293153327169684,tualatrix,2026-05-15,ai_tech,AI / 大模型,26.0,-0.2499,0.37156355643248307,-0.09285373275247752,0.09285373275247752,-0.018570746550495506,0.0,0.0,-0.09285373275247752,-0.11629701966782163,-0.37156355643248307,0.37156355643248307,-0.09285373275247752,-0.44776069136009095,0.0,0.10861333559602099,0.0,0.04642686637623876,0.09285373275247752,0.09285373275247752,0.0,0.09285373275247752,0.0,0.04321173423027424,0.0,-0.09285373275247752,-0.09285373275247752,0.0,0.0,-2.1123450566810864,2.1123450566810864,0.09285373275247752,0.09285373275247752,0.0,0.0,0.0,-0.000646434199654,
2055312565488787706,tualatrix,2026-05-15,ai_tech,AI / 大模型,26.0,0.0266,0.37156355643248307,0.00988359060110405,-0.00988359060110405,0.00197671812022081,0.0,0.00988359060110405,0.0,0.024156762481962742,0.37156355643248307,0.37156355643248307,0.00988359060110405,0.09300710113500837,0.0,-0.007700654707063209,0.0,-0.008975772579692853,0.0,-0.00988359060110405,0.0,0.0,0.0,0.0,0.0,-0.00988359060110405,0.00988359060110405,0.0,0.0,0.242189508458303,-0.242189508458303,-0.00988359060110405,0.0,0.0,0.0,0.0,0.0020500760969479,
2055428682693615712,tualatrix,2026-05-15,ai_tech,AI / 大模型,26.0,0.1845,0.37156355643248307,0.06855347616179312,-0.06855347616179312,0.013710695232358626,0.0,0.06855347616179312,0.0,0.17037313505940624,0.37156355643248307,0.37156355643248307,0.06855347616179312,0.6559617173447968,0.0,-0.06551491196696749,0.0,-0.06330444798322474,0.0,-0.06855347616179312,-0.06855347616179312,0.0,0.0,0.0,0.06330444798322475,-0.06855347616179312,0.06855347616179312,0.0,0.0,1.6445252000000532,-1.6445252000000532,-0.06855347616179312,0.0,0.0,0.0,0.0,,
2055477208114950444,tualatrix,2026-05-16,ai_tech,AI / 大模型,26.0,-0.1911,0.37156355643248307,-0.07100579563424751,0.07100579563424751,-0.014201159126849503,0.0,0.0,-0.07100579563424751,-0.21560243969544082,-0.37156355643248307,0.37156355643248307,-0.07100579563424751,-0.830101216116239,0.0,0.0805958510257699,0.07100579563424751,0.08011000926875796,0.0,0.07100579563424751,0.0,0.07100579563424751,0.0,0.08011000926875796,0.0,-0.07100579563424751,-0.07100579563424751,0.0,0.0,-1.9367977394567735,1.9367977394567735,0.07100579563424751,0.0,0.0,0.0,0.07100579563424751,,
2055498834734952561,tualatrix,2026-05-16,ai_tech,AI / 大模型,26.0,0.0545,0.37156355643248307,0.020250213825570327,-0.020250213825570327,0.004050042765114065,0.0,0.020250213825570327,0.0,0.044986310051342925,0.37156355643248307,0.37156355643248307,0.020250213825570327,0.17320393375396304,0.0,-0.017987053981845202,0.0,-0.016715273353451337,0.0,-0.020250213825570327,0.0,0.0,0.0,0.0,0.0,-0.020250213825570327,0.020250213825570327,0.0,0.0,0.5512699107856138,-0.5512699107856138,-0.020250213825570327,0.0,0.0,0.0,0.0,,
2055582974796771724,tualatrix,2026-05-16,ai_tech,AI / 大模型,26.0,-0.018,0.37156355643248307,-0.006688144015784695,0.006688144015784695,-0.001337628803156939,0.0,0.0,-0.006688144015784695,-0.014658891482928376,-0.37156355643248307,0.37156355643248307,-0.006688144015784695,-0.05643889588672469,0.0,0.010450225024663588,0.0,0.005446709852754704,0.0,0.006688144015784695,0.0,0.0,0.0,0.0,0.0,-0.006688144015784695,-0.006688144015784695,0.0,0.0,-0.15202254941480098,0.15202254941480098,0.006688144015784695,0.0,0.0,0.0,0.0,,
2055590803683291580,tualatrix,2026-05-16,ai_tech,AI / 大模型,26.0,-0.2278,0.37156355643248307,-0.08464217815531964,0.08464217815531964,-0.01692843563106393,0.0,0.0,-0.08464217815531964,-0.22904565785819123,-0.37156355643248307,0.37156355643248307,-0.08464217815531964,-0.8818595902848176,0.0,0.08760039570076288,0.0,0.08510501921920725,0.08464217815531964,0.08464217815531964,0.0,0.08464217815531964,0.0,0.08510501921920724,0.0,-0.08464217815531964,-0.08464217815531964,0.0,0.0,-2.1926870205756845,2.1926870205756845,0.08464217815531964,0.08464217815531964,0.0,0.0,0.08464217815531964,,
2055829900876292105,tualatrix,2026-05-17,ai_tech,AI / 大模型,26.0,-0.2488,0.37156355643248307,-0.09244501284040178,0.09244501284040178,-0.018489002568080358,0.0,0.0,-0.09244501284040178,-0.33149866766302116,-0.37156355643248307,0.37156355643248307,-0.09244501284040178,-1.2763188002728607,0.0,0.08914605926436195,0.09244501284040178,0.12317282390950192,0.09244501284040178,0.09244501284040178,0.0,0.09244501284040178,0.0,0.12317282390950192,0.0,-0.09244501284040178,-0.09244501284040178,0.0,0.0,-2.699720546275535,2.699720546275535,0.09244501284040178,0.09244501284040178,0.0,0.0,0.09244501284040178,,
2055874383143682140,tualatrix,2026-05-17,ai_tech,AI / 大模型,26.0,0.0353,0.37156355643248307,0.013116193542066652,-0.013116193542066652,0.0026232387084133306,0.0,0.013116193542066652,0.0,0.02419614346578344,0.37156355643248307,0.37156355643248307,0.013116193542066652,0.09315872373541861,0.0,-0.02235821773573061,0.0,-0.008990405118097082,0.0,-0.013116193542066652,0.0,0.0,0.0,0.0,0.0,-0.013116193542066652,0.013116193542066652,0.0,0.0,0.28876532687951106,-0.28876532687951106,-0.013116193542066652,0.0,0.0,0.0,0.0,,
2056046867302297632,tualatrix,2026-05-17,ai_tech,AI / 大模型,26.0,-0.1512,0.37156355643248307,-0.05618040973259144,0.05618040973259144,-0.01123608194651829,0.0,0.0,-0.05618040973259144,-0.13610368295245964,-0.37156355643248307,0.37156355643248307,-0.05618040973259144,-0.5240192685033187,0.0,0.0468516873757599,0.0,0.05057116848137502,0.0,0.05618040973259144,0.0,0.05618040973259144,0.0,0.05057116848137502,0.0,-0.05618040973259144,-0.05618040973259144,0.0,0.0,-1.228818908824372,1.228818908824372,0.05618040973259144,0.0,0.0,0.0,0.0,,
2054801540687515994,tuolaji2024,2026-05-14,consumer_tech,消费科技,1.0,-0.1632,1.5871923034867808,-0.25902978392904263,0.25902978392904263,-0.25902978392904263,-0.25902978392904263,0.0,-0.25902978392904263,-0.1658880924357659,-1.5871923034867808,1.5871923034867808,-0.25902978392904263,-0.7379558957744035,0.25902978392904263,0.25902978392904263,0.0,0.2632963035541513,0.0,0.25902978392904263,0.0,0.25902978392904263,0.0,0.2632963035541513,0.0,-0.25902978392904263,-0.25902978392904263,0.25902978392904263,-0.25902978392904263,-1.7760959482488454,1.7760959482488454,0.25902978392904263,0.0,0.0,0.0,0.25902978392904263,0.0051926185114692,-0.015087714031981
2054850485572850148,tuolaji2024,2026-05-14,consumer_tech,消费科技,1.0,0.2495,1.5871923034867808,0.3960044797199518,-0.3960044797199518,0.3960044797199518,0.3960044797199518,0.3960044797199518,0.0,0.25599655649910774,1.5871923034867808,1.5871923034867808,0.3960044797199518,1.138804873771225,-0.3960044797199518,-0.3960044797199518,0.0,-0.4063157641945026,-0.3960044797199518,-0.3960044797199518,-0.3960044797199518,0.0,0.0,0.0,0.4063157641945026,-0.3960044797199518,0.3960044797199518,-0.3960044797199518,0.3960044797199518,2.830108749004504,-2.830108749004504,-0.3960044797199518,0.0,-0.3960044797199518,0.0,0.0,0.0051926185114692,-0.015087714031981
2054896480574685459,tuolaji2024,2026-05-14,consumer_tech,消费科技,1.0,0.25,1.5871923034867808,0.3967980758716952,-0.3967980758716952,0.3967980758716952,0.3967980758716952,0.3967980758716952,0.0,0.38814933985630756,1.5871923034867808,1.5871923034867808,0.3967980758716952,1.7266886946621385,-0.3967980758716952,-0.3967980758716952,-0.3967980758716952,-0.6160676448234061,-0.3967980758716952,-0.3967980758716952,-0.3967980758716952,0.0,0.0,0.0,0.6160676448234061,-0.3967980758716952,0.3967980758716952,-0.3967980758716952,0.3967980758716952,3.2280648598994808,-3.2280648598994808,-0.3967980758716952,0.0,-0.3967980758716952,0.0,0.0,0.0051926185114692,-0.015087714031981
2054901185396850804,tuolaji2024,2026-05-14,consumer_tech,消费科技,1.0,0.9989,1.5871923034867808,1.5854463919529453,-1.5854463919529453,1.5854463919529453,1.5854463919529453,1.5854463919529453,0.0,0.7227881814371117,1.5871923034867808,1.5871923034867808,1.5854463919529453,3.2153350614608454,-1.5854463919529453,-1.4075221347320772,0.0,-1.1472038386281904,-1.5854463919529453,-1.5854463919529453,-1.5854463919529453,0.0,0.0,0.0,1.1472038386281904,-1.5854463919529453,1.5854463919529453,-1.5854463919529453,1.5854463919529453,9.618064370581898,-9.618064370581898,-0.9505694705582329,0.0,-1.5854463919529453,0.0,0.0,0.0051926185114692,-0.015087714031981
2054922517207503099,tuolaji2024,2026-05-14,consumer_tech,消费科技,1.0,1.0,1.5871923034867808,1.5871923034867808,-1.5871923034867808,1.5871923034867808,1.5871923034867808,1.5871923034867808,0.0,0.6948479430298315,1.5871923034867808,1.5871923034867808,1.5871923034867808,3.091042453358316,-1.5871923034867808,-1.0573875125828933,0.0,-1.1028573072705696,-1.5871923034867808,-1.5871923034867808,-1.5871923034867808,0.0,0.0,0.0,1.1028573072705696,-1.5871923034867808,1.5871923034867808,-1.5871923034867808,1.5871923034867808,9.257128533474942,-9.257128533474942,-0.6348769213947122,0.0,-1.5871923034867808,0.0,0.0,0.0029994682613949,-0.015087714031981
2054930838073364869,tuolaji2024,2026-05-14,consumer_tech,消费科技,1.0,-0.2163,1.5871923034867808,-0.34330969524419064,0.34330969524419064,-0.34330969524419064,-0.34330969524419064,0.0,-0.34330969524419064,-0.212455454946669,-1.5871923034867808,1.5871923034867808,-0.34330969524419064,-0.9451115704886167,0.34330969524419064,1.084591988664657,0.0,0.33720766292513554,0.34330969524419064,0.34330969524419064,0.0,0.34330969524419064,0.0,0.33720766292513554,0.0,-0.34330969524419064,-0.34330969524419064,0.34330969524419064,-0.34330969524419064,-2.262618532045089,2.262618532045089,0.34330969524419064,0.34330969524419064,0.0,0.0,0.0,0.0041901717379051,-0.015087714031981
2054959721292116071,tuolaji2024,2026-05-14,consumer_tech,消费科技,1.0,-0.2392,1.5871923034867808,-0.37965639899403797,0.37965639899403797,-0.37965639899403797,-0.37965639899403797,0.0,-0.37965639899403797,-0.37034877157062124,-1.5871923034867808,1.5871923034867808,-0.37965639899403797,-1.6475025751421764,0.37965639899403797,0.9401733609703946,0.37965639899403797,0.587814719842674,0.37965639899403797,0.37965639899403797,0.0,0.37965639899403797,0.0,0.5878147198426739,0.0,-0.37965639899403797,-0.37965639899403797,0.37965639899403797,-0.37965639899403797,-3.387364839700009,3.387364839700009,0.37965639899403797,0.37965639899403797,0.0,0.0,0.37965639899403797,-0.0044783147868668,-0.015087714031981
2055135038375882813,tuolaji2024,2026-05-15,consumer_tech,消费科技,1.0,1.0,1.5871923034867808,1.5871923034867808,-1.5871923034867808,1.5871923034867808,1.5871923034867808,1.5871923034867808,0.0,1.1477861476498545,1.5871923034867808,1.5871923034867808,1.5871923034867808,5.10594547390058,-1.5871923034867808,-1.1609858216490518,-1.5871923034867808,-1.8217573395985909,-1.5871923034867808,-1.5871923034867808,-1.5871923034867808,0.0,0.0,0.0,1.8217573395985909,-1.5871923034867808,1.5871923034867808,-1.5871923034867808,1.5871923034867808,9.883998875952265,-9.883998875952265,-1.5871923034867808,0.0,-1.5871923034867808,0.0,0.0,-0.0128940329861121,-0.015087714031981
2055144154611827064,tuolaji2024,2026-05-15,ai_tech,AI / 大模型,6.0,0.2489,1.5871923034867808,0.3950521643378597,-0.3950521643378597,0.07901043286757195,0.0,0.3950521643378597,0.0,0.2843108667160091,1.5871923034867808,1.5871923034867808,0.3950521643378597,1.264761546444633,0.0,0.1762775452060005,-0.3950521643378597,-0.45125601944930555,-0.3950521643378597,-0.3950521643378597,-0.3950521643378597,0.0,0.0,0.0,0.45125601944930555,-0.3950521643378597,0.3950521643378597,0.0,0.0,2.684412390696542,-2.684412390696542,-0.3950521643378597,0.0,-0.3950521643378597,0.0,0.0,-0.0128940329861121,
2055168911386308819,tuolaji2024,2026-05-15,ai_tech,AI / 大模型,6.0,0.2455,1.5871923034867808,0.38965571050600467,-0.38965571050600467,0.07793114210120095,0.0,0.38965571050600467,0.0,0.25414524419290013,1.5871923034867808,1.5871923034867808,0.38965571050600467,1.1305692806600764,0.0,0.1620876051260778,0.0,-0.40337737555073955,-0.38965571050600467,-0.38965571050600467,-0.38965571050600467,0.0,0.0,0.0,0.40337737555073955,-0.38965571050600467,0.38965571050600467,0.0,0.0,2.6910789396207564,-2.6910789396207564,-0.38965571050600467,0.0,-0.38965571050600467,0.0,0.0,-0.0128940329861121,
2055194630040461350,tuolaji2024,2026-05-15,ai_tech,AI / 大模型,6.0,0.1824,1.5871923034867808,0.2895038761559888,-0.2895038761559888,0.05790077523119777,0.0,0.2895038761559888,0.0,0.15226549431850137,1.5871923034867808,1.5871923034867808,0.2895038761559888,0.6773555449668658,0.0,0.24603067896348585,0.0,-0.24167462066893552,0.0,-0.2895038761559888,-0.2895038761559888,0.0,-0.2895038761559888,0.0,0.2416746206689355,-0.2895038761559888,0.2895038761559888,0.0,0.0,1.7755146021463077,-1.7755146021463077,-0.9243807975507011,0.0,0.0,0.0,0.0,-0.0128940329861121,
2055216635838161315,tuolaji2024,2026-05-15,ai_tech,AI / 大模型,6.0,-0.2271,1.5871923034867808,-0.3604513721218479,0.3604513721218479,-0.07209027442436959,0.0,0.0,-0.3604513721218479,-0.12241429960727258,-1.5871923034867808,1.5871923034867808,-0.3604513721218479,-0.54456201645251,0.0,0.8736195018810057,0.0,0.1942950341733879,0.3604513721218479,0.3604513721218479,0.0,0.3604513721218479,0.0,0.1942950341733879,0.0,-0.3604513721218479,-0.3604513721218479,0.0,0.0,-2.0380494996479004,2.0380494996479004,0.3604513721218479,0.3604513721218479,0.0,0.0,0.0,-0.0128940329861121,
2055241717180199327,tuolaji2024,2026-05-15,ai_tech,AI / 大模型,6.0,0.2191,1.5871923034867808,0.34775383369395363,-0.34775383369395363,0.06955076673879072,0.0,0.34775383369395363,0.0,0.16232779567738911,1.5871923034867808,1.5871923034867808,0.34775383369395363,0.7221178573415484,0.0,0.09261267090845372,0.0,-0.25764542794112666,-0.34775383369395363,-0.34775383369395363,-0.34775383369395363,0.0,0.0,0.0,0.2576454279411267,-0.34775383369395363,0.34775383369395363,0.0,0.0,2.148285902807282,-2.148285902807282,-0.34775383369395363,0.0,-0.34775383369395363,0.0,0.0,-0.0128940329861121,
2055243298198167888,tuolaji2024,2026-05-15,ai_tech,AI / 大模型,6.0,0.2165,1.5871923034867808,0.343627133704888,-0.343627133704888,0.0687254267409776,0.0,0.343627133704888,0.0,0.26227486445029036,1.5871923034867808,1.5871923034867808,0.343627133704888,1.1667340295052724,0.0,0.08961531928917664,-0.343627133704888,-0.4162806462535395,-0.343627133704888,-0.343627133704888,-0.343627133704888,0.0,0.0,0.0,0.41628064625353955,-0.343627133704888,0.343627133704888,0.0,0.0,2.5444522999847567,-2.5444522999847567,-0.343627133704888,0.0,-0.343627133704888,0.0,0.0,-0.0128940329861121,
2055463911034654998,tuolaji2024,2026-05-16,ai_tech,AI / 大模型,6.0,0.1864,1.5871923034867808,0.29585264536993594,-0.29585264536993594,0.05917052907398719,0.0,0.29585264536993594,0.0,0.19618883847561527,1.5871923034867808,1.5871923034867808,0.29585264536993594,0.8727492607359546,0.0,0.13098871338918763,-0.29585264536993594,-0.31138941445850776,0.0,-0.29585264536993594,-0.29585264536993594,0.0,0.0,0.0,0.31138941445850776,-0.29585264536993594,0.29585264536993594,0.0,0.0,2.072032340950608,-2.072032340950608,-0.29585264536993594,0.0,0.0,0.0,0.0,,
2055592599877304633,tuolaji2024,2026-05-16,ai_tech,AI / 大模型,6.0,0.25,1.5871923034867808,0.3967980758716952,-0.3967980758716952,0.07935961517433904,0.0,0.3967980758716952,0.0,0.293679186052551,1.5871923034867808,1.5871923034867808,0.3967980758716952,1.3064366684283004,0.0,0.021310701994815804,-0.3967980758716952,-0.46612534379687126,-0.3967980758716952,-0.3967980758716952,-0.3967980758716952,0.0,0.0,0.0,0.46612534379687126,-0.3967980758716952,0.3967980758716952,0.0,0.0,2.942482308443135,-2.942482308443135,-0.3967980758716952,0.0,-0.3967980758716952,0.0,0.0,,
2055623686250717653,tuolaji2024,2026-05-16,ai_tech,AI / 大模型,6.0,0.245,1.5871923034867808,0.38886211435426127,-0.38886211435426127,0.07777242287085226,0.0,0.38886211435426127,0.0,0.2392330922078766,1.5871923034867808,1.5871923034867808,0.38886211435426127,1.0642323283541526,0.0,0.07296852083229899,0.0,-0.3797089226916851,-0.38886211435426127,-0.38886211435426127,-0.38886211435426127,0.0,0.0,0.0,0.3797089226916851,-0.38886211435426127,0.38886211435426127,0.0,0.0,2.5140103871708743,-2.5140103871708743,-0.38886211435426127,0.0,-0.38886211435426127,0.0,0.0,,
2055857280764326282,tuolaji2024,2026-05-17,ai_tech,AI / 大模型,6.0,0.9609,1.5871923034867808,1.5251330844204476,-1.5251330844204476,0.30502661688408955,0.0,1.5251330844204476,0.0,0.6243335951694358,1.5871923034867808,1.5871923034867808,1.5251330844204476,2.7773582221624245,0.0,-1.0637786069249333,0.0,-0.99093747706116,-1.5251330844204476,-1.5251330844204476,-1.5251330844204476,0.0,0.0,0.0,0.99093747706116,-1.5251330844204476,1.5251330844204476,0.0,0.0,8.915767930165051,-8.915767930165051,-1.5251330844204476,0.0,-1.5251330844204476,0.0,0.0,,
2055917626183094662,tuolaji2024,2026-05-17,ai_tech,AI / 大模型,6.0,0.961,1.5871923034867808,1.5252918036507963,-1.5252918036507963,0.3050583607301593,0.0,1.5252918036507963,0.0,0.5368071259353772,1.5871923034867808,1.5871923034867808,1.5252918036507963,2.3879952904462685,0.0,-0.988714992252032,0.0,-0.8520161387414896,-1.5252918036507963,-1.5252918036507963,-1.5252918036507963,0.0,0.0,0.0,0.8520161387414897,-1.5252918036507963,1.5252918036507963,0.0,0.0,8.360073493014621,-8.360073493014621,-1.5252918036507963,0.0,-1.5252918036507963,0.0,0.0,,
2055935625564709235,tuolaji2024,2026-05-17,ai_tech,AI / 大模型,6.0,0.25,1.5871923034867808,0.3967980758716952,-0.3967980758716952,0.07935961517433904,0.0,0.3967980758716952,0.0,0.18726493445070516,1.5871923034867808,1.5871923034867808,0.3967980758716952,0.833051127543801,0.0,0.13576842964025923,0.0,-0.2972254626731157,-0.3967980758716952,-0.3967980758716952,-0.3967980758716952,0.0,0.0,0.0,0.2972254626731157,-0.3967980758716952,0.3967980758716952,0.0,0.0,2.466576190352103,-2.466576190352103,-0.3967980758716952,0.0,-0.3967980758716952,0.0,0.0,,
2055945609765703827,tuolaji2024,2026-05-17,ai_tech,AI / 大模型,6.0,-0.1339,1.5871923034867808,-0.21252504943687994,0.21252504943687994,-0.04250500988737599,0.0,0.0,-0.21252504943687994,-0.17482464122514815,-1.5871923034867808,1.5871923034867808,-0.21252504943687994,-0.7777102794083814,0.0,0.6657319397744954,0.21252504943687994,0.27748032501239295,0.0,0.21252504943687994,0.0,0.21252504943687994,0.0,0.2774803250123929,0.0,-0.21252504943687994,-0.21252504943687994,0.0,0.0,-1.5600711022333178,1.5600711022333178,0.21252504943687994,0.0,0.0,0.0,0.21252504943687994,,
2055965218162040842,tuolaji2024,2026-05-17,ai_tech,AI / 大模型,6.0,0.2367,1.5871923034867808,0.375688418235321,-0.375688418235321,0.0751376836470642,0.0,0.375688418235321,0.0,0.32783014600821253,1.5871923034867808,1.5871923034867808,0.375688418235321,1.4583577730452246,0.0,0.08623744848944839,-0.375688418235321,-0.5203294845951825,-0.375688418235321,-0.375688418235321,-0.375688418235321,0.0,0.0,0.0,0.5203294845951825,-0.375688418235321,0.375688418235321,0.0,0.0,2.7074274954120083,-2.7074274954120083,-0.375688418235321,0.0,-0.375688418235321,0.0,0.0,,
2056014664132440322,tuolaji2024,2026-05-17,ai_tech,AI / 大模型,6.0,0.2029,1.5871923034867808,0.3220413183774678,-0.3220413183774678,0.06440826367549356,0.0,0.3220413183774678,0.0,0.16825241900589916,1.5871923034867808,1.5871923034867808,0.3220413183774678,0.7484736412397176,0.0,0.19024086949592553,0.0,-0.2670489444891961,-0.3220413183774678,-0.3220413183774678,-0.3220413183774678,0.0,0.0,0.0,0.2670489444891961,-0.3220413183774678,0.3220413183774678,0.0,0.0,1.9153644384234445,-1.9153644384234445,-0.3220413183774678,0.0,-0.3220413183774678,0.0,0.0,,
2056016753055113600,tuolaji2024,2026-05-17,ai_tech,AI / 大模型,6.0,0.1643,1.5871923034867808,0.2607756954628781,-0.2607756954628781,0.052155139092575624,0.0,0.2607756954628781,0.0,0.14059398554798475,1.5871923034867808,1.5871923034867808,0.2607756954628781,0.6254346470692635,0.0,0.1671630934032277,0.0,-0.22314969177829308,0.0,-0.2607756954628781,-0.2607756954628781,0.0,0.0,0.0,0.22314969177829308,-0.2607756954628781,0.2607756954628781,0.0,0.0,1.5289034486149344,-1.5289034486149344,-0.2607756954628781,0.0,0.0,0.0,0.0,,
2023690370505380312,tuotuotuoyu,2026-02-17,ai_tools,AI 工具 / Agent,3.0,-0.1981,2.6093342281630525,-0.5169091105991007,0.5169091105991007,-0.31014546635946044,-0.5169091105991007,0.0,-0.5169091105991007,-0.0,-2.6093342281630525,2.6093342281630525,-0.5169091105991007,-0.0,0.5169091105991007,0.5169091105991007,0.0,0.25845455529955036,0.0,0.5169091105991007,0.0,0.5169091105991007,0.0,0.0,0.0,-0.5169091105991007,-0.5169091105991007,0.0,0.0,-1.1627077184918007,1.1627077184918007,0.5169091105991007,0.0,0.0,0.0,0.0,,0.0074672039410965
2025330531643359380,tuotuotuoyu,2026-02-21,ai_tools,AI 工具 / Agent,3.0,1.0,2.6093342281630525,2.6093342281630525,-2.6093342281630525,1.5656005368978314,2.6093342281630525,2.6093342281630525,0.0,1.0,2.6093342281630525,2.6093342281630525,2.6093342281630525,2.1972245773362196,-2.6093342281630525,-2.6093342281630525,0.0,-2.6093342281630525,-2.6093342281630525,-2.6093342281630525,-2.6093342281630525,0.0,0.0,0.0,2.6093342281630525,-2.6093342281630525,2.6093342281630525,0.0,0.0,7.1770187659099,-7.1770187659099,-2.6093342281630525,0.0,-2.6093342281630525,0.0,0.0,,-0.012154967656684
2025911083383566767,tuotuotuoyu,2026-02-23,ai_tools,AI 工具 / Agent,3.0,1.0,2.6093342281630525,2.6093342281630525,-2.6093342281630525,1.5656005368978314,2.6093342281630525,2.6093342281630525,0.0,1.0,2.6093342281630525,2.6093342281630525,2.6093342281630525,2.1972245773362196,-2.6093342281630525,-2.6093342281630525,0.0,-2.6093342281630525,-2.6093342281630525,-2.6093342281630525,-2.6093342281630525,0.0,0.0,0.0,2.6093342281630525,-2.6093342281630525,2.6093342281630525,0.0,0.0,7.0317412587631285,-7.0317412587631285,-2.6093342281630525,0.0,-2.6093342281630525,0.0,0.0,,0.0107414908833287
2026592041204068363,tuotuotuoyu,2026-02-25,ai_tools,AI 工具 / Agent,3.0,-0.2484,2.6093342281630525,-0.6481586222757023,0.6481586222757023,-0.3888951733654214,-0.6481586222757023,0.0,-0.6481586222757023,-0.0,-2.6093342281630525,2.6093342281630525,0.0,-0.0,0.6481586222757023,2.215411737518037,0.0,0.32407931113785116,0.6481586222757023,0.0,0.0,0.6481586222757023,0.0,0.0,0.0,-0.6481586222757023,-0.6481586222757023,0.0,0.0,-0.0,0.0,0.6481586222757023,0.6481586222757023,0.0,0.6481586222757023,0.0,,-0.0120645595597882
2029060095955615989,tuotuotuoyu,2026-03-04,ai_tools,AI 工具 / Agent,3.0,0.8619,2.6093342281630525,2.248985171253735,-2.248985171253735,1.349391102752241,2.248985171253735,2.248985171253735,0.0,0.0,2.6093342281630525,2.6093342281630525,0.0,0.0,-2.248985171253735,-1.2355849903909093,0.0,-1.1244925856268675,-2.248985171253735,0.0,-2.248985171253735,0.0,0.0,0.0,0.0,-2.248985171253735,2.248985171253735,0.0,0.0,0.0,-0.0,-2.248985171253735,0.0,-2.248985171253735,-2.248985171253735,0.0,,-0.0030128296914716
2029772322715111543,tuotuotuoyu,2026-03-06,ai_tools,AI 工具 / Agent,3.0,0.25,2.6093342281630525,0.6523335570407631,-0.6523335570407631,0.39140013422445785,0.6523335570407631,0.6523335570407631,0.0,0.7469952136156567,2.6093342281630525,2.6093342281630525,0.6523335570407631,1.6413162425088403,-0.6523335570407631,0.6081836219002443,-0.6523335570407631,-1.949160179161304,-0.6523335570407631,-0.6523335570407631,-0.6523335570407631,0.0,0.0,0.0,1.949160179161304,-0.6523335570407631,0.6523335570407631,0.0,0.0,2.866020449842405,-2.866020449842405,-0.6523335570407631,0.0,-0.6523335570407631,0.0,0.0,,-0.0150432309224466
2033023089492242508,tuotuotuoyu,2026-03-15,ai_tools,AI 工具 / Agent,3.0,-0.0894,2.6093342281630525,-0.23327447999777687,0.23327447999777687,-0.13996468799866613,-0.23327447999777687,0.0,-0.23327447999777687,-0.06548431637609133,-2.6093342281630525,2.6093342281630525,-0.23327447999777687,-0.14388374937160855,0.23327447999777687,1.3924277219554102,0.0,0.1708704681279934,0.0,0.23327447999777687,0.0,0.0,0.0,0.0,0.0,-0.23327447999777687,-0.23327447999777687,0.0,0.0,-0.5982722865800925,0.5982722865800925,0.23327447999777687,0.0,0.0,0.0,0.0,,0.0112174066813253
2033512942151307535,tuotuotuoyu,2026-03-16,ai_tools,AI 工具 / Agent,3.0,0.25,2.6093342281630525,0.6523335570407631,-0.6523335570407631,0.39140013422445785,0.6523335570407631,0.6523335570407631,0.0,0.2365986575892965,2.6093342281630525,2.6093342281630525,0.6523335570407631,0.5198603854199589,-0.6523335570407631,0.3079014389232402,0.0,-0.6173649755851813,-0.6523335570407631,-0.6523335570407631,-0.6523335570407631,0.0,0.0,0.0,0.6173649755851813,-0.6523335570407631,0.6523335570407631,0.0,0.0,1.677630777363107,-1.677630777363107,-0.6523335570407631,0.0,-0.6523335570407631,0.0,0.0,,0.0048802767196804
2055167697504342053,turingou,2026-05-15,ai_tools,AI 工具 / Agent,3.0,0.25,1.8687205103641833,0.4671801275910458,-0.4671801275910458,0.28030807655462747,0.4671801275910458,0.4671801275910458,0.0,0.2685502557320299,1.8687205103641833,1.8687205103641833,0.4671801275910458,1.133149873288314,-0.4671801275910458,-0.4671801275910458,-0.4671801275910458,-0.5018453709499908,-0.4671801275910458,-0.4671801275910458,-0.4671801275910458,0.0,0.0,0.0,0.5018453709499908,-0.4671801275910458,0.4671801275910458,0.0,0.0,2.666965443408583,-2.666965443408583,-0.4671801275910458,0.0,-0.4671801275910458,0.0,0.0,-0.0128940329861121,
2055186268146090333,turingou,2026-05-15,ai_tools,AI 工具 / Agent,3.0,0.25,1.8687205103641833,0.4671801275910458,-0.4671801275910458,0.28030807655462747,0.4671801275910458,0.4671801275910458,0.0,0.32142079103366544,1.8687205103641833,1.8687205103641833,0.4671801275910458,1.3562375043703507,-0.4671801275910458,-0.4671801275910458,-0.4671801275910458,-0.6006456246620908,-0.4671801275910458,-0.4671801275910458,-0.4671801275910458,0.0,0.0,0.0,0.6006456246620908,-0.4671801275910458,0.4671801275910458,0.0,0.0,2.5154858095570254,-2.5154858095570254,-0.4671801275910458,0.0,-0.4671801275910458,0.0,0.0,-0.0128940329861121,
2055258399387078977,turingou,2026-05-15,ai_tools,AI 工具 / Agent,3.0,0.0627,1.8687205103641833,0.1171687759998343,-0.1171687759998343,0.07030126559990058,0.1171687759998343,0.1171687759998343,0.0,0.06601581351308779,1.8687205103641833,1.8687205103641833,0.1171687759998343,0.2785542337819429,-0.1171687759998343,-0.1171687759998343,-0.1171687759998343,-0.12336510472028415,0.0,-0.1171687759998343,0.0,0.0,0.0,0.0,0.0,-0.1171687759998343,0.1171687759998343,0.0,0.0,0.6026093189775629,-0.6026093189775629,-0.1171687759998343,0.0,0.0,0.0,0.0,-0.0128940329861121,
2055802708729446434,turingou,2026-05-17,ai_tools,AI 工具 / Agent,3.0,-0.2382,1.8687205103641833,-0.44512922556874845,0.44512922556874845,-0.26707753534124906,-0.44512922556874845,0.0,-0.44512922556874845,-0.19009086432496555,-1.8687205103641833,1.8687205103641833,-0.44512922556874845,-0.8020898667027782,0.44512922556874845,0.7956389026293904,0.0,0.3552266969969184,0.44512922556874845,0.44512922556874845,0.0,0.44512922556874845,0.0,0.35522669699691833,0.0,-0.44512922556874845,-0.44512922556874845,0.0,0.0,-2.3648925153331324,2.3648925153331324,0.44512922556874845,0.44512922556874845,0.0,0.0,0.0,,
seed_turingou,turingou,2026-05-17,ai_tools,AI 工具 / Agent,3.0,-0.2328,1.8687205103641833,-0.43503813481278186,0.43503813481278186,-0.2610228808876691,-0.43503813481278186,0.0,-0.43503813481278186,-0.0,-1.8687205103641833,1.8687205103641833,-0.43503813481278186,-0.0,0.43503813481278186,0.5866380862160763,0.0,0.21751906740639093,0.43503813481278186,0.43503813481278186,0.0,0.43503813481278186,0.0,0.0,0.0,-0.43503813481278186,-0.43503813481278186,0.0,0.0,-2.3380786039344468,2.3380786039344468,0.43503813481278186,0.43503813481278186,0.0,0.0,0.0,,
2055852255514140782,turingou,2026-05-17,ai_tools,AI 工具 / Agent,3.0,-0.25,1.8687205103641833,-0.4671801275910458,0.4671801275910458,-0.28030807655462747,-0.4671801275910458,0.0,-0.4671801275910458,-0.08213602498102511,-1.8687205103641833,1.8687205103641833,-0.4671801275910458,-0.34657359027997264,0.4671801275910458,0.501452461751125,0.0,0.2335900637955229,0.4671801275910458,0.4671801275910458,0.0,0.4671801275910458,0.0,0.15348927452182656,0.0,-0.4671801275910458,-0.4671801275910458,0.0,0.0,-2.1093209520469838,2.1093209520469838,0.4671801275910458,0.4671801275910458,0.0,0.0,0.0,,
2055857354173034595,turingou,2026-05-17,ai_tools,AI 工具 / Agent,3.0,-0.2312,1.8687205103641833,-0.43204818199619915,0.43204818199619915,-0.25922890919771946,-0.43204818199619915,0.0,-0.43204818199619915,-0.2407855881656374,-1.8687205103641833,1.8687205103641833,-0.43204818199619915,-1.015996644560268,0.43204818199619915,0.3827451058644241,0.0,0.44996096720522993,0.43204818199619915,0.43204818199619915,0.0,0.43204818199619915,0.0,0.44996096720522993,0.0,-0.43204818199619915,-0.43204818199619915,0.0,0.0,-2.319492806497806,2.319492806497806,0.43204818199619915,0.43204818199619915,0.0,0.0,0.43204818199619915,,
2055870816542502959,turingou,2026-05-17,ai_tools,AI 工具 / Agent,3.0,0.2418,1.8687205103641833,0.4518566194060595,-0.4518566194060595,0.27111397164363565,0.4518566194060595,0.4518566194060595,0.0,0.22964128327116543,1.8687205103641833,1.8687205103641833,0.4518566194060595,0.9689731641892115,-0.4518566194060595,-0.5558375678041808,0.0,-0.4291353760751782,-0.4518566194060595,-0.4518566194060595,-0.4518566194060595,0.0,0.0,0.0,0.42913537607517827,-0.4518566194060595,0.4518566194060595,0.0,0.0,2.249864382439866,-2.249864382439866,-0.4518566194060595,0.0,-0.4518566194060595,0.0,0.0,,
2055873256947888247,turingou,2026-05-17,ai_tools,AI 工具 / Agent,3.0,0.0077,1.8687205103641833,0.014389147929804212,-0.014389147929804212,0.008633488757882527,0.014389147929804212,0.014389147929804212,0.0,0.006638076142279295,1.8687205103641833,1.8687205103641833,0.014389147929804212,0.02800941342989317,-0.014389147929804212,-0.04889040035240294,0.0,-0.012404709036436474,0.0,-0.014389147929804212,0.0,0.0,0.0,0.0,0.0,-0.014389147929804212,0.014389147929804212,0.0,0.0,0.07844462247764551,-0.07844462247764551,-0.014389147929804212,0.0,0.0,0.0,0.0,,
2027980571826421787,using_YueCheng,2026-03-01,unclassified,未分类,17.0,0.0723,1.3110318766193438,0.09478760467957856,-0.09478760467957856,0.01895752093591571,0.0,0.09478760467957856,0.0,0.0,1.3110318766193438,1.3110318766193438,0.0,0.0,0.0,-0.09478760467957856,0.0,-0.04739380233978928,0.0,0.0,0.0,0.0,0.0,0.0,0.0,-0.09478760467957856,0.09478760467957856,0.0,0.0,0.0,-0.0,-0.09478760467957856,0.0,0.0,-0.09478760467957856,0.0,,
2029072881356022069,using_YueCheng,2026-03-04,unclassified,未分类,17.0,-0.25,1.3110318766193438,-0.32775796915483596,0.32775796915483596,-0.06555159383096719,0.0,0.0,-0.32775796915483596,-0.25,-1.3110318766193438,1.3110318766193438,-0.32775796915483596,-0.9222198635284841,0.0,0.32775796915483596,0.0,0.32775796915483596,0.32775796915483596,0.32775796915483596,0.0,0.32775796915483596,0.0,0.32775796915483596,0.0,-0.32775796915483596,-0.32775796915483596,0.0,0.0,-2.528811636245925,2.528811636245925,0.32775796915483596,0.32775796915483596,0.0,0.0,0.32775796915483596,,
2029258247887306818,using_YueCheng,2026-03-04,unclassified,未分类,17.0,0.151,1.3110318766193438,0.1979658133695209,-0.1979658133695209,0.039593162673904184,0.0,0.1979658133695209,0.0,0.06588047340677426,1.3110318766193438,1.3110318766193438,0.1979658133695209,0.24302512477754915,0.0,-0.1979658133695209,0.0,-0.09898290668476045,0.0,-0.1979658133695209,-0.1979658133695209,0.0,0.0,0.0,0.08637140068305403,-0.1979658133695209,0.1979658133695209,0.0,0.0,1.1543105549950414,-1.1543105549950414,-0.1979658133695209,0.0,0.0,0.0,0.0,,
2029629599207018522,using_YueCheng,2026-03-05,unclassified,未分类,17.0,-0.2198,1.3110318766193438,-0.2881648064809318,0.2881648064809318,-0.057632961296186364,0.0,0.0,-0.2881648064809318,-0.2918352853272607,-1.3110318766193438,1.3110318766193438,-0.2881648064809318,-1.0765451880292103,0.0,0.2764966227790196,0.2881648064809318,0.3826053617863403,0.2881648064809318,0.2881648064809318,0.0,0.2881648064809318,0.0,0.3826053617863403,0.0,-0.2881648064809318,-0.2881648064809318,0.0,0.0,-2.329277646422708,2.329277646422708,0.2881648064809318,0.2881648064809318,0.0,0.0,0.2881648064809318,,
2030273212941251057,using_YueCheng,2026-03-07,unclassified,未分类,17.0,0.2458,1.3110318766193438,0.3222516352730347,-0.3222516352730347,0.06445032705460695,0.0,0.3222516352730347,0.0,0.0,1.3110318766193438,1.3110318766193438,0.0,0.0,0.0,-0.40304397466970177,0.0,-0.16112581763651734,-0.3222516352730347,0.0,-0.3222516352730347,0.0,0.0,0.0,0.0,-0.3222516352730347,0.3222516352730347,0.0,0.0,0.0,-0.0,-0.3222516352730347,0.0,-0.3222516352730347,-0.3222516352730347,0.0,,
2034487782840942763,using_YueCheng,2026-03-19,unclassified,未分类,17.0,0.1414,1.3110318766193438,0.18537990735397522,-0.18537990735397522,0.03707598147079504,0.0,0.18537990735397522,0.0,0.0,1.3110318766193438,1.3110318766193438,0.0,0.0,0.0,-0.18556345181670192,0.0,-0.09268995367698761,0.0,0.0,0.0,0.0,0.0,0.0,0.0,-0.18537990735397522,0.18537990735397522,0.0,0.0,0.0,-0.0,-0.18537990735397522,0.0,0.0,-0.18537990735397522,0.0,,
2034516080790851937,using_YueCheng,2026-03-19,unclassified,未分类,17.0,-0.2403,1.3110318766193438,-0.31504095995162834,0.31504095995162834,-0.06300819199032567,0.0,0.0,-0.31504095995162834,-0.0,-1.3110318766193438,1.3110318766193438,0.0,-0.0,0.0,0.34578465745835196,0.0,0.15752047997581417,0.31504095995162834,0.0,0.0,0.31504095995162834,0.0,0.0,0.0,-0.31504095995162834,-0.31504095995162834,0.0,0.0,-0.16656326748855485,0.16656326748855485,0.31504095995162834,0.31504095995162834,0.0,0.31504095995162834,0.0,,
2036666533854998918,using_YueCheng,2026-03-25,unclassified,未分类,17.0,0.2318,1.3110318766193438,0.3038971890003639,-0.3038971890003639,0.06077943780007278,0.0,0.3038971890003639,0.0,0.0,1.3110318766193438,1.3110318766193438,0.0,0.0,0.0,-0.32255129970197627,0.0,-0.15194859450018194,-0.3038971890003639,0.0,-0.3038971890003639,0.0,0.0,0.0,0.0,-0.3038971890003639,0.3038971890003639,0.0,0.0,0.25465832851326786,-0.25465832851326786,-0.3038971890003639,0.0,-0.3038971890003639,-0.3038971890003639,0.0,,
2052542212861251777,verysmallwoods,2026-05-08,ai_tools,AI 工具 / Agent,5.0,0.2497,0.5653138090500605,0.1411588581198001,-0.1411588581198001,0.028231771623960025,0.0,0.1411588581198001,0.0,0.43859075810229764,0.5653138090500605,0.5653138090500605,0.1411588581198001,0.40187664673479484,0.0,-0.1411588581198001,-0.1411588581198001,-0.24794141207696357,-0.1411588581198001,-0.1411588581198001,-0.1411588581198001,0.0,0.0,0.0,0.24794141207696355,-0.1411588581198001,0.1411588581198001,0.0,0.0,1.557221486673865,-1.557221486673865,-0.1411588581198001,0.0,-0.1411588581198001,0.0,0.0,0.0151815864450868,0.0234408408929045
2052787431280197862,verysmallwoods,2026-05-08,ai_tools,AI 工具 / Agent,5.0,0.0008,0.5653138090500605,0.0004522510472400484,-0.0004522510472400484,9.045020944800968e-05,0.0,0.0004522510472400484,0.0,0.0,0.5653138090500605,0.5653138090500605,0.0004522510472400484,0.0,0.0,-0.0004522510472400484,0.0,-0.0002261255236200242,0.0,-0.0004522510472400484,0.0,0.0,0.0,0.0,0.0,-0.0004522510472400484,0.0004522510472400484,0.0,0.0,0.0046146567966350175,-0.0046146567966350175,-0.0004522510472400484,0.0,0.0,0.0,0.0,0.0022367886574512,0.0028963874065546
2052910410945142992,verysmallwoods,2026-05-09,ai_tools,AI 工具 / Agent,5.0,0.1065,0.5653138090500605,0.06020592066383144,-0.06020592066383144,0.012041184132766287,0.0,0.06020592066383144,0.0,0.12769114067523166,0.5653138090500605,0.5653138090500605,0.06020592066383144,0.11700220874315369,0.0,-0.06020592066383144,-0.06020592066383144,-0.07218556511706231,0.0,-0.06020592066383144,0.0,0.0,0.0,0.0,0.07218556511706231,-0.06020592066383144,0.06020592066383144,0.0,0.0,0.7531225632885281,-0.7531225632885281,-0.06020592066383144,0.0,0.0,0.0,0.0,-0.0017999582175547,0.0028963874065546
2052916247247962550,verysmallwoods,2026-05-09,ai_tools,AI 工具 / Agent,5.0,-0.2467,0.5653138090500605,-0.13946291669264993,0.13946291669264993,-0.027892583338529987,0.0,0.0,-0.13946291669264993,-0.0,-0.5653138090500605,0.5653138090500605,-0.13946291669264993,-0.0,0.0,0.20673525996960712,0.0,0.06973145834632496,0.13946291669264993,0.13946291669264993,0.0,0.13946291669264993,0.0,0.0,0.0,-0.13946291669264993,-0.13946291669264993,0.0,0.0,-1.3203034015285458,1.3203034015285458,0.13946291669264993,0.13946291669264993,0.0,0.0,0.0,-0.0017999582175547,0.0028963874065546
2053483644321161313,verysmallwoods,2026-05-10,ai_tools,AI 工具 / Agent,5.0,-0.2001,0.5653138090500605,-0.1131192931909171,0.1131192931909171,-0.02262385863818342,0.0,0.0,-0.1131192931909171,-0.0,-0.5653138090500605,0.5653138090500605,-0.1131192931909171,-0.0,0.0,0.12870782147547252,0.0,0.05655964659545855,0.1131192931909171,0.1131192931909171,0.0,0.1131192931909171,0.0,0.0,0.0,-0.1131192931909171,-0.1131192931909171,0.0,0.0,-1.143977243051385,1.143977243051385,0.1131192931909171,0.1131192931909171,0.0,0.0,0.0,-0.0017999582175547,0.0028963874065546
2053989326350860316,verysmallwoods,2026-05-12,ai_tools,AI 工具 / Agent,5.0,-0.2256,0.5653138090500605,-0.12753479532169362,0.12753479532169362,-0.025506959064338725,0.0,0.0,-0.12753479532169362,-0.17065981188577636,-0.5653138090500605,0.5653138090500605,-0.12753479532169362,-0.15637400393432366,0.0,0.11738175931115455,0.0,0.09647634830891501,0.12753479532169362,0.12753479532169362,0.0,0.12753479532169362,0.0,0.09647634830891502,0.0,-0.12753479532169362,-0.12753479532169362,0.0,0.0,-1.3221933720138992,1.3221933720138992,0.12753479532169362,0.12753479532169362,0.0,0.0,0.0,-0.0116490863849201,-0.008481806809764
2053991504926904472,verysmallwoods,2026-05-12,ai_tools,AI 工具 / Agent,5.0,-0.1741,0.5653138090500605,-0.09842113415561553,0.09842113415561553,-0.019684226831123107,0.0,0.0,-0.09842113415561553,-0.0,-0.5653138090500605,0.5653138090500605,-0.09842113415561553,-0.0,0.0,0.06870447159321734,0.0,0.049210567077807764,0.0,0.09842113415561553,0.0,0.09842113415561553,0.0,0.0,0.0,-0.09842113415561553,-0.09842113415561553,0.0,0.0,-1.0382591637239715,1.0382591637239715,0.09842113415561553,0.0,0.0,0.0,0.0,-0.0116490863849201,-0.008481806809764
2054132825557741599,verysmallwoods,2026-05-12,ai_tools,AI 工具 / Agent,5.0,-0.1396,0.5653138090500605,-0.07891780774338844,0.07891780774338844,-0.015783561548677688,0.0,0.0,-0.07891780774338844,-0.0,-0.5653138090500605,0.5653138090500605,0.0,-0.0,0.0,0.0393862206676735,0.0,0.03945890387169422,0.0,0.0,0.0,0.07891780774338844,0.0,0.0,0.0,-0.07891780774338844,-0.07891780774338844,0.0,0.0,-0.0,0.0,0.07891780774338844,0.0,0.0,0.07891780774338844,0.0,-0.0116490863849201,0.0105622304188508
2054352416393269477,verysmallwoods,2026-05-13,ai_tools,AI 工具 / Agent,5.0,-0.061,0.5653138090500605,-0.03448414235205369,0.03448414235205369,-0.006896828470410738,0.0,0.0,-0.03448414235205369,-0.0,-0.5653138090500605,0.5653138090500605,-0.03448414235205369,-0.0,0.0,-0.009970722307120441,0.0,0.017242071176026844,0.0,0.03448414235205369,0.0,0.0,0.0,0.0,0.0,-0.03448414235205369,-0.03448414235205369,0.0,0.0,-0.38567647963556434,0.38567647963556434,0.03448414235205369,0.0,0.0,0.0,0.0,0.0022482547976074,0.0105622304188508
2054511171676303402,verysmallwoods,2026-05-13,ai_tools,AI 工具 / Agent,5.0,0.25,0.5653138090500605,0.14132845226251511,-0.14132845226251511,0.028265690452503024,0.0,0.14132845226251511,0.0,0.0,0.5653138090500605,0.5653138090500605,0.14132845226251511,0.0,0.0,-0.18467545888756476,0.0,-0.07066422613125756,-0.14132845226251511,-0.14132845226251511,-0.14132845226251511,0.0,0.0,0.0,0.0,-0.14132845226251511,0.14132845226251511,0.0,0.0,1.2982392127225526,-1.2982392127225526,-0.14132845226251511,0.0,-0.14132845226251511,0.0,0.0,0.0022482547976074,0.0071077162744499
2054520549997523153,verysmallwoods,2026-05-13,ai_tools,AI 工具 / Agent,5.0,-0.2258,0.5653138090500605,-0.12764785808350365,0.12764785808350365,-0.025529571616700733,0.0,0.0,-0.12764785808350365,-0.0,-0.5653138090500605,0.5653138090500605,0.0,-0.0,0.0,0.1027683973472105,0.0,0.06382392904175183,0.12764785808350365,0.0,0.0,0.12764785808350365,0.0,0.0,0.0,-0.12764785808350365,-0.12764785808350365,0.0,0.0,-0.0,0.0,0.12764785808350365,0.12764785808350365,0.0,0.12764785808350365,0.0,0.0022482547976074,0.0071077162744499
2054696326177157151,verysmallwoods,2026-05-13,ai_tools,AI 工具 / Agent,5.0,0.25,0.5653138090500605,0.14132845226251511,-0.14132845226251511,0.028265690452503024,0.0,0.14132845226251511,0.0,0.0,0.5653138090500605,0.5653138090500605,0.14132845226251511,0.0,0.0,-0.1755504945758274,0.0,-0.07066422613125756,-0.14132845226251511,-0.14132845226251511,-0.14132845226251511,0.0,0.0,0.0,0.0,-0.14132845226251511,0.14132845226251511,0.0,0.0,1.3551337498180716,-1.3551337498180716,-0.14132845226251511,0.0,-0.14132845226251511,0.0,0.0,0.0051926185114692,0.0071077162744499
2054891155486134279,verysmallwoods,2026-05-14,ai_tools,AI 工具 / Agent,5.0,0.2493,0.5653138090500605,0.14093273259618005,-0.14093273259618005,0.02818654651923601,0.0,0.14093273259618005,0.0,0.0,0.5653138090500605,0.5653138090500605,0.14093273259618005,0.0,0.0,-0.16052556702817342,0.0,-0.07046636629809003,-0.14093273259618005,-0.14093273259618005,-0.14093273259618005,0.0,0.0,0.0,0.0,-0.14093273259618005,0.14093273259618005,0.0,0.0,1.254088173803134,-1.254088173803134,-0.14093273259618005,0.0,-0.14093273259618005,0.0,0.0,0.0051926185114692,-0.015087714031981
2055061452650627323,verysmallwoods,2026-05-14,ai_tools,AI 工具 / Agent,5.0,0.25,0.5653138090500605,0.14132845226251511,-0.14132845226251511,0.028265690452503024,0.0,0.14132845226251511,0.0,0.0,0.5653138090500605,0.5653138090500605,0.14132845226251511,0.0,0.0,-0.14857316615387975,0.0,-0.07066422613125756,-0.14132845226251511,-0.14132845226251511,-0.14132845226251511,0.0,0.0,0.0,0.0,-0.14132845226251511,0.14132845226251511,0.0,0.0,1.2509865764863648,-1.2509865764863648,-0.14132845226251511,0.0,-0.14132845226251511,0.0,0.0,-0.0128940329861121,-0.015087714031981
2055064535455731776,verysmallwoods,2026-05-14,ai_tools,AI 工具 / Agent,5.0,0.25,0.5653138090500605,0.14132845226251511,-0.14132845226251511,0.028265690452503024,0.0,0.14132845226251511,0.0,0.1891176993415075,0.5653138090500605,0.5653138090500605,0.14132845226251511,0.17328679513998632,0.0,-0.13796079714288834,0.0,-0.1069108469735317,-0.14132845226251511,-0.14132845226251511,-0.14132845226251511,0.0,0.0,0.0,0.1069108469735317,-0.14132845226251511,0.14132845226251511,0.0,0.0,1.1862330320908125,-1.1862330320908125,-0.14132845226251511,0.0,-0.14132845226251511,0.0,0.0,-0.0128940329861121,-0.015087714031981
2055072774461255790,verysmallwoods,2026-05-14,ai_tools,AI 工具 / Agent,5.0,-0.1111,0.5653138090500605,-0.06280636418546172,0.06280636418546172,-0.012561272837092345,0.0,0.0,-0.06280636418546172,-0.0,-0.5653138090500605,0.5653138090500605,-0.06280636418546172,-0.0,0.0,0.07537140578128107,0.0,0.03140318209273086,0.0,0.06280636418546172,0.0,0.06280636418546172,0.0,0.0,0.0,-0.06280636418546172,-0.06280636418546172,0.0,0.0,-0.6622676932321457,0.6622676932321457,0.06280636418546172,0.0,0.0,0.0,0.0,-0.0128940329861121,-0.015087714031981
seed_verysmallwoods,verysmallwoods,2026-05-17,ai_tools,AI 工具 / Agent,5.0,0.2056,0.5653138090500605,0.11622851914069243,-0.11622851914069243,0.023245703828138488,0.0,0.11622851914069243,0.0,0.0,0.5653138090500605,0.5653138090500605,0.11622851914069243,0.0,0.0,-0.11726115903189055,0.0,-0.058114259570346216,-0.11622851914069243,-0.11622851914069243,-0.11622851914069243,0.0,0.0,0.0,0.0,-0.11622851914069243,0.11622851914069243,0.0,0.0,1.8521915293439402,-1.8521915293439402,-0.11622851914069243,0.0,-0.11622851914069243,0.0,0.0,,
2052373447662256265,victor_wu,2026-05-07,crypto,加密,4.0,0.25,2.5937610547000824,0.6484402636750206,-0.6484402636750206,0.2593761054700083,0.0,0.6484402636750206,0.0,0.25,2.5937610547000824,2.5937610547000824,0.6484402636750206,0.34657359027997264,0.0,-0.6484402636750206,0.0,-0.6484402636750206,-0.6484402636750206,-0.6484402636750206,-0.6484402636750206,0.0,0.0,0.0,0.6484402636750206,-0.6484402636750206,0.6484402636750206,0.0,0.0,1.5216936817280766,-1.5216936817280766,-0.6484402636750206,0.0,-0.6484402636750206,0.0,0.0,-0.0084296689440331,0.0022093920105095
2052382322285220241,victor_wu,2026-05-07,crypto,加密,4.0,0.2279,2.5937610547000824,0.5911181443661487,-0.5911181443661487,0.2364472577464595,0.0,0.5911181443661487,0.0,0.18060647695717574,2.5937610547000824,2.5937610547000824,0.5911181443661487,0.2503737405874622,0.0,-0.5911181443661487,0.0,-0.4684500461581103,-0.5911181443661487,-0.5911181443661487,-0.5911181443661487,0.0,0.0,0.0,0.4684500461581103,-0.5911181443661487,0.5911181443661487,0.0,0.0,1.3073648265955078,-1.3073648265955078,-0.5911181443661487,0.0,-0.5911181443661487,0.0,0.0,-0.0068988276205256,0.0022093920105095
2052437357891301454,victor_wu,2026-05-07,crypto,加密,4.0,0.0858,2.5937610547000824,0.22254469849326708,-0.22254469849326708,0.08901787939730683,0.0,0.22254469849326708,0.0,0.0858,2.5937610547000824,2.5937610547000824,0.22254469849326708,0.11894405618408661,0.0,-0.22254469849326708,0.0,-0.22254469849326708,0.0,-0.22254469849326708,0.0,0.0,0.0,0.0,0.0,-0.22254469849326708,0.22254469849326708,0.0,0.0,0.4501946653913697,-0.4501946653913697,-0.22254469849326708,0.0,0.0,0.0,0.0,0.005594769381638,0.0022093920105095
2052732115276697857,victor_wu,2026-05-08,crypto,加密,4.0,-0.149,2.5937610547000824,-0.3864703971503123,0.3864703971503123,-0.15458815886012492,0.0,0.0,-0.3864703971503123,-0.0745,-2.5937610547000824,2.5937610547000824,-0.3864703971503123,-0.10327892990343185,0.0,0.8738380993284577,0.0,0.19323519857515614,0.0,0.3864703971503123,0.0,0.3864703971503123,0.0,0.19323519857515614,0.0,-0.3864703971503123,-0.3864703971503123,0.0,0.0,-0.8649651103685567,0.8649651103685567,0.3864703971503123,0.0,0.0,0.0,0.0,-0.0060422097235279,0.0059561145630133
2052755220808262131,victor_wu,2026-05-08,crypto,加密,4.0,0.236,2.5937610547000824,0.6121276089092195,-0.6121276089092195,0.2448510435636878,0.0,0.6121276089092195,0.0,0.236,2.5937610547000824,2.5937610547000824,0.6121276089092195,0.3271654692242942,0.0,-0.34321943156318835,0.0,-0.6121276089092195,-0.6121276089092195,-0.6121276089092195,-0.6121276089092195,0.0,0.0,0.0,0.6121276089092195,-0.6121276089092195,0.6121276089092195,0.0,0.0,1.449520827718616,-1.449520827718616,-0.6121276089092195,0.0,-0.6121276089092195,0.0,0.0,-0.0066363523326298,0.0059561145630133
2052816165991510472,victor_wu,2026-05-08,crypto,加密,4.0,0.1785,2.5937610547000824,0.4629863482639647,-0.4629863482639647,0.18519453930558588,0.0,0.4629863482639647,0.0,0.1414579031893632,2.5937610547000824,2.5937610547000824,0.4629863482639647,0.19610229352725758,0.0,-0.12543428460529596,0.0,-0.36690800017210484,0.0,-0.4629863482639647,-0.4629863482639647,0.0,0.0,0.0,0.36690800017210484,-0.4629863482639647,0.4629863482639647,0.0,0.0,1.0193112226014143,-1.0193112226014143,-0.4629863482639647,0.0,0.0,0.0,0.0,-0.0031267774075514,0.0059561145630133
2052822209870328223,victor_wu,2026-05-08,crypto,加密,4.0,0.2467,2.5937610547000824,0.6398808521945103,-0.6398808521945103,0.2559523408778041,0.0,0.6398808521945103,0.0,0.39101024892790925,2.5937610547000824,2.5937610547000824,0.6398808521945103,0.5420553032288453,0.0,-0.28142307443495895,-0.6398808521945103,-1.0141871556577957,-0.6398808521945103,-0.6398808521945103,-0.6398808521945103,0.0,0.0,0.0,1.0141871556577957,-0.6398808521945103,0.6398808521945103,0.0,0.0,1.5955812757299441,-1.5955812757299441,-0.6398808521945103,0.0,-0.6398808521945103,0.0,0.0,-0.0005788141542577,0.0059561145630133
2052850101127938365,victor_wu,2026-05-08,ai_tech,AI / 大模型,13.0,0.1383,2.5937610547000824,0.3587171538650214,-0.3587171538650214,0.07174343077300428,0.0,0.3587171538650214,0.0,0.17875015692486795,2.5937610547000824,2.5937610547000824,0.3587171538650214,0.24780033459424,0.0,0.03994392024238126,-0.3587171538650214,-0.4636351955532507,0.0,-0.3587171538650214,0.0,0.0,0.0,0.0,0.4636351955532507,-0.3587171538650214,0.3587171538650214,0.0,0.0,0.9136997207512132,-0.9136997207512132,-0.3587171538650214,0.0,0.0,0.0,0.0,-0.0017999582175547,0.0028963874065546
2052991829151547700,victor_wu,2026-05-09,crypto,加密,4.0,0.2268,2.5937610547000824,0.5882650072059787,-0.5882650072059787,0.2353060028823915,0.0,0.5882650072059787,0.0,0.17973474758177913,2.5937610547000824,2.5937610547000824,0.5882650072059787,0.2491652670699273,0.0,-0.1945969231288737,0.0,-0.46618898845396856,-0.5882650072059787,-0.5882650072059787,-0.5882650072059787,0.0,0.0,0.0,0.4661889884539685,-0.5882650072059787,0.5882650072059787,0.0,0.0,1.2372668289631268,-1.2372668289631268,-0.5882650072059787,0.0,-0.5882650072059787,0.0,0.0,-0.001566018706298,0.0182802215081221
2053804334077690102,victor_wu,2026-05-11,crypto,加密,4.0,-0.2142,2.5937610547000824,-0.5555836179167577,0.5555836179167577,-0.2222334471667031,0.0,0.0,-0.5555836179167577,-0.0,-2.5937610547000824,2.5937610547000824,-0.5555836179167577,-0.0,0.0,0.9708735823415154,0.0,0.27779180895837885,0.5555836179167577,0.5555836179167577,0.0,0.5555836179167577,0.0,0.0,0.0,-0.5555836179167577,-0.5555836179167577,0.0,0.0,-1.3527496839260842,1.3527496839260842,0.5555836179167577,0.5555836179167577,0.0,0.0,0.0,7.886817334079588e-05,-0.0153044261941864
2053891109420773636,victor_wu,2026-05-11,crypto,加密,4.0,0.0646,2.5937610547000824,0.16755696413362534,-0.16755696413362534,0.06702278565345014,0.0,0.16755696413362534,0.0,0.0323,2.5937610547000824,2.5937610547000824,0.16755696413362534,0.04477730786417247,0.0,0.15064564205698072,0.0,-0.08377848206681267,0.0,-0.16755696413362534,0.0,0.0,0.0,0.0,0.0,-0.16755696413362534,0.16755696413362534,0.0,0.0,0.37616876484820305,-0.37616876484820305,-0.16755696413362534,0.0,0.0,0.0,0.0,0.004272112162676,-0.0153044261941864
2054075721648394252,victor_wu,2026-05-12,crypto,加密,4.0,0.2416,2.5937610547000824,0.62665267081554,-0.62665267081554,0.250661068326216,0.0,0.62665267081554,0.0,0.3391284745845586,2.5937610547000824,2.5937610547000824,0.62665267081554,0.4701318920117637,0.0,-0.32214512299375025,-0.62665267081554,-0.8796182299172749,-0.62665267081554,-0.62665267081554,-0.62665267081554,0.0,0.0,0.0,0.8796182299172748,-0.62665267081554,0.62665267081554,0.0,0.0,1.741776605995263,-1.741776605995263,-0.62665267081554,0.0,-0.62665267081554,0.0,0.0,-0.0018812000211576,-0.0149156611043906
2054407031399051480,victor_wu,2026-05-13,crypto,加密,4.0,0.1969,2.5937610547000824,0.5107115516704462,-0.5107115516704462,0.2042846206681785,0.0,0.5107115516704462,0.0,0.0,2.5937610547000824,2.5937610547000824,0.5107115516704462,0.0,0.0,-0.17935857693251067,0.0,-0.2553557758352231,0.0,-0.5107115516704462,-0.5107115516704462,0.0,0.0,0.0,0.0,-0.5107115516704462,0.5107115516704462,0.0,0.0,1.1855394974869218,-1.1855394974869218,-0.5107115516704462,0.0,0.0,0.0,0.0,-0.0001450243976843,0.0223788764707975
2054625006391558324,victor_wu,2026-05-13,crypto,加密,4.0,-0.1332,2.5937610547000824,-0.34548897248605104,0.34548897248605104,-0.13819558899442042,0.0,0.0,-0.34548897248605104,-0.0,-2.5937610547000824,2.5937610547000824,-0.34548897248605104,-0.0,0.0,0.6906387608341797,0.0,0.17274448624302552,0.0,0.34548897248605104,0.0,0.34548897248605104,0.0,0.0,0.0,-0.34548897248605104,-0.34548897248605104,0.0,0.0,-0.7495991323435929,0.7495991323435929,0.34548897248605104,0.0,0.0,0.0,0.0,-0.0009008640989454,0.0223788764707975
2054826003298709712,victor_wu,2026-05-14,crypto,加密,4.0,0.8244,2.5937610547000824,2.138296613494748,-2.138296613494748,0.8553186453978991,0.0,2.138296613494748,0.0,0.8244,2.5937610547000824,2.5937610547000824,2.138296613494748,1.1428610713072378,0.0,-1.8424781652062037,0.0,-2.138296613494748,-2.138296613494748,-2.138296613494748,-2.138296613494748,0.0,0.0,0.0,2.138296613494748,-2.138296613494748,2.138296613494748,0.0,0.0,5.200396355180457,-5.200396355180457,-2.138296613494748,0.0,-2.138296613494748,0.0,0.0,-0.0001622102120928,-0.0244977136379759
2054834042701582731,victor_wu,2026-05-14,crypto,加密,4.0,-0.246,2.5937610547000824,-0.6380652194562203,0.6380652194562203,-0.2552260877824881,0.0,0.0,-0.6380652194562203,-0.123,-2.5937610547000824,2.5937610547000824,-0.6380652194562203,-0.17051420641774653,0.0,1.0567155454251784,0.0,0.31903260972811015,0.6380652194562203,0.6380652194562203,0.0,0.6380652194562203,0.0,0.31903260972811015,0.0,-0.6380652194562203,-0.6380652194562203,0.0,0.0,-1.3660280578907178,1.3660280578907178,0.6380652194562203,0.6380652194562203,0.0,0.0,0.0,0.0009800610168602,-0.0244977136379759
2054961818578420217,victor_wu,2026-05-14,ai_tech,AI / 大模型,13.0,0.1613,2.5937610547000824,0.41837365812312327,-0.41837365812312327,0.08367473162462466,0.0,0.41837365812312327,0.0,0.18726350085266577,2.5937610547000824,2.5937610547000824,0.41837365812312327,0.2596023352756204,0.0,-0.08549036436291468,-0.41837365812312327,-0.4857167754784401,0.0,-0.41837365812312327,-0.41837365812312327,0.0,0.0,0.0,0.48571677547844017,-0.41837365812312327,0.41837365812312327,0.0,0.0,0.9094666081635331,-0.9094666081635331,-0.41837365812312327,0.0,0.0,0.0,0.0,-0.0026225435250674,-0.015087714031981
2055004839588119024,victor_wu,2026-05-14,crypto,加密,4.0,0.124,2.5937610547000824,0.3216263707828102,-0.3216263707828102,0.12865054831312409,0.0,0.3216263707828102,0.0,0.0,2.5937610547000824,2.5937610547000824,0.3216263707828102,0.0,0.0,-0.00025937610547001566,0.0,-0.1608131853914051,0.0,-0.3216263707828102,0.0,0.0,0.0,0.0,0.0,-0.3216263707828102,0.3216263707828102,0.0,0.0,0.5402318945095094,-0.5402318945095094,-0.3216263707828102,0.0,0.0,0.0,0.0,-0.0038497598207402,-0.0244977136379759
2055199089873314183,wangray,2026-05-15,ai_tech,AI / 大模型,24.0,0.211,0.37156355643248307,0.07839991040725393,-0.07839991040725393,0.015679982081450786,0.0,0.07839991040725393,0.0,0.08162594232648827,0.37156355643248307,0.37156355643248307,0.07839991040725393,0.14625405509814846,0.0,-0.07839991040725393,0.0,-0.039199955203626964,-0.07839991040725393,-0.07839991040725393,-0.07839991040725393,0.0,0.0,0.0,0.030329225427982734,-0.07839991040725393,0.07839991040725393,0.0,0.0,1.3834802331493468,-1.3834802331493468,-0.07839991040725393,0.0,-0.07839991040725393,0.0,0.0,-0.0128940329861121,
2055240315376959797,wangray,2026-05-15,ai_tech,AI / 大模型,24.0,0.25,0.37156355643248307,0.09289088910812077,-0.09289088910812077,0.018578177821624155,0.0,0.09289088910812077,0.0,0.45459457504990475,0.37156355643248307,0.37156355643248307,0.09289088910812077,0.8145241345053705,0.0,-0.09289088910812077,-0.09289088910812077,-0.16891077704045593,-0.09289088910812077,-0.09289088910812077,-0.09289088910812077,0.0,0.0,0.0,0.16891077704045593,-0.09289088910812077,0.09289088910812077,0.0,0.0,2.1512552254454396,-2.1512552254454396,-0.09289088910812077,0.0,-0.09289088910812077,0.0,0.0,-0.0128940329861121,
2055290145302331763,wangray,2026-05-15,ai_tech,AI / 大模型,24.0,0.2465,0.37156355643248307,0.09159041666060708,-0.09159041666060708,0.018318083332121416,0.0,0.09159041666060708,0.0,0.30228156603337103,0.37156355643248307,0.37156355643248307,0.09159041666060708,0.5416158583133781,0.0,-0.09159041666060708,-0.09159041666060708,-0.11231681371933981,-0.09159041666060708,-0.09159041666060708,-0.09159041666060708,0.0,0.0,0.0,0.11231681371933981,-0.09159041666060708,0.09159041666060708,0.0,0.0,1.83181536992593,-1.83181536992593,-0.09159041666060708,0.0,-0.09159041666060708,0.0,0.0,-0.000534698506391,
2055333050205323592,wangray,2026-05-15,ai_tech,AI / 大模型,24.0,0.25,0.37156355643248307,0.09289088910812077,-0.09289088910812077,0.018578177821624155,0.0,0.09289088910812077,0.0,0.2245611004259818,0.37156355643248307,0.37156355643248307,0.09289088910812077,0.40235947810852507,0.0,-0.005263817049460174,0.0,-0.08343872111066979,-0.09289088910812077,-0.09289088910812077,-0.09289088910812077,0.0,0.0,0.0,0.08343872111066979,-0.09289088910812077,0.09289088910812077,0.0,0.0,1.8076407883523231,-1.8076407883523231,-0.09289088910812077,0.0,-0.09289088910812077,0.0,0.0,0.0046183964250741,
2055352865431154718,wangray,2026-05-15,ai_tech,AI / 大模型,24.0,-0.0305,0.37156355643248307,-0.011332688471190733,0.011332688471190733,-0.0022665376942381465,0.0,0.0,-0.011332688471190733,-0.018700989379346483,-0.37156355643248307,0.37156355643248307,-0.011332688471190733,-0.03350767480437735,0.0,0.10027571479221636,0.0,0.0069486061225960735,0.0,0.011332688471190733,0.0,0.0,0.0,0.0,0.0,-0.011332688471190733,-0.011332688471190733,0.0,0.0,-0.21080829265767606,0.21080829265767606,0.011332688471190733,0.0,0.0,0.0,0.0,-0.0044915873939256,
2055361924137984070,wangray,2026-05-15,ai_tech,AI / 大模型,24.0,-0.0926,0.37156355643248307,-0.034406785325647934,0.034406785325647934,-0.006881357065129587,0.0,0.0,-0.034406785325647934,-0.12842256994991855,-0.37156355643248307,0.37156355643248307,-0.034406785325647934,-0.23010235577036883,0.0,0.1032946686882303,0.034406785325647934,0.04771714681679107,0.0,0.034406785325647934,0.0,0.0,0.0,0.0,0.0,-0.034406785325647934,-0.034406785325647934,0.0,0.0,-0.7678668047140543,0.7678668047140543,0.034406785325647934,0.0,0.0,0.0,0.0,-0.0054994149513015,
2055365855370940889,wangray,2026-05-15,ai_tech,AI / 大模型,24.0,0.25,0.37156355643248307,0.09289088910812077,-0.09289088910812077,0.018578177821624155,0.0,0.09289088910812077,0.0,0.1934264036172708,0.37156355643248307,0.37156355643248307,0.09289088910812077,0.34657359027997264,0.0,-0.041218783860243455,0.0,-0.07187020243597804,-0.09289088910812077,-0.09289088910812077,-0.09289088910812077,0.0,0.0,0.0,0.07187020243597804,-0.09289088910812077,0.09289088910812077,0.0,0.0,1.8163574308134882,-1.8163574308134882,-0.09289088910812077,0.0,-0.09289088910812077,0.0,0.0,,
2055381786092568784,wangray,2026-05-15,ai_tech,AI / 大模型,24.0,-0.1768,0.37156355643248307,-0.06569243677726301,0.06569243677726301,-0.013138487355452602,0.0,0.0,-0.06569243677726301,-0.15880961022125434,-0.37156355643248307,0.37156355643248307,-0.06569243677726301,-0.2845486229183489,0.0,0.12325293971946082,0.0,0.05900786356946568,0.0,0.06569243677726301,0.0,0.06569243677726301,0.0,0.05900786356946568,0.0,-0.06569243677726301,-0.06569243677726301,0.0,0.0,-1.410625979301827,1.410625979301827,0.06569243677726301,0.0,0.0,0.0,0.0,,
2055514839137779865,wangray,2026-05-16,ai_tech,AI / 大模型,24.0,-0.2129,0.37156355643248307,-0.07910588116447564,0.07910588116447564,-0.01582117623289513,0.0,0.0,-0.07910588116447564,-0.1912362331227661,-0.37156355643248307,0.37156355643248307,-0.07910588116447564,-0.34264933155721994,0.0,0.12125976664174086,0.0,0.07105641489784639,0.07910588116447564,0.07910588116447564,0.0,0.07910588116447564,0.0,0.07105641489784639,0.0,-0.07910588116447564,-0.07910588116447564,0.0,0.0,-1.5328115197976506,1.5328115197976506,0.07910588116447564,0.07910588116447564,0.0,0.0,0.0,,
2055532865102950514,wangray,2026-05-16,ai_tech,AI / 大模型,24.0,-0.2488,0.37156355643248307,-0.09244501284040178,0.09244501284040178,-0.018489002568080358,0.0,0.0,-0.09244501284040178,-0.8429700373665368,-0.37156355643248307,0.37156355643248307,-0.09244501284040178,-1.5103995467270195,0.0,0.12112559091302912,0.09244501284040178,0.27733503852120533,0.09244501284040178,0.09244501284040178,0.0,0.09244501284040178,0.0,0.3132169450499335,0.0,-0.09244501284040178,-0.09244501284040178,0.0,0.0,-2.6993247291072873,2.6993247291072873,0.09244501284040178,0.09244501284040178,0.0,0.0,0.09244501284040178,,
2055554294343159955,wangray,2026-05-16,ai_tech,AI / 大模型,24.0,0.0214,0.37156355643248307,0.007951460107655137,-0.007951460107655137,0.0015902920215310275,0.0,0.007951460107655137,0.0,0.03151975911035539,0.37156355643248307,0.37156355643248307,0.007951460107655137,0.05647582685376653,0.0,0.008616558873669283,-0.007951460107655137,-0.011711593792938808,0.0,-0.007951460107655137,0.0,0.0,0.0,0.0,0.0,-0.007951460107655137,0.007951460107655137,0.0,0.0,0.18422570666492208,-0.18422570666492208,-0.007951460107655137,0.0,0.0,0.0,0.0,,
2055673573038293413,wangray,2026-05-16,ai_tech,AI / 大模型,25.0,0.25,0.37156355643248307,0.09289088910812077,-0.09289088910812077,0.018578177821624155,0.0,0.09289088910812077,0.0,0.5712743022346172,0.37156355643248307,0.37156355643248307,0.09289088910812077,1.023586140555525,0.0,-0.07710619366076628,-0.09289088910812077,-0.21226471143677955,-0.09289088910812077,-0.09289088910812077,-0.09289088910812077,0.0,0.0,0.0,0.21226471143677955,-0.09289088910812077,0.09289088910812077,0.0,0.0,2.4361376089937274,-2.4361376089937274,-0.09289088910812077,0.0,-0.09289088910812077,0.0,0.0,,
2055682351511028043,wangray,2026-05-16,ai_tech,AI / 大模型,25.0,-0.1809,0.37156355643248307,-0.06721584735863619,0.06721584735863619,-0.013443169471727238,0.0,0.0,-0.06721584735863619,-0.16249241226824043,-0.37156355643248307,0.37156355643248307,-0.06721584735863619,-0.2911473183593287,0.0,0.08942605894438786,0.0,0.06037625859568065,0.0,0.06721584735863619,0.0,0.06721584735863619,0.0,0.06037625859568066,0.0,-0.06721584735863619,-0.06721584735863619,0.0,0.0,-1.3815757009320158,1.3815757009320158,0.06721584735863619,0.0,0.0,0.0,0.0,,
2055683464205369377,wangray,2026-05-16,ai_tech,AI / 大模型,25.0,0.9797,0.37156355643248307,0.3640208162369037,-0.3640208162369037,0.07280416324738075,0.0,0.3640208162369037,0.0,1.259009735597018,0.37156355643248307,0.37156355643248307,0.3640208162369037,2.2558426156062668,0.0,-0.34868953226225874,-0.3640208162369037,-0.4678021349415482,-0.3640208162369037,-0.3640208162369037,-0.3640208162369037,0.0,0.0,0.0,0.4678021349415482,-0.3640208162369037,0.3640208162369037,0.0,0.0,7.302822014260301,-7.302822014260301,-0.3640208162369037,0.0,-0.3640208162369037,0.0,0.0,,
2055740940250436015,wangray,2026-05-16,ai_tech,AI / 大模型,25.0,0.2499,0.37156355643248307,0.09285373275247752,-0.09285373275247752,0.018570746550495506,0.0,0.09285373275247752,0.0,0.2499,0.37156355643248307,0.37156355643248307,0.09285373275247752,0.44776069136009095,0.0,-0.0526160536162427,0.0,-0.09285373275247752,-0.09285373275247752,-0.09285373275247752,-0.09285373275247752,0.0,0.0,0.0,0.09285373275247752,-0.09285373275247752,0.09285373275247752,0.0,0.0,1.934500662599838,-1.934500662599838,-0.09285373275247752,0.0,-0.09285373275247752,0.0,0.0,,
2052965798617190626,wlzh,2026-05-09,unclassified,未分类,21.0,-0.0493,1.1474024528375417,-0.056566940924890806,0.056566940924890806,-0.011313388184978162,0.0,0.0,-0.056566940924890806,-0.02465,-1.1474024528375417,1.1474024528375417,-0.056566940924890806,-0.0341721560016053,0.0,0.056566940924890806,0.0,0.028283470462445403,0.0,0.056566940924890806,0.0,0.0,0.0,0.0,0.0,-0.056566940924890806,-0.056566940924890806,0.0,0.0,-0.3356856377879189,0.3356856377879189,0.056566940924890806,0.0,0.0,0.0,0.0,,
2053627318908985775,wlzh,2026-05-11,unclassified,未分类,20.0,-0.5,1.1474024528375417,-0.5737012264187709,0.5737012264187709,-0.11474024528375418,0.0,0.0,-0.5737012264187709,-0.3962406251802891,-1.1474024528375417,1.1474024528375417,-0.5737012264187709,-0.5493061443340549,0.0,0.5737012264187709,0.0,0.4546474652457447,0.5737012264187709,0.5737012264187709,0.0,0.5737012264187709,0.0,0.4546474652457447,0.0,-0.5737012264187709,-0.5737012264187709,0.0,0.0,-3.658938099313248,3.658938099313248,0.5737012264187709,0.5737012264187709,0.0,0.0,0.0,,
2054174395799908703,wlzh,2026-05-12,unclassified,未分类,20.0,0.1643,1.1474024528375417,0.1885182230012081,-0.1885182230012081,0.03770364460024162,0.0,0.1885182230012081,0.0,0.130204669434243,1.1474024528375417,1.1474024528375417,0.1885182230012081,0.18050199902817043,0.0,-0.1885182230012081,0.0,-0.1493971570797517,0.0,-0.1885182230012081,-0.1885182230012081,0.0,0.0,0.0,0.1493971570797517,-0.1885182230012081,0.1885182230012081,0.0,0.0,1.026870932303233,-1.026870932303233,-0.1885182230012081,0.0,0.0,0.0,0.0,,
2054374675766206788,wlzh,2026-05-13,unclassified,未分类,20.0,0.25,1.1474024528375417,0.28685061320938543,-0.28685061320938543,0.05737012264187709,0.0,0.28685061320938543,0.0,0.4625549647676365,1.1474024528375417,1.1474024528375417,0.28685061320938543,0.6412373393653842,0.0,-0.4341005946568699,-0.28685061320938543,-0.5307367011465688,-0.28685061320938543,-0.28685061320938543,-0.28685061320938543,0.0,0.0,0.0,0.5307367011465688,-0.28685061320938543,0.28685061320938543,0.0,0.0,2.0715673631957663,-2.0715673631957663,-0.28685061320938543,0.0,-0.28685061320938543,0.0,0.0,,
2054545392528966117,wlzh,2026-05-13,unclassified,未分类,20.0,0.0772,1.1474024528375417,0.08857946935905822,-0.08857946935905822,0.017715893871811644,0.0,0.08857946935905822,0.0,0.0,1.1474024528375417,1.1474024528375417,0.0,0.0,0.0,-0.12730430214232527,0.0,-0.04428973467952911,0.0,0.0,0.0,0.0,0.0,0.0,0.0,-0.08857946935905822,0.08857946935905822,0.0,0.0,0.0,-0.0,-0.08857946935905822,0.0,0.0,-0.08857946935905822,0.0,,
2054840339845009864,wlzh,2026-05-14,unclassified,未分类,20.0,0.2488,1.1474024528375417,0.2854737302659804,-0.2854737302659804,0.05709474605319608,0.0,0.2854737302659804,0.0,0.28884785500398785,1.1474024528375417,1.1474024528375417,0.2854737302659804,0.40042815261360415,0.0,-0.29873770262078236,-0.2854737302659804,-0.33142473732843825,-0.2854737302659804,-0.2854737302659804,-0.2854737302659804,0.0,0.0,0.0,0.33142473732843825,-0.2854737302659804,0.2854737302659804,0.0,0.0,1.7021939305476248,-1.7021939305476248,-0.2854737302659804,0.0,-0.2854737302659804,0.0,0.0,,
2055094614286283007,wlzh,2026-05-15,unclassified,未分类,20.0,0.9949,1.1474024528375417,1.1415507003280703,-1.1415507003280703,0.22831014006561406,0.0,1.1415507003280703,0.0,0.0,1.1474024528375417,1.1474024528375417,0.0,0.0,0.0,-1.1050250555794086,0.0,-0.5707753501640351,-1.1415507003280703,0.0,-1.1415507003280703,0.0,0.0,0.0,0.0,-1.1415507003280703,1.1415507003280703,0.0,0.0,1.3792242598781792,-1.3792242598781792,-1.1415507003280703,0.0,-1.1415507003280703,-1.1415507003280703,0.0,,
2055474562083782794,wlzh,2026-05-16,unclassified,未分类,20.0,-0.249,1.1474024528375417,-0.28570321075654787,0.28570321075654787,-0.057140642151309574,0.0,0.0,-0.28570321075654787,-0.3735,-1.1474024528375417,1.1474024528375417,-0.28570321075654787,-0.5177809438782791,0.0,0.48008957773083943,0.28570321075654787,0.4285548161348218,0.28570321075654787,0.28570321075654787,0.0,0.28570321075654787,0.0,0.4285548161348218,0.0,-0.28570321075654787,-0.28570321075654787,0.0,0.0,-1.8849119861554204,1.8849119861554204,0.28570321075654787,0.28570321075654787,0.0,0.0,0.28570321075654787,,
2055923501173744021,wlzh,2026-05-17,unclassified,未分类,20.0,-0.25,1.1474024528375417,-0.28685061320938543,0.28685061320938543,-0.05737012264187709,0.0,0.0,-0.28685061320938543,-0.6981203125901446,-1.1474024528375417,1.1474024528375417,-0.28685061320938543,-0.9678002527269728,0.0,0.42122578296732205,0.28685061320938543,0.8010249590416433,0.28685061320938543,0.28685061320938543,0.0,0.28685061320938543,0.0,0.8010249590416433,0.0,-0.28685061320938543,-0.28685061320938543,0.0,0.0,-2.1674356474691305,2.1674356474691305,-0.17211036792563128,0.28685061320938543,0.0,0.0,0.28685061320938543,,
2056029551273357502,wlzh,2026-05-17,unclassified,未分类,20.0,0.25,1.1474024528375417,0.28685061320938543,-0.28685061320938543,0.05737012264187709,0.0,0.28685061320938543,0.0,0.19812031259014454,1.1474024528375417,1.1474024528375417,0.28685061320938543,0.27465307216702745,0.0,-0.1992783082255957,0.0,-0.22732373262287234,-0.28685061320938543,-0.28685061320938543,-0.28685061320938543,0.0,0.0,0.0,0.22732373262287234,-0.28685061320938543,0.28685061320938543,0.0,0.0,1.354025100551105,-1.354025100551105,-0.28685061320938543,0.0,-0.28685061320938543,0.0,0.0,,
2054140033234608610,wolfyxbt,2026-05-12,unclassified,未分类,2.0,-0.2149,3.8051057230820686,-0.8177172198903365,0.8177172198903365,-0.6541737759122692,-0.8177172198903365,0.0,-0.8177172198903365,-0.2005172229765113,-3.8051057230820686,3.8051057230820686,-0.8177172198903365,-1.2551538921695433,0.8177172198903365,0.8177172198903365,0.0,0.7629892327244464,0.8177172198903365,0.8177172198903365,0.0,0.8177172198903365,0.0,0.7629892327244464,0.0,-0.8177172198903365,-0.8177172198903365,0.0,0.0,-2.7124421724579975,2.7124421724579975,0.8177172198903365,0.8177172198903365,0.0,0.0,0.0,,
2054883979673907698,wolfyxbt,2026-05-14,unclassified,未分类,2.0,0.2482,3.8051057230820686,0.9444272404689694,-0.9444272404689694,0.7555417923751756,0.9444272404689694,0.9444272404689694,0.0,0.25987141156604565,3.8051057230820686,3.8051057230820686,0.9444272404689694,1.6266862708792063,-0.9444272404689694,-0.9444272404689694,0.0,-0.9888381954153759,-0.9444272404689694,-0.9444272404689694,-0.9444272404689694,0.0,0.0,0.0,0.988838195415376,-0.9444272404689694,0.9444272404689694,0.0,0.0,3.083133955632774,-3.083133955632774,-0.9444272404689694,0.0,-0.9444272404689694,0.0,0.0,,
2054965546031218827,wolfyxbt,2026-05-14,unclassified,未分类,2.0,0.0593,3.8051057230820686,0.22564276937876668,-0.22564276937876668,0.18051421550301336,0.22564276937876668,0.22564276937876668,0.0,0.07120675678105912,3.8051057230820686,3.8051057230820686,0.22564276937876668,0.445724494862897,-0.22564276937876668,-0.22564276937876668,-0.22564276937876668,-0.27094923774972096,0.0,-0.22564276937876668,0.0,0.0,0.0,0.0,0.0,-0.22564276937876668,0.22564276937876668,0.0,0.0,0.7938578638211424,-0.7938578638211424,-0.22564276937876668,0.0,0.0,0.0,0.0,,
2055194481482482143,wolfyxbt,2026-05-15,unclassified,未分类,2.0,0.7225,3.8051057230820686,2.7491888849267947,-2.7491888849267947,2.199351107941436,2.7491888849267947,2.7491888849267947,0.0,0.5582184204857888,3.8051057230820686,3.8051057230820686,2.7491888849267947,3.494213677772443,-2.7491888849267947,-2.6317379549409945,0.0,-2.124080106520308,-2.7491888849267947,-2.7491888849267947,-2.7491888849267947,0.0,0.0,0.0,2.124080106520308,-2.7491888849267947,2.7491888849267947,0.0,0.0,8.211735530199524,-8.211735530199524,-2.7491888849267947,0.0,-2.7491888849267947,0.0,0.0,,
2054353278557929963,xiaohu,2026-05-13,ai_tech,AI / 大模型,5.0,0.9986,1.7561322915849038,1.753673706376685,-1.753673706376685,0.350734741275337,0.0,1.753673706376685,0.0,1.0315193519910117,1.7561322915849038,1.7561322915849038,1.753673706376685,4.105118640763469,0.0,-1.753673706376685,0.0,-1.8114844434261506,-1.753673706376685,-1.753673706376685,-1.753673706376685,0.0,0.0,0.0,1.8114844434261506,-1.753673706376685,1.753673706376685,0.0,0.0,9.644768485562137,-9.644768485562137,-1.753673706376685,0.0,-1.753673706376685,0.0,0.0,0.0022482547976074,0.0105622304188508
2054710489582842025,xiaohu,2026-05-13,ai_tech,AI / 大模型,5.0,-0.2065,1.7561322915849038,-0.3626413182122826,0.3626413182122826,-0.07252826364245653,0.0,0.0,-0.3626413182122826,-0.1873653758787314,-1.7561322915849038,1.7561322915849038,-0.3626413182122826,-0.7456545489610323,0.0,0.3626413182122826,0.0,0.3290383869055834,0.3626413182122826,0.3626413182122826,0.0,0.3626413182122826,0.0,0.3290383869055834,0.0,-0.3626413182122826,-0.3626413182122826,0.0,0.0,-2.0170352334643193,2.0170352334643193,0.3626413182122826,0.3626413182122826,0.0,0.0,0.0,0.0051926185114692,0.0071077162744499
2054925632061231431,xiaohu,2026-05-14,ai_tech,AI / 大模型,5.0,0.2026,1.7561322915849038,0.3557924022751015,-0.3557924022751015,0.07115848045502031,0.0,0.3557924022751015,0.0,0.17315017869560684,1.7561322915849038,1.7561322915849038,0.3557924022751015,0.6890825895247527,0.0,-0.3557924022751015,0.0,-0.30407462010105163,-0.3557924022751015,-0.3557924022751015,-0.3557924022751015,0.0,0.0,0.0,0.30407462010105163,-0.3557924022751015,0.3557924022751015,0.0,0.0,1.9763487243775228,-1.9763487243775228,-0.3557924022751015,0.0,-0.3557924022751015,0.0,0.0,0.0028860265739671,-0.015087714031981
2055064820408614969,xiaohu,2026-05-14,ai_tech,AI / 大模型,5.0,-0.9997,1.7561322915849038,-1.7556054518974284,1.7556054518974284,-0.3511210903794857,0.0,0.0,-1.7556054518974284,-1.097609657754522,-1.7561322915849038,1.7561322915849038,-1.7556054518974284,-4.368137018111281,0.0,2.3378803820439296,1.7556054518974284,1.9275477635381708,1.7556054518974284,1.7556054518974284,0.0,1.7556054518974284,0.0,1.9275477635381708,0.0,-1.7556054518974284,-1.7556054518974284,0.0,0.0,-10.147888116354391,10.147888116354391,1.7556054518974284,1.7556054518974284,0.0,0.0,1.7556054518974284,-0.0128940329861121,-0.015087714031981
2055299820215300380,xiaohu,2026-05-15,ai_tech,AI / 大模型,5.0,0.5,1.7561322915849038,0.8780661457924519,-0.8780661457924519,0.1756132291584904,0.0,0.8780661457924519,0.0,0.48102357543287727,1.7561322915849038,1.7561322915849038,0.8780661457924519,1.9143206982445475,0.0,-0.880261311156933,0.0,-0.8447410338313026,-0.8780661457924519,-0.8780661457924519,-0.8780661457924519,0.0,0.0,0.0,0.8447410338313026,-0.8780661457924519,0.8780661457924519,0.0,0.0,4.613254476568883,-4.613254476568883,-0.8780661457924519,0.0,-0.8780661457924519,0.0,0.0,-0.0021946140724057,
2055808836074979576,xiaohu,2026-05-17,ai_tech,AI / 大模型,5.0,-0.2457,1.7561322915849038,-0.4314817040424109,0.4314817040424109,-0.08629634080848218,0.0,0.0,-0.4314817040424109,-0.3177991364492749,-1.7561322915849038,1.7561322915849038,-0.4314817040424109,-1.2647393929530653,0.0,0.6053388009093164,0.4314817040424109,0.5580973257563687,0.4314817040424109,0.4314817040424109,0.0,0.4314817040424109,0.0,0.5580973257563686,0.0,-0.4314817040424109,-0.4314817040424109,0.0,0.0,-2.610814002940109,2.610814002940109,0.4314817040424109,0.4314817040424109,0.0,0.0,0.4314817040424109,,
2053772080177713432,xicilion,2026-05-11,ai_tech,AI / 大模型,40.0,0.1626,0.412109650826833,0.06700902922444305,-0.06700902922444305,0.01340180584488861,0.0,0.06700902922444305,0.0,0.31118613239759235,0.412109650826833,0.412109650826833,0.06700902922444305,0.7165325496051675,0.0,-0.06700902922444305,-0.06700902922444305,-0.1282428083645244,0.0,-0.06700902922444305,-0.06700902922444305,0.0,0.0,0.0,0.1282428083645244,-0.06700902922444305,0.06700902922444305,0.0,0.0,1.5388674588796172,-1.5388674588796172,-0.06700902922444305,0.0,0.0,0.0,0.0,-0.0017999582175547,-0.008481806809764
2055375833259466891,xicilion,2026-05-15,ai_tech,AI / 大模型,40.0,-0.1749,0.412109650826833,-0.07207797792961308,0.07207797792961308,-0.014415595585922618,0.0,0.0,-0.07207797792961308,-0.1749,-0.412109650826833,0.412109650826833,-0.07207797792961308,-0.4027221327646586,0.0,0.07207797792961308,0.0,0.07207797792961308,0.0,0.07207797792961308,0.0,0.07207797792961308,0.0,0.07207797792961308,0.0,-0.07207797792961308,-0.07207797792961308,0.0,0.0,-1.4579508503750456,1.4579508503750456,0.07207797792961308,0.0,0.0,0.0,0.07207797792961308,,
2055785170779930959,xicilion,2026-05-16,ai_tech,AI / 大模型,40.0,-0.2409,0.412109650826833,-0.09927721488418406,0.09927721488418406,-0.019855442976836814,0.0,0.0,-0.09927721488418406,-0.2599747621728728,-0.412109650826833,0.412109650826833,-0.09927721488418406,-0.5986140119339293,0.0,0.09927721488418406,0.09927721488418406,0.10713810846285154,0.09927721488418406,0.09927721488418406,0.0,0.09927721488418406,0.0,0.10713810846285156,0.0,-0.09927721488418406,-0.09927721488418406,0.0,0.0,-2.2706107535948177,2.2706107535948177,0.09927721488418406,0.09927721488418406,0.0,0.0,0.09927721488418406,,
2055791216839790767,xicilion,2026-05-16,ai_tech,AI / 大模型,40.0,0.2098,0.412109650826833,0.08646060474346956,-0.08646060474346956,0.017292120948693913,0.0,0.08646060474346956,0.0,0.2098,0.412109650826833,0.412109650826833,0.08646060474346956,0.4830823525101508,0.0,-0.12124265927325426,0.0,-0.08646060474346956,-0.08646060474346956,-0.08646060474346956,-0.08646060474346956,0.0,0.0,0.0,0.08646060474346956,-0.08646060474346956,0.08646060474346956,0.0,0.0,1.9875670049370622,-1.9875670049370622,-0.08646060474346956,0.0,-0.08646060474346956,0.0,0.0,,
2055862156852371779,xicilion,2026-05-17,ai_tech,AI / 大模型,40.0,0.0417,0.412109650826833,0.017184972439478936,-0.017184972439478936,0.003436994487895787,0.0,0.017184972439478936,0.0,0.02914704918081198,0.412109650826833,0.412109650826833,0.017184972439478936,0.06711356094850199,0.0,-0.021656362150950077,0.0,-0.012011780260536955,0.0,-0.017184972439478936,0.0,0.0,0.0,0.0,0.0,-0.017184972439478936,0.017184972439478936,0.0,0.0,0.35156283642452435,-0.35156283642452435,-0.017184972439478936,0.0,0.0,0.0,0.0,,
2055519690597003731,yangyi,2026-05-16,ai_tech,AI / 大模型,49.0,-0.1128,0.08617769624105233,-0.009720844135990702,0.009720844135990702,-0.0019441688271981405,0.0,0.0,-0.009720844135990702,-0.128184495556844,-0.08617769624105233,0.08617769624105233,-0.009720844135990702,-0.5473090137701327,0.0,0.009720844135990702,0.009720844135990702,0.011046644520910223,0.0,0.009720844135990702,0.0,0.009720844135990702,0.0,0.011046644520910224,0.0,-0.009720844135990702,-0.009720844135990702,0.0,0.0,-1.2114425490552783,1.2114425490552783,0.009720844135990702,0.0,0.0,0.0,0.009720844135990702,,
2055561274084491747,yangyi,2026-05-16,ai_tech,AI / 大模型,49.0,-0.2497,0.08617769624105233,-0.021518570751390766,0.021518570751390766,-0.004303714150278154,0.0,0.0,-0.021518570751390766,-0.11380051395755365,-0.08617769624105233,0.08617769624105233,-0.021518570751390766,-0.48589376421911173,0.0,0.021518570751390766,0.0,0.010759285375695383,0.021518570751390766,0.021518570751390766,0.0,0.021518570751390766,0.0,0.009807066123909695,0.0,-0.021518570751390766,-0.021518570751390766,0.0,0.0,-2.1074380580518977,2.1074380580518977,0.021518570751390766,0.021518570751390766,0.0,0.0,0.0,,
2055581344605065461,yangyi,2026-05-16,ai_tech,AI / 大模型,49.0,0.25,0.08617769624105233,0.021544424060263082,-0.021544424060263082,0.004308884812052617,0.0,0.021544424060263082,0.0,0.2905852632842085,0.08617769624105233,0.08617769624105233,0.021544424060263082,1.2407111575649767,0.0,-0.021544424060263082,-0.021544424060263082,-0.025041968551432734,-0.021544424060263082,-0.021544424060263082,-0.021544424060263082,0.0,0.0,0.0,0.025041968551432734,-0.021544424060263082,0.021544424060263082,0.0,0.0,2.2648212242640566,-2.2648212242640566,-0.021544424060263082,0.0,-0.021544424060263082,0.0,0.0,,
2055690384060403875,yangyi,2026-05-16,ai_tech,AI / 大模型,49.0,-0.0208,0.08617769624105233,-0.0017924960818138883,0.0017924960818138883,-0.0003584992163627777,0.0,0.0,-0.0017924960818138883,-0.01319237366265476,-0.08617769624105233,0.08617769624105233,-0.0017924960818138883,-0.05632744418292596,0.0,-0.0014391675272255745,0.0,0.0011368883701987208,0.0,0.0017924960818138883,0.0,0.0,0.0,0.0,0.0,-0.0017924960818138883,-0.0017924960818138883,0.0,0.0,-0.17203756680849344,0.17203756680849344,0.0017924960818138883,0.0,0.0,0.0,0.0,,
2055010623910785535,yetone,2026-05-14,unclassified,未分类,39.0,0.0946,0.5306282510621704,0.05019743255048132,-0.05019743255048132,0.010039486510096264,0.0,0.05019743255048132,0.0,0.16129079558054726,0.5306282510621704,0.5306282510621704,0.05019743255048132,0.7239757311458763,0.0,-0.05019743255048132,-0.05019743255048132,-0.08558545277133182,0.0,-0.05019743255048132,0.0,0.0,0.0,0.0,0.0,-0.05019743255048132,0.05019743255048132,0.0,0.0,1.1784832163088448,-1.1784832163088448,-0.05019743255048132,0.0,0.0,0.0,0.0,,
2055107141388894708,yetone,2026-05-15,unclassified,未分类,39.0,0.25,0.5306282510621704,0.1326570627655426,-0.1326570627655426,0.02653141255310852,0.0,0.1326570627655426,0.0,0.3109795408262763,0.5306282510621704,0.5306282510621704,0.1326570627655426,1.3958740771954248,0.0,-0.1326570627655426,-0.1326570627655426,-0.1650145298647638,-0.1326570627655426,-0.1326570627655426,-0.1326570627655426,0.0,0.0,0.0,0.1650145298647638,-0.1326570627655426,0.1326570627655426,0.0,0.0,2.663696427434526,-2.663696427434526,-0.1326570627655426,0.0,-0.1326570627655426,0.0,0.0,,
2055146460052926917,yetone,2026-05-15,unclassified,未分类,39.0,-0.0261,0.5306282510621704,-0.013849397352722647,0.013849397352722647,-0.00276987947054453,0.0,0.0,-0.013849397352722647,-0.021870188389856167,-0.5306282510621704,0.5306282510621704,-0.013849397352722647,-0.09816732301960199,0.0,0.013849397352722647,0.0,0.011604939815709562,0.0,0.013849397352722647,0.0,0.0,0.0,0.0,0.0,-0.013849397352722647,-0.013849397352722647,0.0,0.0,-0.25672827243880164,0.25672827243880164,0.013849397352722647,0.0,0.0,0.0,0.0,,
2055204767220355437,yetone,2026-05-15,unclassified,未分类,39.0,-0.2497,0.5306282510621704,-0.13249787429022394,0.13249787429022394,-0.02649957485804479,0.0,0.0,-0.13249787429022394,-0.2644392133707396,-0.5306282510621704,0.5306282510621704,-0.13249787429022394,-1.1869714707192593,0.0,0.1888329069446577,0.13249787429022394,0.14031891730317164,0.13249787429022394,0.13249787429022394,0.0,0.13249787429022394,0.0,0.14031891730317167,0.0,-0.13249787429022394,-0.13249787429022394,0.0,0.0,-2.638348285150104,2.638348285150104,0.13249787429022394,0.13249787429022394,0.0,0.0,0.13249787429022394,,
2055717491599622380,yetone,2026-05-16,unclassified,未分类,39.0,-0.2006,0.5306282510621704,-0.10644402716307137,0.10644402716307137,-0.021288805432614275,0.0,0.0,-0.10644402716307137,-0.18444424752755162,-0.5306282510621704,0.5306282510621704,-0.10644402716307137,-0.8279031576400454,0.0,0.11557083308134071,0.0,0.09787132848402275,0.10644402716307137,0.10644402716307137,0.0,0.10644402716307137,0.0,0.09787132848402276,0.0,-0.10644402716307137,-0.10644402716307137,0.0,0.0,-1.9760754749305363,1.9760754749305363,0.10644402716307137,0.10644402716307137,0.0,0.0,0.0,,
seed_yetone,yetone,2026-05-17,unclassified,未分类,37.0,0.0284,0.5306282510621704,0.01506984233016564,-0.01506984233016564,0.003013968466033128,0.0,0.01506984233016564,0.0,0.0,0.5306282510621704,0.5306282510621704,0.01506984233016564,0.0,0.0,-0.02905720302816445,0.0,-0.00753492116508282,0.0,-0.01506984233016564,0.0,0.0,0.0,0.0,0.0,-0.01506984233016564,0.01506984233016564,0.0,0.0,0.25331246998754287,-0.25331246998754287,-0.01506984233016564,0.0,0.0,0.0,0.0,,
2056108495716638789,yetone,2026-05-17,unclassified,未分类,39.0,0.1685,0.5306282510621704,0.08941086030397571,-0.08941086030397571,0.017882172060795145,0.0,0.08941086030397571,0.0,0.08643729547480583,0.5306282510621704,0.5306282510621704,0.08941086030397571,0.38798558816949674,0.0,-0.09855535383061378,0.0,-0.04586607092434027,0.0,-0.08941086030397571,-0.08941086030397571,0.0,0.0,0.0,0.04586607092434027,-0.08941086030397571,0.08941086030397571,0.0,0.0,1.207515816641518,-1.207515816641518,-0.08941086030397571,0.0,0.0,0.0,0.0,,
2053387165493805514,yihui_indie,2026-05-10,ai_tech,AI / 大模型,43.0,-0.1053,0.12221763272424921,-0.012869516725863442,0.012869516725863442,-0.0025739033451726884,0.0,0.0,-0.012869516725863442,-0.10035167938658529,-0.12221763272424921,0.12221763272424921,-0.012869516725863442,-0.3935766108052387,0.0,0.012869516725863442,0.0,0.01226474469453129,0.0,0.012869516725863442,0.0,0.012869516725863442,0.0,0.012264744694531291,0.0,-0.012869516725863442,-0.012869516725863442,0.0,0.0,-1.024696974416972,1.024696974416972,0.012869516725863442,0.0,0.0,0.0,0.0,-0.0017999582175547,0.0028963874065546
2053706882452435232,yihui_indie,2026-05-11,ai_tech,AI / 大模型,40.0,-0.063,0.12221763272424921,-0.0076997108616277,0.0076997108616277,-0.00153994217232554,0.0,0.0,-0.0076997108616277,-0.07038999358578323,-0.12221763272424921,0.12221763272424921,-0.0076997108616277,-0.27606767798445453,0.0,0.0076997108616277,0.0076997108616277,0.008602898383529511,0.0,0.0076997108616277,0.0,0.0,0.0,0.0,0.0,-0.0076997108616277,-0.0076997108616277,0.0,0.0,-0.6745544887279458,0.6745544887279458,0.0076997108616277,0.0,0.0,0.0,0.0,-0.0017999582175547,-0.008481806809764
2053729880089776600,yihui_indie,2026-05-11,ai_tech,AI / 大模型,40.0,-0.25,0.12221763272424921,-0.030554408181062302,0.030554408181062302,-0.006110881636212461,0.0,0.0,-0.030554408181062302,-0.0,-0.12221763272424921,0.12221763272424921,0.0,-0.0,0.0,0.030554408181062302,0.0,0.015277204090531151,0.030554408181062302,0.0,0.0,0.030554408181062302,0.0,0.0,0.0,-0.030554408181062302,-0.030554408181062302,0.0,0.0,-0.0,0.0,0.030554408181062302,0.030554408181062302,0.0,0.030554408181062302,0.0,-0.0017999582175547,-0.008481806809764
2053773801658479019,yihui_indie,2026-05-11,ai_tech,AI / 大模型,40.0,-0.1429,0.12221763272424921,-0.017464899716295213,0.017464899716295213,-0.0034929799432590427,0.0,0.0,-0.017464899716295213,-0.1010213212677604,-0.12221763272424921,0.12221763272424921,-0.017464899716295213,-0.3962029284080647,0.0,0.00042368779344406475,0.0,0.012346586740021526,0.0,0.017464899716295213,0.0,0.017464899716295213,0.0,0.012346586740021525,0.0,-0.017464899716295213,-0.017464899716295213,0.0,0.0,-1.2879035227520046,1.2879035227520046,0.017464899716295213,0.0,0.0,0.0,0.0,-0.0017999582175547,-0.008481806809764
2053774191166657011,yihui_indie,2026-05-11,ai_tech,AI / 大模型,40.0,0.2387,0.12221763272424921,0.029173348931278285,-0.029173348931278285,0.005834669786255658,0.0,0.029173348931278285,0.0,0.2213915653873297,0.12221763272424921,0.12221763272424921,0.029173348931278285,0.8682918163266883,0.0,-0.04632048280249045,0.0,-0.027057953026755264,-0.029173348931278285,-0.029173348931278285,-0.029173348931278285,0.0,0.0,0.0,0.027057953026755267,-0.029173348931278285,0.029173348931278285,0.0,0.0,2.281266828850241,-2.281266828850241,-0.029173348931278285,0.0,-0.029173348931278285,0.0,0.0,-0.0017999582175547,-0.008481806809764
2053776081497510296,yihui_indie,2026-05-11,ai_tech,AI / 大模型,40.0,0.166,0.12221763272424921,0.02028812703222537,-0.02028812703222537,0.004057625406445074,0.0,0.02028812703222537,0.0,0.22529976131219567,0.12221763272424921,0.12221763272424921,0.02028812703222537,0.8836196565369758,0.0,-0.028171164342939443,-0.02028812703222537,-0.027535603480914942,0.0,-0.02028812703222537,-0.02028812703222537,0.0,0.0,0.0,0.027535603480914942,-0.02028812703222537,0.02028812703222537,0.0,0.0,1.8806882417558202,-1.8806882417558202,-0.02028812703222537,0.0,0.0,0.0,0.0,-0.0017999582175547,-0.008481806809764
2054034638360940616,yihui_indie,2026-05-12,ai_tech,AI / 大模型,40.0,-0.2495,0.12221763272424921,-0.030493299364700178,0.030493299364700178,-0.0060986598729400356,0.0,0.0,-0.030493299364700178,-0.2346715147926265,-0.12221763272424921,0.12221763272424921,-0.030493299364700178,-0.9203754238014271,0.0,0.027305456111142677,0.0,0.02868099700576844,0.030493299364700178,0.030493299364700178,0.0,0.030493299364700178,0.0,0.02868099700576844,0.0,-0.030493299364700178,-0.030493299364700178,0.0,0.0,-2.3475113953729823,2.3475113953729823,0.030493299364700178,0.030493299364700178,0.0,0.0,0.0,-0.0116490863849201,-0.008481806809764
2054115193265992048,yihui_indie,2026-05-12,ai_tech,AI / 大模型,40.0,0.2482,0.12221763272424921,0.030334416442158653,-0.030334416442158653,0.006066883288431731,0.0,0.030334416442158653,0.0,0.2781003812799674,0.12221763272424921,0.12221763272424921,0.030334416442158653,1.0907022801896995,0.0,-0.037423039140165114,-0.030334416442158653,-0.033988770259748724,-0.030334416442158653,-0.030334416442158653,-0.030334416442158653,0.0,0.0,0.0,0.033988770259748724,-0.030334416442158653,0.030334416442158653,0.0,0.0,2.2529774256057586,-2.2529774256057586,-0.030334416442158653,0.0,-0.030334416442158653,0.0,0.0,-0.0116490863849201,0.0105622304188508
2054192899563413865,yihui_indie,2026-05-12,ai_tech,AI / 大模型,40.0,-0.1409,0.12221763272424921,-0.017220464450846712,0.017220464450846712,-0.0034440928901693425,0.0,0.0,-0.017220464450846712,-0.1464887638402615,-0.12221763272424921,0.12221763272424921,-0.017220464450846712,-0.5745250258463159,0.0,0.014809721645360898,0.0,0.017903509937258356,0.0,0.017220464450846712,0.0,0.017220464450846712,0.0,0.017903509937258356,0.0,-0.017220464450846712,-0.017220464450846712,0.0,0.0,-1.5155604931831486,1.5155604931831486,0.017220464450846712,0.0,0.0,0.0,0.017220464450846712,-0.0054508054803289,0.0105622304188508
2054612587212587176,yihui_indie,2026-05-13,ai_tech,AI / 大模型,40.0,-0.174,0.12221763272424921,-0.021265868094019362,0.021265868094019362,-0.004253173618803873,0.0,0.0,-0.021265868094019362,-0.11379505925490953,-0.12221763272424921,0.12221763272424921,-0.021265868094019362,-0.4463011881983074,0.0,0.017209600661271224,0.0,0.01390776275785071,0.0,0.021265868094019362,0.0,0.021265868094019362,0.0,0.013907762757850708,0.0,-0.021265868094019362,-0.021265868094019362,0.0,0.0,-1.4605377256624834,1.4605377256624834,0.021265868094019362,0.0,0.0,0.0,0.0,0.0020008587552557,0.0071077162744499
2054768144439468108,yihui_indie,2026-05-14,ai_tech,AI / 大模型,40.0,0.2499,0.12221763272424921,0.030542186417789878,-0.030542186417789878,0.006108437283557976,0.0,0.030542186417789878,0.0,0.3898324538942933,0.12221763272424921,0.12221763272424921,0.030542186417789878,1.528912489790533,0.0,-0.036319413916665134,-0.030542186417789878,-0.047644399674045546,-0.030542186417789878,-0.030542186417789878,-0.030542186417789878,0.0,0.0,0.0,0.047644399674045546,-0.030542186417789878,0.030542186417789878,0.0,0.0,2.852013444021409,-2.852013444021409,-0.030542186417789878,0.0,-0.030542186417789878,0.0,0.0,0.0051926185114692,0.0071077162744499
2054770411351712121,yihui_indie,2026-05-14,ai_tech,AI / 大模型,40.0,0.2498,0.12221763272424921,0.03052996465451745,-0.03052996465451745,0.006105992930903491,0.0,0.03052996465451745,0.0,0.29762380892557355,0.12221763272424921,0.12221763272424921,0.03052996465451745,1.167272642848584,0.0,-0.033005427251877696,-0.03052996465451745,-0.03637487736925787,-0.03052996465451745,-0.03052996465451745,-0.03052996465451745,0.0,0.0,0.0,0.036374877369257874,-0.03052996465451745,0.03052996465451745,0.0,0.0,2.4321156579634216,-2.4321156579634216,-0.03052996465451745,0.0,-0.03052996465451745,0.0,0.0,0.0051926185114692,0.0071077162744499
2054841927993065611,yihui_indie,2026-05-14,ai_tech,AI / 大模型,40.0,0.25,0.12221763272424921,0.030554408181062302,-0.030554408181062302,0.006110881636212461,0.0,0.030554408181062302,0.0,0.14005861265107142,0.12221763272424921,0.12221763272424921,0.030554408181062302,0.5493061443340549,0.0,-0.03027941850743274,0.0,-0.01711763208085653,-0.030554408181062302,-0.030554408181062302,-0.030554408181062302,0.0,0.0,0.0,0.01711763208085653,-0.030554408181062302,0.030554408181062302,0.0,0.0,2.171733991500833,-2.171733991500833,-0.030554408181062302,0.0,-0.030554408181062302,0.0,0.0,0.0051926185114692,-0.015087714031981
2055096145358258627,yihui_indie,2026-05-15,ai_tech,AI / 大模型,40.0,0.2145,0.12221763272424921,0.026215682219351454,-0.026215682219351454,0.005243136443870291,0.0,0.026215682219351454,0.0,0.19748780163726998,0.12221763272424921,0.12221763272424921,0.026215682219351454,0.7745418922621861,0.0,-0.023611506506688605,0.0,-0.024136491608023242,-0.026215682219351454,-0.026215682219351454,-0.026215682219351454,0.0,0.0,0.0,0.024136491608023242,-0.026215682219351454,0.026215682219351454,0.0,0.0,2.1611870531555075,-2.1611870531555075,-0.026215682219351454,0.0,-0.026215682219351454,0.0,0.0,-0.0128940329861121,-0.015087714031981
2055516897916108886,yihui_indie,2026-05-16,ai_tech,AI / 大模型,40.0,-0.2482,0.12221763272424921,-0.030334416442158653,0.030334416442158653,-0.006066883288431731,0.0,0.0,-0.030334416442158653,-0.06952509531999185,-0.12221763272424921,0.12221763272424921,-0.030334416442158653,-0.2726755700474249,0.0,0.03462512833387069,0.0,0.015167208221079326,0.030334416442158653,0.030334416442158653,0.0,0.030334416442158653,0.0,0.008497192564937181,0.0,-0.030334416442158653,-0.030334416442158653,0.0,0.0,-1.9594622690756398,1.9594622690756398,0.030334416442158653,0.030334416442158653,0.0,0.0,0.0,,
2055525259617665393,yihui_indie,2026-05-16,ai_tech,AI / 大模型,40.0,0.25,0.12221763272424921,0.030554408181062302,-0.030554408181062302,0.006110881636212461,0.0,0.030554408181062302,0.0,0.34351787147323143,0.12221763272424921,0.12221763272424921,0.030554408181062302,1.3472679324541252,0.0,-0.02857203817827498,-0.030554408181062302,-0.041983941049931243,-0.030554408181062302,-0.030554408181062302,-0.030554408181062302,0.0,0.0,0.0,0.041983941049931243,-0.030554408181062302,0.030554408181062302,0.0,0.0,2.5820498945016874,-2.5820498945016874,-0.030554408181062302,0.0,-0.030554408181062302,0.0,0.0,,
2055856550984745044,yihui_indie,2026-05-17,ai_tech,AI / 大模型,40.0,0.2499,0.12221763272424921,0.030542186417789878,-0.030542186417789878,0.006108437283557976,0.0,0.030542186417789878,0.0,0.339789772181518,0.12221763272424921,0.12221763272424921,0.030542186417789878,1.3326464264370157,0.0,-0.025664888087874174,-0.030542186417789878,-0.041528301579937074,-0.030542186417789878,-0.030542186417789878,-0.030542186417789878,0.0,0.0,0.0,0.04152830157993708,-0.030542186417789878,0.030542186417789878,0.0,0.0,2.4806374108865104,-2.4806374108865104,-0.030542186417789878,0.0,-0.030542186417789878,0.0,0.0,,
2030837778255368629,zaotang18,2026-03-09,unclassified,未分类,11.0,0.0826,1.7029282555214393,0.1406618739060709,-0.1406618739060709,0.028132374781214182,0.0,0.1406618739060709,0.0,0.10489170013335913,1.7029282555214393,1.7029282555214393,0.1406618739060709,0.5650291433192456,0.0,-0.1406618739060709,-0.1406618739060709,-0.17862303992677922,0.0,-0.1406618739060709,0.0,0.0,0.0,0.0,0.0,-0.1406618739060709,0.1406618739060709,0.0,0.0,1.0672112049371052,-1.0672112049371052,-0.1406618739060709,0.0,0.0,0.0,0.0,,
2031229611296882770,zaotang18,2026-03-10,unclassified,未分类,11.0,0.0516,1.7029282555214393,0.08787109798490628,-0.08787109798490628,0.017574219596981255,0.0,0.08787109798490628,0.0,0.015416798821691908,1.7029282555214393,1.7029282555214393,0.08787109798490628,0.08304699628159957,0.0,-0.08787109798490628,0.0,-0.04393554899245314,0.0,-0.08787109798490628,0.0,0.0,0.0,0.0,0.0,-0.08787109798490628,0.08787109798490628,0.0,0.0,0.40884476773559597,-0.40884476773559597,-0.08787109798490628,0.0,0.0,0.0,0.0,,
2032326138832568676,zaotang18,2026-03-13,unclassified,未分类,11.0,-0.25,1.7029282555214393,-0.42573206388035983,0.42573206388035983,-0.08514641277607198,0.0,0.0,-0.42573206388035983,-0.19301319340221548,-1.7029282555214393,1.7029282555214393,-0.42573206388035983,-1.0397207708399179,0.0,0.42573206388035983,0.0,0.328687620733057,0.42573206388035983,0.42573206388035983,0.0,0.42573206388035983,0.0,0.328687620733057,0.0,-0.42573206388035983,-0.42573206388035983,0.0,0.0,-2.5281431866498245,2.5281431866498245,0.42573206388035983,0.42573206388035983,0.0,0.0,0.0,,
2036101458899456491,zaotang18,2026-03-23,unclassified,未分类,11.0,0.2498,1.7029282555214393,0.42539147822925555,-0.42539147822925555,0.08507829564585112,0.0,0.42539147822925555,0.0,0.2745997864469723,1.7029282555214393,1.7029282555214393,0.42539147822925555,1.4792102892270251,0.0,-0.49112450889238307,-0.42539147822925555,-0.46762373530070234,-0.42539147822925555,-0.42539147822925555,-0.42539147822925555,0.0,0.0,0.0,0.46762373530070234,-0.42539147822925555,0.42539147822925555,0.0,0.0,3.0388067436617043,-3.0388067436617043,-0.42539147822925555,0.0,-0.42539147822925555,0.0,0.0,,
