tweet_id,username,tweet_time,event_date,industry,industry_label,industry_ticker,kol_rank_in_industry,sentiment,sentiment_score_nlp,influence,signal,ind_ret_5m,ind_ret_1h,ind_ret_1d,ind_ret_5d,ind_ret_20d
2045333993026121963,RonVonng,2026-04-18 02:49:59+00:00,2026-04-18,ai_tech,AI / 大模型,QQQ,28,-0.2468,-0.2468,0.3920420877760237,-0.09675598726312264,,,-0.0031748441644519,0.0231641055134543,0.0925946202519143
2045478559146561768,RonVonng,2026-04-18 12:24:26+00:00,2026-04-18,ai_tech,AI / 大模型,QQQ,28,0.5736,0.5736,0.3920420877760237,0.22487534154832717,,,-0.0031748441644519,0.0231641055134543,0.0925946202519143
2045824218118697262,RonVonng,2026-04-19 11:17:57+00:00,2026-04-19,ai_tech,AI / 大模型,QQQ,28,0.8987,0.8987,0.3920420877760237,0.3523282242843125,0.0,0.0,-0.0031748441644519,0.0231641055134543,0.0925946202519143
2045846022371553599,RonVonng,2026-04-19 12:44:36+00:00,2026-04-19,ai_tech,AI / 大模型,QQQ,28,-0.0188,-0.0188,0.3920420877760237,-0.007370391250189246,0.0,0.0,-0.0031748441644519,0.0231641055134543,0.0925946202519143
2046276426102673835,gmhzxy,2026-04-20 17:14:52+00:00,2026-04-20,ai_tech,AI / 大模型,QQQ,34,-0.2445,-0.2445,0.26236426446749106,-0.06414806266230157,-3.080436722779911e-05,0.0007432734742742,-0.0038033380557359,0.0269639342504917,
2046409780554834357,RonVonng,2026-04-21 02:04:46+00:00,2026-04-21,ai_tech,AI / 大模型,QQQ,28,-0.2429,-0.2429,0.3920420877760237,-0.09522702312079616,0.0,0.0,0.0167305076215558,0.0205173907042757,
2046945894269170070,austinit,2026-04-22 13:35:06+00:00,2026-04-22,ai_tech,AI / 大模型,QQQ,23,0.25,0.25,0.688134638736401,0.17203365968410025,-0.0005386671277727,0.0042803925917294,-0.0056326456990668,0.0098609731451269,
2047231909668020370,RonVonng,2026-04-23 08:31:37+00:00,2026-04-23,ai_tech,AI / 大模型,QQQ,28,0.8014,0.8014,0.3920420877760237,0.31418252914370537,0.0,0.0,0.0191274788915629,0.0250529731238988,
2047410279756316902,gmhzxy,2026-04-23 20:20:24+00:00,2026-04-23,ai_tech,AI / 大模型,QQQ,34,-0.0763,-0.0763,0.26236426446749106,-0.02001839337886957,0.0,0.0,0.0191274788915629,0.0250529731238988,
2047509937010684212,austinit,2026-04-24 02:56:24+00:00,2026-04-24,ai_tech,AI / 大模型,QQQ,23,-0.1592,-0.1592,0.688134638736401,-0.10955103448683505,0.0,0.0,0.0005271669328243,0.015469692498214,
2047514231634038929,austinit,2026-04-24 03:13:28+00:00,2026-04-24,ai_tech,AI / 大模型,QQQ,23,0.25,0.25,0.688134638736401,0.17203365968410025,0.0,0.0,0.0005271669328243,0.015469692498214,
2047518444422352940,austinit,2026-04-24 03:30:12+00:00,2026-04-24,ai_tech,AI / 大模型,QQQ,23,-0.0377,-0.0377,0.688134638736401,-0.025942675880362316,0.0,0.0,0.0005271669328243,0.015469692498214,
2047523485434757438,gmhzxy,2026-04-24 03:50:14+00:00,2026-04-24,ai_tech,AI / 大模型,QQQ,34,-0.1782,-0.1782,0.26236426446749106,-0.04675331192810691,0.0,0.0,0.0005271669328243,0.015469692498214,
2047525841639522758,austinit,2026-04-24 03:59:36+00:00,2026-04-24,ai_tech,AI / 大模型,QQQ,23,0.2495,0.2495,0.688134638736401,0.17168959236473205,0.0,0.0,0.0005271669328243,0.015469692498214,
2047988878007787672,RonVonng,2026-04-25 10:39:32+00:00,2026-04-25,ai_tech,AI / 大模型,QQQ,28,0.2408,0.2408,0.3920420877760237,0.0944037347364665,,,0.0005271669328243,0.015469692498214,
2048017069061623821,austinit,2026-04-25 12:31:34+00:00,2026-04-25,ai_tech,AI / 大模型,QQQ,23,0.2494,0.2494,0.688134638736401,0.17162077890085842,,,0.0005271669328243,0.015469692498214,
2048789106168406371,laogui,2026-04-27 15:39:22+00:00,2026-04-27,ai_tech,AI / 大模型,QQQ,35,0.2494,0.2494,0.26236426446749106,0.06543364755819227,-0.0003019097797394,0.0008906200307419,-0.0100567467175557,0.0130226347325637,
2048804142555299863,laogui,2026-04-27 16:39:07+00:00,2026-04-27,ai_tech,AI / 大模型,QQQ,35,0.25,0.25,0.26236426446749106,0.06559106611687276,0.0002714494045095,0.0012366642080658,-0.0100567467175557,0.0130226347325637,
2048805555721175512,laogui,2026-04-27 16:44:44+00:00,2026-04-27,ai_tech,AI / 大模型,QQQ,35,-0.2492,-0.2492,0.26236426446749106,-0.06538117470529878,-0.000497568200984,0.0011458700274928,-0.0100567467175557,0.0130226347325637,
2049061088562720778,RonVonng,2026-04-28 09:40:07+00:00,2026-04-28,ai_tech,AI / 大模型,QQQ,28,-0.1218,-0.1218,0.3920420877760237,-0.047750726291119684,0.0,0.0,0.0061136333448092,0.036590370322034,
2049062857426514025,RonVonng,2026-04-28 09:47:09+00:00,2026-04-28,ai_tech,AI / 大模型,QQQ,28,0.2492,0.2492,0.3920420877760237,0.0976968882737851,0.0,0.0,0.0061136333448092,0.036590370322034,
2049067331616477502,RonVonng,2026-04-28 10:04:56+00:00,2026-04-28,ai_tech,AI / 大模型,QQQ,28,0.2488,0.2488,0.3920420877760237,0.09754007143867469,0.0,0.0,0.0061136333448092,0.036590370322034,
2049165162100490502,laogui,2026-04-28 16:33:40+00:00,2026-04-28,ai_tech,AI / 大模型,QQQ,35,0.25,0.25,0.26236426446749106,0.06559106611687276,6.108084940992242e-05,0.0027347434958686,0.0061136333448092,0.036590370322034,
2049329022518370789,RonVonng,2026-04-29 03:24:48+00:00,2026-04-29,ai_tech,AI / 大模型,QQQ,28,-0.9893,-0.9893,0.3920420877760237,-0.3878472374368202,0.0,0.0,0.0093262736246331,0.0516952277588222,
2049487144763146242,aiwarts,2026-04-29 13:53:07+00:00,2026-04-29,ai_tech,AI / 大模型,QQQ,36,0.2498,0.2498,0.26236426446749106,0.06553859326397926,-0.0007047993137446,0.0029981527385052,0.0093262736246331,0.0516952277588222,
2049498722766389546,austinit,2026-04-29 14:39:08+00:00,2026-04-29,ai_tech,AI / 大模型,QQQ,23,0.25,0.25,0.688134638736401,0.17203365968410025,-0.000635302132796,-0.0009906280931156,0.0093262736246331,0.0516952277588222,
2049527321426825457,laogui,2026-04-29 16:32:46+00:00,2026-04-29,ai_tech,AI / 大模型,QQQ,35,0.25,0.25,0.26236426446749106,0.06559106611687276,0.0006686052416091,0.0012458557650902,0.0093262736246331,0.0516952277588222,
2049659335962472605,austinit,2026-04-30 01:17:21+00:00,2026-04-30,ai_tech,AI / 大模型,QQQ,23,0.25,0.25,0.688134638736401,0.17203365968410025,0.0,0.0,0.0095995960604928,0.0407344364645347,
2049862199704011077,austinit,2026-04-30 14:43:27+00:00,2026-04-30,ai_tech,AI / 大模型,QQQ,23,0.2496,0.2496,0.688134638736401,0.1717584058286057,0.0020666352632741,0.0032855267974538,0.0095995960604928,0.0407344364645347,
2050038431217312088,austinit,2026-05-01 02:23:44+00:00,2026-05-01,ai_tech,AI / 大模型,QQQ,23,0.1439,0.1439,0.688134638736401,0.09902257451416811,0.0,0.0,-0.0018838826451929,0.0550025286833084,
2050114589397061921,gmhzxy,2026-05-01 07:26:22+00:00,2026-05-01,ai_tech,AI / 大模型,QQQ,34,-0.1396,-0.1396,0.26236426446749106,-0.036626051319661755,0.0,0.0,-0.0018838826451929,0.0550025286833084,
2050126408329122229,gmhzxy,2026-05-01 08:13:19+00:00,2026-05-01,ai_tech,AI / 大模型,QQQ,34,-0.1225,-0.1225,0.26236426446749106,-0.032139622397267656,0.0,0.0,-0.0018838826451929,0.0550025286833084,
2050174976603427009,aiwarts,2026-05-01 11:26:19+00:00,2026-05-01,ai_tech,AI / 大模型,QQQ,36,1.0,1.0,0.26236426446749106,0.26236426446749106,0.0,0.0,-0.0018838826451929,0.0550025286833084,
2050179898312970465,aiwarts,2026-05-01 11:45:52+00:00,2026-05-01,ai_tech,AI / 大模型,QQQ,36,0.0115,0.0115,0.26236426446749106,0.0030171890413761473,0.0,0.0,-0.0018838826451929,0.0550025286833084,
2050548419572441231,laogui,2026-05-02 12:10:15+00:00,2026-05-02,ai_tech,AI / 大模型,QQQ,35,0.2061,0.2061,0.26236426446749106,0.05407327490674991,,,-0.0018838826451929,0.0550025286833084,
2050559671308849648,austinit,2026-05-02 12:54:57+00:00,2026-05-02,ai_tech,AI / 大模型,QQQ,23,0.25,0.25,0.688134638736401,0.17203365968410025,,,-0.0018838826451929,0.0550025286833084,
2050825248082448738,sagacity,2026-05-03 06:30:16+00:00,2026-05-03,ai_tech,AI / 大模型,QQQ,46,0.1064,0.1064,0.14842000511827327,0.015791888544584274,0.0,0.0,-0.0018838826451929,0.0550025286833084,
2050868145368261088,aiwarts,2026-05-03 09:20:43+00:00,2026-05-03,ai_tech,AI / 大模型,QQQ,36,-0.1632,-0.1632,0.26236426446749106,-0.04281784796109454,0.0,0.0,-0.0018838826451929,0.0550025286833084,
2050870142410584094,aiwarts,2026-05-03 09:28:39+00:00,2026-05-03,ai_tech,AI / 大模型,QQQ,36,-0.2083,-0.2083,0.26236426446749106,-0.054650476288578394,0.0,0.0,-0.0018838826451929,0.0550025286833084,
2050894735360094298,sagacity,2026-05-03 11:06:23+00:00,2026-05-03,ai_tech,AI / 大模型,QQQ,46,0.25,0.25,0.14842000511827327,0.03710500127956832,0.0,0.0,-0.0018838826451929,0.0550025286833084,
2050943033903046838,gmhzxy,2026-05-03 14:18:18+00:00,2026-05-03,ai_tech,AI / 大模型,QQQ,34,-0.2497,-0.2497,0.26236426446749106,-0.06551235683753252,0.0,0.0,-0.0018838826451929,0.0550025286833084,
2050944692037324959,gmhzxy,2026-05-03 14:24:53+00:00,2026-05-03,ai_tech,AI / 大模型,QQQ,34,-0.2208,-0.2208,0.26236426446749106,-0.057930029594422026,0.0,0.0,-0.0018838826451929,0.0550025286833084,
2051135096661713176,laogui,2026-05-04 03:01:29+00:00,2026-05-04,ai_tech,AI / 大模型,QQQ,35,0.2462,0.2462,0.26236426446749106,0.0645940819118963,0.0,0.0,0.0129740524393653,0.0600552443991391,
2051200126178435562,laogui,2026-05-04 07:19:54+00:00,2026-05-04,ai_tech,AI / 大模型,QQQ,35,0.2497,0.2497,0.26236426446749106,0.06551235683753252,0.0,0.0,0.0129740524393653,0.0600552443991391,
2051249565538632092,RonVonng,2026-05-04 10:36:21+00:00,2026-05-04,ai_tech,AI / 大模型,QQQ,28,-0.2224,-0.2224,0.3920420877760237,-0.08719016032138766,0.0,0.0,0.0129740524393653,0.0600552443991391,
2051351100633289052,laogui,2026-05-04 17:19:49+00:00,2026-05-04,ai_tech,AI / 大模型,QQQ,35,0.2417,0.2417,0.26236426446749106,0.06341344272179258,-5.5844184571607336e-05,-0.0012328328993321,0.0129740524393653,0.0600552443991391,
2051516778464084183,laogui,2026-05-05 04:18:09+00:00,2026-05-05,ai_tech,AI / 大模型,QQQ,35,0.5186,0.5186,0.26236426446749106,0.13606210755284084,0.0,0.0,0.0207743936914068,0.0376021558275632,
2051548650791444919,sagacity,2026-05-05 06:24:48+00:00,2026-05-05,ai_tech,AI / 大模型,QQQ,46,0.25,0.25,0.14842000511827327,0.03710500127956832,0.0,0.0,0.0207743936914068,0.0376021558275632,
2051565082526846984,RonVonng,2026-05-05 07:30:06+00:00,2026-05-05,ai_tech,AI / 大模型,QQQ,28,0.2364,0.2364,0.3920420877760237,0.092678749550252,0.0,0.0,0.0207743936914068,0.0376021558275632,
2051666197889118273,sagacity,2026-05-05 14:11:54+00:00,2026-05-05,ai_tech,AI / 大模型,QQQ,46,-0.2491,-0.2491,0.14842000511827327,-0.03697142327496187,0.0019866897713591,0.0025827505961506,0.0207743936914068,0.0376021558275632,
2051699249986126031,luoleiorg,2026-05-05 16:23:14+00:00,2026-05-05,ai_tech,AI / 大模型,QQQ,51,0.25,0.25,0.09531017980432487,0.023827544951081216,-0.0001321931680061,0.0010571868541018,0.0207743936914068,0.0376021558275632,
2051664020403290398,sanyi_eth_,2026-05-05 14:03:15+00:00,2026-05-05,crypto,加密,BTC-USD,9,0.5,0.5,2.8231630082027146,1.4115815041013573,0.0,0.0,0.0061842923164892,0.0149749055452426,
2051842500973953032,sagacity,2026-05-06 01:52:28+00:00,2026-05-06,ai_tech,AI / 大模型,QQQ,46,0.2499,0.2499,0.14842000511827327,0.03709015927905649,0.0,0.0,-0.0011929474776779,0.0272216420796147,
2051861523748827253,aiwarts,2026-05-06 03:08:03+00:00,2026-05-06,ai_tech,AI / 大模型,QQQ,36,0.0319,0.0319,0.26236426446749106,0.008369420036512963,0.0,0.0,-0.0011929474776779,0.0272216420796147,
2051897693900046446,sagacity,2026-05-06 05:31:47+00:00,2026-05-06,ai_tech,AI / 大模型,QQQ,46,0.25,0.25,0.14842000511827327,0.03710500127956832,0.0,0.0,-0.0011929474776779,0.0272216420796147,
2052029080548057234,aiwarts,2026-05-06 14:13:52+00:00,2026-05-06,ai_tech,AI / 大模型,QQQ,36,-0.0,-0.0,0.26236426446749106,-0.0,0.0009081662146381,0.0057686292250902,-0.0011929474776779,0.0272216420796147,
2052060189910860065,sanyi_eth_,2026-05-06 16:17:29+00:00,2026-05-06,crypto,加密,BTC-USD,9,0.0582,0.0582,2.8231630082027146,0.164308087077398,-0.0011104687579888,-0.0010881598063927,-0.0174085968313082,0.0036936601218644,
2052203829823938721,sagacity,2026-05-07 01:48:15+00:00,2026-05-07,ai_tech,AI / 大模型,QQQ,46,0.2183,0.2183,0.14842000511827327,0.03240008711731905,0.0,0.0,0.0234408408929045,0.0357584474899079,
2052214581121147159,luoleiorg,2026-05-07 02:30:59+00:00,2026-05-07,ai_tech,AI / 大模型,QQQ,51,0.0369,0.0369,0.09531017980432487,0.003516945634779588,0.0,0.0,0.0234408408929045,0.0357584474899079,
2052219489186705481,RonVonng,2026-05-07 02:50:29+00:00,2026-05-07,ai_tech,AI / 大模型,QQQ,28,0.221,0.221,0.3920420877760237,0.08664130139850124,0.0,0.0,0.0234408408929045,0.0357584474899079,
2052220303758283226,RonVonng,2026-05-07 02:53:43+00:00,2026-05-07,ai_tech,AI / 大模型,QQQ,28,0.2457,0.2457,0.3920420877760237,0.09632474096656901,0.0,0.0,0.0234408408929045,0.0357584474899079,
2052314417841447102,luoleiorg,2026-05-07 09:07:42+00:00,2026-05-07,ai_tech,AI / 大模型,QQQ,51,0.2018,0.2018,0.09531017980432487,0.01923359428451276,0.0,0.0,0.0234408408929045,0.0357584474899079,
2052395493830046073,austinit,2026-05-07 14:29:52+00:00,2026-05-07,ai_tech,AI / 大模型,QQQ,23,0.2001,0.2001,0.688134638736401,0.13769574121115385,0.0012294996488826,0.0006720403716407,0.0234408408929045,0.0357584474899079,
2052410474659254750,RonVonng,2026-05-07 15:29:23+00:00,2026-05-07,ai_tech,AI / 大模型,QQQ,28,0.0012,0.0012,0.3920420877760237,0.0004704505053312284,-0.000251071917497,-0.0042721469587856,0.0234408408929045,0.0357584474899079,
2052580138379088105,luoleiorg,2026-05-08 02:43:34+00:00,2026-05-08,ai_tech,AI / 大模型,QQQ,51,-0.0323,-0.0323,0.09531017980432487,-0.0030785188076796932,0.0,0.0,0.0028963874065546,-0.003233817268857,
2052586632730308777,luoleiorg,2026-05-08 03:09:23+00:00,2026-05-08,ai_tech,AI / 大模型,QQQ,51,0.2187,0.2187,0.09531017980432487,0.02084433632320585,0.0,0.0,0.0028963874065546,-0.003233817268857,
2052599532010225999,sagacity,2026-05-08 04:00:38+00:00,2026-05-08,ai_tech,AI / 大模型,QQQ,46,0.8509,0.8509,0.14842000511827327,0.12629058235513874,0.0,0.0,0.0028963874065546,-0.003233817268857,
2052620498878808144,sagacity,2026-05-08 05:23:57+00:00,2026-05-08,ai_tech,AI / 大模型,QQQ,46,0.0595,0.0595,0.14842000511827327,0.008830990304537259,0.0,0.0,0.0028963874065546,-0.003233817268857,
2052636825622294922,luoleiorg,2026-05-08 06:28:50+00:00,2026-05-08,ai_tech,AI / 大模型,QQQ,51,-0.0072,-0.0072,0.09531017980432487,-0.000686233294591139,0.0,0.0,0.0028963874065546,-0.003233817268857,
2052670427663864002,luoleiorg,2026-05-08 08:42:21+00:00,2026-05-08,ai_tech,AI / 大模型,QQQ,51,0.1757,0.1757,0.09531017980432487,0.01674599859161988,0.0,0.0,0.0028963874065546,-0.003233817268857,
2052703936231145791,gmhzxy,2026-05-08 10:55:30+00:00,2026-05-08,ai_tech,AI / 大模型,QQQ,34,-0.1073,-0.1073,0.26236426446749106,-0.028151685577361793,0.0,0.0,0.0028963874065546,-0.003233817268857,
2052761856587211216,sagacity,2026-05-08 14:45:39+00:00,2026-05-08,ai_tech,AI / 大模型,QQQ,46,0.5001,0.5001,0.14842000511827327,0.07422484455964846,0.0001841671373783,0.0016560357367174,0.0028963874065546,-0.003233817268857,
2052762077866119462,laogui,2026-05-08 14:46:32+00:00,2026-05-08,ai_tech,AI / 大模型,QQQ,35,1.0,1.0,0.26236426446749106,0.26236426446749106,0.0001841671373783,0.0016560357367174,0.0028963874065546,-0.003233817268857,
2052607201882296525,sanyi_eth_,2026-05-08 04:31:07+00:00,2026-05-08,crypto,加密,BTC-USD,9,-0.2498,-0.2498,2.8231630082027146,-0.7052261194490381,-0.000924992581218,0.0006817232613751,0.0059561145630133,-0.0113441218187305,
2052737638873133354,sanyi_eth_,2026-05-08 13:09:25+00:00,2026-05-08,crypto,加密,BTC-USD,9,-0.2473,-0.2473,2.8231630082027146,-0.6981682119285313,0.0009902570628499,0.0030746113934767,0.0059561145630133,-0.0113441218187305,
2052765966598345133,sanyi_eth_,2026-05-08 15:01:59+00:00,2026-05-08,crypto,加密,BTC-USD,9,0.0068,0.0068,2.8231630082027146,0.01919750845577846,-0.0009251875268538,8.804329971434655e-05,0.0059561145630133,-0.0113441218187305,
2052911390487380452,wlzh,2026-05-09 00:39:51+00:00,2026-05-09,ai_tech,AI / 大模型,QQQ,24,0.7447,0.7447,0.5247285289349821,0.39076533549788117,,,0.0028963874065546,-0.003233817268857,
2052915263205707981,laogui,2026-05-09 00:55:14+00:00,2026-05-09,ai_tech,AI / 大模型,QQQ,35,0.25,0.25,0.26236426446749106,0.06559106611687276,,,0.0028963874065546,-0.003233817268857,
2052932478940364995,sagacity,2026-05-09 02:03:39+00:00,2026-05-09,ai_tech,AI / 大模型,QQQ,46,0.25,0.25,0.14842000511827327,0.03710500127956832,,,0.0028963874065546,-0.003233817268857,
2052965798617190626,wlzh,2026-05-09 04:16:03+00:00,2026-05-09,ai_tech,AI / 大模型,QQQ,24,-0.0493,-0.0493,0.5247285289349821,-0.025869116476494616,,,0.0028963874065546,-0.003233817268857,
2052989037812871372,luoleiorg,2026-05-09 05:48:23+00:00,2026-05-09,ai_tech,AI / 大模型,QQQ,51,0.25,0.25,0.09531017980432487,0.023827544951081216,,,0.0028963874065546,-0.003233817268857,
2053105185820696744,Pluvio9yte,2026-05-09 13:29:55+00:00,2026-05-09,ai_tech,AI / 大模型,QQQ,26,-0.0197,-0.0197,0.4510756193602167,-0.008886189701396268,,,0.0028963874065546,-0.003233817268857,
2053112382558511408,austinit,2026-05-09 13:58:31+00:00,2026-05-09,ai_tech,AI / 大模型,QQQ,23,-0.2471,-0.2471,0.688134638736401,-0.17003806923176468,,,0.0028963874065546,-0.003233817268857,
2053119884272570502,Pluvio9yte,2026-05-09 14:28:20+00:00,2026-05-09,ai_tech,AI / 大模型,QQQ,26,-0.1678,-0.1678,0.4510756193602167,-0.07569048892864436,,,0.0028963874065546,-0.003233817268857,
2053173813765128636,Pluvio9yte,2026-05-09 18:02:37+00:00,2026-05-09,ai_tech,AI / 大模型,QQQ,26,0.25,0.25,0.4510756193602167,0.11276890484005417,,,0.0028963874065546,-0.003233817268857,
2052991717629108271,nbblock,2026-05-09 05:59:02+00:00,2026-05-09,ai_tools,AI 工具 / Agent,QQQ,3,0.25,0.25,3.973494327516247,0.9933735818790618,,,0.0028963874065546,-0.003233817268857,
2053216857352814824,sanyi_eth_,2026-05-09 20:53:40+00:00,2026-05-09,crypto,加密,BTC-USD,9,0.0284,0.0284,2.8231630082027146,0.08017782943295709,0.0004504544145065,-0.0002370252833738,0.0182802215081221,0.0047962046438758,
2053332787621679180,Pluvio9yte,2026-05-10 04:34:20+00:00,2026-05-10,ai_tech,AI / 大模型,QQQ,26,-0.2452,-0.2452,0.4510756193602167,-0.11060374186712513,0.0,0.0,0.0028963874065546,-0.003233817268857,
2053350405661430175,Pluvio9yte,2026-05-10 05:44:20+00:00,2026-05-10,ai_tech,AI / 大模型,QQQ,26,0.25,0.25,0.4510756193602167,0.11276890484005417,0.0,0.0,0.0028963874065546,-0.003233817268857,
2053466501668380691,laogui,2026-05-10 13:25:40+00:00,2026-05-10,ai_tech,AI / 大模型,QQQ,35,0.2487,0.2487,0.26236426446749106,0.06524999257306503,0.0,0.0,0.0028963874065546,-0.003233817268857,
2053319208151445850,nbblock,2026-05-10 03:40:22+00:00,2026-05-10,ai_tools,AI 工具 / Agent,QQQ,3,0.2496,0.2496,3.973494327516247,0.9917841841480552,0.0,0.0,0.0028963874065546,-0.003233817268857,
2053495385931280575,leifuchen,2026-05-10 15:20:26+00:00,2026-05-10,ai_tools,AI 工具 / Agent,QQQ,6,0.25,0.25,2.863913698933143,0.7159784247332858,0.0,0.0,0.0028963874065546,-0.003233817268857,
2053515341498851434,nbblock,2026-05-10 16:39:44+00:00,2026-05-10,ai_tools,AI 工具 / Agent,QQQ,3,0.2167,0.2167,3.973494327516247,0.8610562207727708,0.0,0.0,0.0028963874065546,-0.003233817268857,
2053607356005548544,leifuchen,2026-05-10 22:45:22+00:00,2026-05-10,ai_tools,AI 工具 / Agent,QQQ,6,0.25,0.25,2.863913698933143,0.7159784247332858,0.0,0.0,0.0028963874065546,-0.003233817268857,
2053627318908985775,wlzh,2026-05-11 00:04:42+00:00,2026-05-11,ai_tech,AI / 大模型,QQQ,24,-0.5,-0.5,0.5247285289349821,-0.26236426446749106,0.0,0.0,-0.008481806809764,,
2053677537121952028,RonVonng,2026-05-11 03:24:14+00:00,2026-05-11,ai_tech,AI / 大模型,QQQ,28,0.2492,0.2492,0.3920420877760237,0.0976968882737851,0.0,0.0,-0.008481806809764,,
2053699385343840266,Pluvio9yte,2026-05-11 04:51:04+00:00,2026-05-11,ai_tech,AI / 大模型,QQQ,26,-0.2377,-0.2377,0.4510756193602167,-0.1072206747219235,0.0,0.0,-0.008481806809764,,
2053701218359554217,wlzh,2026-05-11 04:58:21+00:00,2026-05-11,ai_tech,AI / 大模型,QQQ,24,0.9958,0.9958,0.5247285289349821,0.5225246691134552,0.0,0.0,-0.008481806809764,,
2053852651058843904,Pluvio9yte,2026-05-11 15:00:05+00:00,2026-05-11,ai_tech,AI / 大模型,QQQ,26,0.249,0.249,0.4510756193602167,0.11231782922069396,-0.0013467465683779,0.0023779564439485,-0.008481806809764,,
2053864451930304922,Pluvio9yte,2026-05-11 15:46:58+00:00,2026-05-11,ai_tech,AI / 大模型,QQQ,26,-0.0855,-0.0855,0.4510756193602167,-0.03856696545529853,5.598065718737111e-05,-0.0017783900988592,-0.008481806809764,,
2053880685409255498,Pluvio9yte,2026-05-11 16:51:29+00:00,2026-05-11,ai_tech,AI / 大模型,QQQ,26,0.2349,0.2349,0.4510756193602167,0.10595766298771489,0.0007050117834503,0.0012083591978946,-0.008481806809764,,
2053646745809432785,nbblock,2026-05-11 01:21:53+00:00,2026-05-11,ai_tools,AI 工具 / Agent,QQQ,3,0.5002,0.5002,3.973494327516247,1.9875418626236268,0.0,0.0,-0.008481806809764,,
2053794386622734535,leifuchen,2026-05-11 11:08:34+00:00,2026-05-11,ai_tools,AI 工具 / Agent,QQQ,6,-0.5,-0.5,2.863913698933143,-1.4319568494665715,0.0,0.0,-0.008481806809764,,
2053821770709295358,leifuchen,2026-05-11 12:57:22+00:00,2026-05-11,ai_tools,AI 工具 / Agent,QQQ,6,0.5,0.5,2.863913698933143,1.4319568494665715,0.0,-0.0027477757964866,-0.008481806809764,,
2053842630128374006,nbblock,2026-05-11 14:20:16+00:00,2026-05-11,ai_tools,AI 工具 / Agent,QQQ,3,0.25,0.25,3.973494327516247,0.9933735818790618,0.0010424893517588,0.0048462341103994,-0.008481806809764,,
2053722936398549316,ohxiyu,2026-05-11 06:24:39+00:00,2026-05-11,crypto,加密,BTC-USD,2,-1.0,-1.0,4.319752215189378,-4.319752215189378,-0.0004949824411492,-0.0031002496718449,-0.0153044261941864,-0.0450545834893858,
2053726800249848205,sanyi_eth_,2026-05-11 06:40:00+00:00,2026-05-11,crypto,加密,BTC-USD,9,0.625,0.625,2.8231630082027146,1.7644768801266966,-0.0006933044061714,-0.0012645965182989,-0.0153044261941864,-0.0450545834893858,
2053769966391091404,sanyi_eth_,2026-05-11 09:31:31+00:00,2026-05-11,crypto,加密,BTC-USD,9,-0.0683,-0.0683,2.8231630082027146,-0.1928220334602454,0.0006734365936109,0.0020474637028884,-0.0153044261941864,-0.0450545834893858,
2053852217246208132,ohxiyu,2026-05-11 14:58:21+00:00,2026-05-11,crypto,加密,BTC-USD,2,0.9998,0.9998,4.319752215189378,4.31888826474634,9.485971436395956e-05,0.0057811296594159,-0.0153044261941864,-0.0450545834893858,
2053858515165511779,ohxiyu,2026-05-11 15:23:23+00:00,2026-05-11,crypto,加密,BTC-USD,2,-0.065,-0.065,4.319752215189378,-0.2807838939873096,-0.0014314093228278,0.0054475025178641,-0.0153044261941864,-0.0450545834893858,
2054005760175308882,luoleiorg,2026-05-12 01:08:29+00:00,2026-05-12,ai_tech,AI / 大模型,QQQ,51,-0.1516,-0.1516,0.09531017980432487,-0.014449023258335652,0.0,0.0,0.0105622304188508,,
2054009850024329436,luoleiorg,2026-05-12 01:24:44+00:00,2026-05-12,ai_tech,AI / 大模型,QQQ,51,-0.2488,-0.2488,0.09531017980432487,-0.023713172735316024,0.0,0.0,0.0105622304188508,,
2054041031839269252,austinit,2026-05-12 03:28:38+00:00,2026-05-12,ai_tech,AI / 大模型,QQQ,23,0.0955,0.0955,0.688134638736401,0.06571685799932629,0.0,0.0,0.0105622304188508,,
2054045854047326546,sagacity,2026-05-12 03:47:48+00:00,2026-05-12,ai_tech,AI / 大模型,QQQ,46,0.5,0.5,0.14842000511827327,0.07421000255913664,0.0,0.0,0.0105622304188508,,
2054048694077722918,seekjourney,2026-05-12 03:59:05+00:00,2026-05-12,ai_tech,AI / 大模型,QQQ,15,-0.1208,-0.1208,0.9631743177730056,-0.11635145758697908,0.0,0.0,0.0105622304188508,,
2054089357586583997,seekjourney,2026-05-12 06:40:40+00:00,2026-05-12,ai_tech,AI / 大模型,QQQ,15,0.25,0.25,0.9631743177730056,0.2407935794432514,0.0,0.0,0.0105622304188508,,
2054091753171632571,seekjourney,2026-05-12 06:50:11+00:00,2026-05-12,ai_tech,AI / 大模型,QQQ,15,-0.2487,-0.2487,0.9631743177730056,-0.2395414528301465,0.0,0.0,0.0105622304188508,,
2054095216571990524,luoleiorg,2026-05-12 07:03:57+00:00,2026-05-12,ai_tech,AI / 大模型,QQQ,51,-0.0813,-0.0813,0.09531017980432487,-0.007748717618091611,0.0,0.0,0.0105622304188508,,
2054128539721498903,cheery9998,2026-05-12 09:16:22+00:00,2026-05-12,ai_tech,AI / 大模型,QQQ,45,0.9181,0.9181,0.14842000511827327,0.1362644066990867,0.0,0.0,0.0105622304188508,,
2054166919339815394,seekjourney,2026-05-12 11:48:52+00:00,2026-05-12,ai_tech,AI / 大模型,QQQ,15,0.2498,0.2498,0.9631743177730056,0.24060094457969677,0.0,0.0,0.0105622304188508,,
2054168592699277623,seekjourney,2026-05-12 11:55:31+00:00,2026-05-12,ai_tech,AI / 大模型,QQQ,15,0.2345,0.2345,0.9631743177730056,0.22586437751776978,0.0,0.0,0.0105622304188508,,
2054174395799908703,wlzh,2026-05-12 12:18:35+00:00,2026-05-12,ai_tech,AI / 大模型,QQQ,24,0.1643,0.1643,0.5247285289349821,0.08621289730401756,0.0,0.0,0.0105622304188508,,
2054181527601521053,sagacity,2026-05-12 12:46:55+00:00,2026-05-12,ai_tech,AI / 大模型,QQQ,46,0.6697,0.6697,0.14842000511827327,0.0993968774277076,0.0,0.0008357798266391,0.0105622304188508,,
2054204831670112510,aiwarts,2026-05-12 14:19:31+00:00,2026-05-12,ai_tech,AI / 大模型,QQQ,36,0.25,0.25,0.26236426446749106,0.06559106611687276,-0.0031542308512789,-0.0101248471685361,0.0105622304188508,,
2054222065839030521,Pluvio9yte,2026-05-12 15:28:00+00:00,2026-05-12,ai_tech,AI / 大模型,QQQ,26,0.2235,0.2235,0.4510756193602167,0.10081540092700843,0.0005564245395586,-0.0035952513911267,0.0105622304188508,,
2054224433469145271,laogui,2026-05-12 15:37:25+00:00,2026-05-12,ai_tech,AI / 大模型,QQQ,35,1.0,1.0,0.26236426446749106,0.26236426446749106,-0.0006560028130569,-0.0048485196635472,0.0105622304188508,,
2054232995897471424,laogui,2026-05-12 16:11:26+00:00,2026-05-12,ai_tech,AI / 大模型,QQQ,35,-0.5,-0.5,0.26236426446749106,-0.13118213223374553,-0.0007430207811198,0.0001572563057119,0.0105622304188508,,
2054029093113675777,nbblock,2026-05-12 02:41:12+00:00,2026-05-12,ai_tools,AI 工具 / Agent,QQQ,3,0.25,0.25,3.973494327516247,0.9933735818790618,0.0,0.0,0.0105622304188508,,
2054037479653793918,nbblock,2026-05-12 03:14:31+00:00,2026-05-12,ai_tools,AI 工具 / Agent,QQQ,3,-0.2489,-0.2489,3.973494327516247,-0.9890027381187939,0.0,0.0,0.0105622304188508,,
2054078404237169076,nbblock,2026-05-12 05:57:09+00:00,2026-05-12,ai_tools,AI 工具 / Agent,QQQ,3,-0.2164,-0.2164,3.973494327516247,-0.8598641724745159,0.0,0.0,0.0105622304188508,,
2054079889658024119,leifuchen,2026-05-12 06:03:03+00:00,2026-05-12,ai_tools,AI 工具 / Agent,QQQ,6,0.5214,0.5214,2.863913698933143,1.4932446026237407,0.0,0.0,0.0105622304188508,,
2054206999173231085,leifuchen,2026-05-12 14:28:08+00:00,2026-05-12,ai_tools,AI 工具 / Agent,QQQ,6,-0.1,-0.1,2.863913698933143,-0.2863913698933143,0.0018750104037197,-0.0043608058582652,0.0105622304188508,,
2054032406970356135,ohxiyu,2026-05-12 02:54:22+00:00,2026-05-12,crypto,加密,BTC-USD,2,-0.25,-0.25,4.319752215189378,-1.0799380537973444,-0.0003025557109794,-0.0024500665266729,-0.0149156611043906,,
2054060660309590113,sanyi_eth_,2026-05-12 04:46:38+00:00,2026-05-12,crypto,加密,BTC-USD,9,-0.2491,-0.2491,2.8231630082027146,-0.7032499053432961,-3.732744355022799e-05,0.0001168887729727,-0.0149156611043906,,
2054120026580586618,ohxiyu,2026-05-12 08:42:32+00:00,2026-05-12,crypto,加密,BTC-USD,2,0.2163,0.2163,4.319752215189378,0.9343624041454623,-0.0008938642438851,-0.000258328311624,-0.0149156611043906,,
2054133061072437680,sanyi_eth_,2026-05-12 09:34:20+00:00,2026-05-12,crypto,加密,BTC-USD,9,-0.5891,-0.5891,2.8231630082027146,-1.6631253281322191,-0.0002073951430722,-0.0030423747477682,-0.0149156611043906,,
2054138674452049953,ohxiyu,2026-05-12 09:56:38+00:00,2026-05-12,crypto,加密,BTC-USD,2,0.2016,0.2016,4.319752215189378,0.8708620465821786,0.0005516682498183,-0.0014785328294854,-0.0149156611043906,,
2054179449990713834,sanyi_eth_,2026-05-12 12:38:40+00:00,2026-05-12,crypto,加密,BTC-USD,9,-0.2493,-0.2493,2.8231630082027146,-0.7038145379449368,0.0013575861929995,-0.0011204169385238,-0.0149156611043906,,
2054353278557929963,xiaohu,2026-05-13 00:09:24+00:00,2026-05-13,ai_tech,AI / 大模型,QQQ,6,0.9986,0.9986,1.7561322915849038,1.753673706376685,0.0,0.0,0.0071077162744499,,
2054359777329988001,laogui,2026-05-13 00:35:13+00:00,2026-05-13,ai_tech,AI / 大模型,QQQ,35,-0.0121,-0.0121,0.26236426446749106,-0.003174607600056642,0.0,0.0,0.0071077162744499,,
2054374675766206788,wlzh,2026-05-13 01:34:25+00:00,2026-05-13,ai_tech,AI / 大模型,QQQ,24,0.25,0.25,0.5247285289349821,0.13118213223374553,0.0,0.0,0.0071077162744499,,
2054383309493539259,austinit,2026-05-13 02:08:44+00:00,2026-05-13,ai_tech,AI / 大模型,QQQ,23,-0.25,-0.25,0.688134638736401,-0.17203365968410025,0.0,0.0,0.0071077162744499,,
2054405531662696667,Pluvio9yte,2026-05-13 03:37:02+00:00,2026-05-13,ai_tech,AI / 大模型,QQQ,26,-0.2383,-0.2383,0.4510756193602167,-0.10749132009353964,0.0,0.0,0.0071077162744499,,
2054420586529517969,cheery9998,2026-05-13 04:36:51+00:00,2026-05-13,ai_tech,AI / 大模型,QQQ,45,-0.248,-0.248,0.14842000511827327,-0.03680816126933177,0.0,0.0,0.0071077162744499,,
2054457405631840413,seekjourney,2026-05-13 07:03:10+00:00,2026-05-13,ai_tech,AI / 大模型,QQQ,15,0.2479,0.2479,0.9631743177730056,0.2387709133759281,0.0,0.0,0.0071077162744499,,
2054458403494219939,cheery9998,2026-05-13 07:07:08+00:00,2026-05-13,ai_tech,AI / 大模型,QQQ,45,0.2469,0.2469,0.14842000511827327,0.03664489926370167,0.0,0.0,0.0071077162744499,,
2054483788928078251,seekjourney,2026-05-13 08:48:00+00:00,2026-05-13,ai_tech,AI / 大模型,QQQ,15,0.25,0.25,0.9631743177730056,0.2407935794432514,0.0,0.0,0.0071077162744499,,
2054497794594058555,luoleiorg,2026-05-13 09:43:39+00:00,2026-05-13,ai_tech,AI / 大模型,QQQ,51,0.1952,0.1952,0.09531017980432487,0.018604547097804215,0.0,0.0,0.0071077162744499,,
2054499547544785010,wlzh,2026-05-13 09:50:37+00:00,2026-05-13,ai_tech,AI / 大模型,QQQ,24,-0.228,-0.228,0.5247285289349821,-0.11963810459717593,0.0,0.0,0.0071077162744499,,
2054504961988612431,seekjourney,2026-05-13 10:12:08+00:00,2026-05-13,ai_tech,AI / 大模型,QQQ,15,-0.193,-0.193,0.9631743177730056,-0.18589264333019007,0.0,0.0,0.0071077162744499,,
2054507815142891849,wlzh,2026-05-13 10:23:28+00:00,2026-05-13,ai_tech,AI / 大模型,QQQ,24,0.0624,0.0624,0.5247285289349821,0.032743060205542886,0.0,0.0,0.0071077162744499,,
2054525697498976565,cheery9998,2026-05-13 11:34:32+00:00,2026-05-13,ai_tech,AI / 大模型,QQQ,45,0.244,0.244,0.14842000511827327,0.036214481248858676,0.0,0.0,0.0071077162744499,,
2054531886375223416,seekjourney,2026-05-13 11:59:07+00:00,2026-05-13,ai_tech,AI / 大模型,QQQ,15,0.2481,0.2481,0.9631743177730056,0.23896354823948265,0.0,0.0,0.0071077162744499,,
2054543203903410296,sagacity,2026-05-13 12:44:06+00:00,2026-05-13,ai_tech,AI / 大模型,QQQ,46,0.167,0.167,0.14842000511827327,0.02478614085475164,0.0,-0.0041875076803817,0.0071077162744499,,
2054545392528966117,wlzh,2026-05-13 12:52:47+00:00,2026-05-13,ai_tech,AI / 大模型,QQQ,24,0.0772,0.0772,0.5247285289349821,0.040509042433780625,0.0,-0.0030313628069528,0.0071077162744499,,
2054563539600257459,aiwarts,2026-05-13 14:04:54+00:00,2026-05-13,ai_tech,AI / 大模型,QQQ,36,0.2154,0.2154,0.26236426446749106,0.05651326256629757,0.0009483454102388,0.0063834064259602,0.0071077162744499,,
2054564636670988790,gmhzxy,2026-05-13 14:09:16+00:00,2026-05-13,ai_tech,AI / 大模型,QQQ,34,-0.1204,-0.1204,0.26236426446749106,-0.03158865744188592,-0.0002545109234725,0.0051186988372846,0.0071077162744499,,
2054566214840836492,luoleiorg,2026-05-13 14:15:32+00:00,2026-05-13,ai_tech,AI / 大模型,QQQ,51,0.1252,0.1252,0.09531017980432487,0.011932834511501473,-5.648612718800461e-05,0.0027022928803972,0.0071077162744499,,
2054573352484741124,aiwarts,2026-05-13 14:43:54+00:00,2026-05-13,ai_tech,AI / 大模型,QQQ,36,0.9992,0.9992,0.26236426446749106,0.26215437305591704,0.0013528579080299,0.0028115153599863,0.0071077162744499,,
2054593530337648793,RonVonng,2026-05-13 16:04:04+00:00,2026-05-13,ai_tech,AI / 大模型,QQQ,28,0.2309,0.2309,0.3920420877760237,0.09052251806748386,0.0006180156579398,0.0036307669780919,0.0071077162744499,,
2054595564944379928,Pluvio9yte,2026-05-13 16:12:09+00:00,2026-05-13,ai_tech,AI / 大模型,QQQ,26,0.2437,0.2437,0.4510756193602167,0.1099271284380848,0.0016356246731514,0.0034115216425072,0.0071077162744499,,
2054614176568652207,PandaTalk8,2026-05-13 17:26:07+00:00,2026-05-13,ai_tech,AI / 大模型,QQQ,5,0.2481,0.2481,1.7561322915849038,0.4356964215422146,-9.815994945916452e-05,0.0023795031090392,0.0071077162744499,,
2054614232654884994,PandaTalk8,2026-05-13 17:26:20+00:00,2026-05-13,ai_tech,AI / 大模型,QQQ,5,-0.0459,-0.0459,1.7561322915849038,-0.08060647218374709,-9.815994945916452e-05,0.0023795031090392,0.0071077162744499,,
2054614416201789475,PandaTalk8,2026-05-13 17:27:04+00:00,2026-05-13,ai_tech,AI / 大模型,QQQ,5,-0.2232,-0.2232,1.7561322915849038,-0.39196872748175055,-9.815994945916452e-05,0.0023795031090392,0.0071077162744499,,
2054710489582842025,xiaohu,2026-05-13 23:48:50+00:00,2026-05-13,ai_tech,AI / 大模型,QQQ,6,-0.2065,-0.2065,1.7561322915849038,-0.3626413182122826,0.0,0.0,0.0071077162744499,,
2054457418466095615,leifuchen,2026-05-13 07:03:13+00:00,2026-05-13,ai_tools,AI 工具 / Agent,QQQ,6,0.2499,0.2499,2.863913698933143,0.7156920333633925,0.0,0.0,0.0071077162744499,,
2054490015879610852,leifuchen,2026-05-13 09:12:45+00:00,2026-05-13,ai_tools,AI 工具 / Agent,QQQ,6,0.25,0.25,2.863913698933143,0.7159784247332858,0.0,0.0,0.0071077162744499,,
2054524506170143085,nbblock,2026-05-13 11:29:48+00:00,2026-05-13,ai_tools,AI 工具 / Agent,QQQ,3,0.2485,0.2485,3.973494327516247,0.9874133403877874,0.0,0.0,0.0071077162744499,,
2054550489534964197,leifuchen,2026-05-13 13:13:03+00:00,2026-05-13,ai_tools,AI 工具 / Agent,QQQ,6,-0.25,-0.25,2.863913698933143,-0.7159784247332858,0.0,-0.0031440944618982,0.0071077162744499,,
2054660668008104031,leifuchen,2026-05-13 20:30:51+00:00,2026-05-13,ai_tools,AI 工具 / Agent,QQQ,6,-0.211,-0.211,2.863913698933143,-0.6042857904748932,0.0,0.0,0.0071077162744499,,
2054404802453688536,ohxiyu,2026-05-13 03:34:08+00:00,2026-05-13,crypto,加密,BTC-USD,2,0.2191,0.2191,4.319752215189378,0.9464577103479926,0.0007128306532204,0.0008607511994709,0.0223788764707975,,
2054410513682186304,ohxiyu,2026-05-13 03:56:50+00:00,2026-05-13,crypto,加密,BTC-USD,2,-0.0261,-0.0261,4.319752215189378,-0.11274553281644277,-0.0008250425074366,-0.0001660281412889,0.0223788764707975,,
2054414731461710007,ohxiyu,2026-05-13 04:13:35+00:00,2026-05-13,crypto,加密,BTC-USD,2,0.6844,0.6844,4.319752215189378,2.9564384160756103,6.929900876428974e-05,-0.001059312347861,0.0223788764707975,,
2054495444701745419,sanyi_eth_,2026-05-13 09:34:19+00:00,2026-05-13,crypto,加密,BTC-USD,9,0.038,0.038,2.8231630082027146,0.10728019431170316,-0.0007162305791323,-0.0045417999242712,0.0223788764707975,,
2054690968130162916,sanyi_eth_,2026-05-13 22:31:15+00:00,2026-05-13,crypto,加密,BTC-USD,9,-0.2256,-0.2256,2.8231630082027146,-0.6369055746505324,0.0012598075371239,-0.0003757839426624,0.0223788764707975,,
2054723634531332338,cheery9998,2026-05-14 00:41:04+00:00,2026-05-14,ai_tech,AI / 大模型,QQQ,45,0.248,0.248,0.14842000511827327,0.03680816126933177,0.0,0.0,-0.015087714031981,,
2054727939762381043,PandaTalk8,2026-05-14 00:58:10+00:00,2026-05-14,ai_tech,AI / 大模型,QQQ,5,0.2475,0.2475,1.7561322915849038,0.4346427421672637,0.0,0.0,-0.015087714031981,,
2054735995057369594,sagacity,2026-05-14 01:30:11+00:00,2026-05-14,ai_tech,AI / 大模型,QQQ,46,0.0186,0.0186,0.14842000511827327,0.0027606120951998827,0.0,0.0,-0.015087714031981,,
2054749231823647214,luoleiorg,2026-05-14 02:22:46+00:00,2026-05-14,ai_tech,AI / 大模型,QQQ,51,-0.0131,-0.0131,0.09531017980432487,-0.0012485633554366559,0.0,0.0,-0.015087714031981,,
2054772160598839485,PandaTalk8,2026-05-14 03:53:53+00:00,2026-05-14,ai_tech,AI / 大模型,QQQ,5,0.2481,0.2481,1.7561322915849038,0.4356964215422146,0.0,0.0,-0.015087714031981,,
2054772765010637152,PandaTalk8,2026-05-14 03:56:17+00:00,2026-05-14,ai_tech,AI / 大模型,QQQ,5,-0.9982,-0.9982,1.7561322915849038,-1.752971253460051,0.0,0.0,-0.015087714031981,,
2054773343757484419,PandaTalk8,2026-05-14 03:58:35+00:00,2026-05-14,ai_tech,AI / 大模型,QQQ,5,0.1221,0.1221,1.7561322915849038,0.21442375280251674,0.0,0.0,-0.015087714031981,,
2054774115329011771,PandaTalk8,2026-05-14 04:01:39+00:00,2026-05-14,ai_tech,AI / 大模型,QQQ,5,-0.243,-0.243,1.7561322915849038,-0.4267401468551316,0.0,0.0,-0.015087714031981,,
2054778608627937383,aiwarts,2026-05-14 04:19:30+00:00,2026-05-14,ai_tech,AI / 大模型,QQQ,36,-0.2226,-0.2226,0.26236426446749106,-0.05840228527046351,0.0,0.0,-0.015087714031981,,
2054786799281836330,PandaTalk8,2026-05-14 04:52:03+00:00,2026-05-14,ai_tech,AI / 大模型,QQQ,5,0.1567,0.1567,1.7561322915849038,0.27518593009135445,0.0,0.0,-0.015087714031981,,
2054789554264285254,PandaTalk8,2026-05-14 05:03:00+00:00,2026-05-14,ai_tech,AI / 大模型,QQQ,5,-0.0539,-0.0539,1.7561322915849038,-0.09465553051642632,0.0,0.0,-0.015087714031981,,
2054792349897965954,PandaTalk8,2026-05-14 05:14:07+00:00,2026-05-14,ai_tech,AI / 大模型,QQQ,5,-0.1353,-0.1353,1.7561322915849038,-0.2376046990514375,0.0,0.0,-0.015087714031981,,
2054797961478205560,sagacity,2026-05-14 05:36:24+00:00,2026-05-14,ai_tech,AI / 大模型,QQQ,46,0.25,0.25,0.14842000511827327,0.03710500127956832,0.0,0.0,-0.015087714031981,,
2054812063982059769,cheery9998,2026-05-14 06:32:27+00:00,2026-05-14,ai_tech,AI / 大模型,QQQ,45,0.2412,0.2412,0.14842000511827327,0.035798905234527514,0.0,0.0,-0.015087714031981,,
2054840339845009864,wlzh,2026-05-14 08:24:48+00:00,2026-05-14,ai_tech,AI / 大模型,QQQ,24,0.2488,0.2488,0.5247285289349821,0.13055245799902354,0.0,0.0,-0.015087714031981,,
2054856134176243972,PandaTalk8,2026-05-14 09:27:34+00:00,2026-05-14,ai_tech,AI / 大模型,QQQ,5,-0.145,-0.145,1.7561322915849038,-0.254639182279811,0.0,0.0,-0.015087714031981,,
2054859939265564952,wlzh,2026-05-14 09:42:41+00:00,2026-05-14,ai_tech,AI / 大模型,QQQ,24,0.6676,0.6676,0.5247285289349821,0.35030876591699406,0.0,0.0,-0.015087714031981,,
2054862489637310838,seekjourney,2026-05-14 09:52:49+00:00,2026-05-14,ai_tech,AI / 大模型,QQQ,15,0.2493,0.2493,0.9631743177730056,0.24011935742081028,0.0,0.0,-0.015087714031981,,
2054885303001944209,seekjourney,2026-05-14 11:23:28+00:00,2026-05-14,ai_tech,AI / 大模型,QQQ,15,1.0,1.0,0.9631743177730056,0.9631743177730056,0.0,0.0,-0.015087714031981,,
2054888587355963681,seekjourney,2026-05-14 11:36:31+00:00,2026-05-14,ai_tech,AI / 大模型,QQQ,15,-0.1636,-0.1636,0.9631743177730056,-0.1575753183876637,0.0,0.0,-0.015087714031981,,
2054893816394510711,cheery9998,2026-05-14 11:57:18+00:00,2026-05-14,ai_tech,AI / 大模型,QQQ,45,0.8084,0.8084,0.14842000511827327,0.11998273213761211,0.0,0.0,-0.015087714031981,,
2054906795995668796,PandaTalk8,2026-05-14 12:48:53+00:00,2026-05-14,ai_tech,AI / 大模型,QQQ,5,0.25,0.25,1.7561322915849038,0.43903307289622595,0.0,0.0019400877988973,-0.015087714031981,,
2054917763433635884,austinit,2026-05-14 13:32:27+00:00,2026-05-14,ai_tech,AI / 大模型,QQQ,23,0.5343,0.5343,0.688134638736401,0.36767033747685907,0.0012894690918385,0.0030598408103397,-0.015087714031981,,
2054918115016991058,austinit,2026-05-14 13:33:51+00:00,2026-05-14,ai_tech,AI / 大模型,QQQ,23,-0.0496,-0.0496,0.688134638736401,-0.03413147808132549,0.0012894690918385,0.0030598408103397,-0.015087714031981,,
2054918527245832465,Pluvio9yte,2026-05-14 13:35:30+00:00,2026-05-14,ai_tech,AI / 大模型,QQQ,26,-0.0005,-0.0005,0.4510756193602167,-0.00022553780968010835,0.0013194195064025,0.0019978664271935,-0.015087714031981,,
2054925632061231431,xiaohu,2026-05-14 14:03:44+00:00,2026-05-14,ai_tech,AI / 大模型,QQQ,6,0.2026,0.2026,1.7561322915849038,0.3557924022751015,0.0011317112933268,0.0056960416344351,-0.015087714031981,,
2054936916957540801,cheery9998,2026-05-14 14:48:34+00:00,2026-05-14,ai_tech,AI / 大模型,QQQ,45,0.2471,0.2471,0.14842000511827327,0.03667458326472532,-0.0008238747527273,0.0018844259443491,-0.015087714031981,,
2054939674247139398,luoleiorg,2026-05-14 14:59:31+00:00,2026-05-14,ai_tech,AI / 大模型,QQQ,51,-0.0949,-0.0949,0.09531017980432487,-0.00904493606343043,0.0011797207445793,0.0029305586346652,-0.015087714031981,,
2054966001775857688,laogui,2026-05-14 16:44:08+00:00,2026-05-14,ai_tech,AI / 大模型,QQQ,35,0.2496,0.2496,0.26236426446749106,0.06548612041108577,5.554886127789871e-05,-0.000124815581591,-0.015087714031981,,
2055064820408614969,xiaohu,2026-05-14 23:16:49+00:00,2026-05-14,ai_tech,AI / 大模型,QQQ,6,-0.9997,-0.9997,1.7561322915849038,-1.7556054518974284,0.0,0.0,-0.015087714031981,,
2054849795983089845,nbblock,2026-05-14 09:02:23+00:00,2026-05-14,ai_tools,AI 工具 / Agent,QQQ,3,0.25,0.25,3.973494327516247,0.9933735818790618,0.0,0.0,-0.015087714031981,,
2054855336591286311,leifuchen,2026-05-14 09:24:24+00:00,2026-05-14,ai_tools,AI 工具 / Agent,QQQ,6,0.2482,0.2482,2.863913698933143,0.7108233800752061,0.0,0.0,-0.015087714031981,,
2054876511698932087,nbblock,2026-05-14 10:48:32+00:00,2026-05-14,ai_tools,AI 工具 / Agent,QQQ,3,0.2498,0.2498,3.973494327516247,0.9925788830135585,0.0,0.0,-0.015087714031981,,
2054891873701945444,leifuchen,2026-05-14 11:49:35+00:00,2026-05-14,ai_tools,AI 工具 / Agent,QQQ,6,0.2405,0.2405,2.863913698933143,0.6887712445934209,0.0,0.0,-0.015087714031981,,
2054932070074601742,nbblock,2026-05-14 14:29:18+00:00,2026-05-14,ai_tools,AI 工具 / Agent,QQQ,3,0.5042,0.5042,3.973494327516247,2.0034358399336916,0.0015659582161364,0.0037443834884862,-0.015087714031981,,
2054953238127165620,nbblock,2026-05-14 15:53:25+00:00,2026-05-14,ai_tools,AI 工具 / Agent,QQQ,3,-0.248,-0.248,3.973494327516247,-0.9854265932240293,0.0005130541136719,-0.0008939527976677,-0.015087714031981,,
2054955719200555497,nbblock,2026-05-14 16:03:17+00:00,2026-05-14,ai_tools,AI 工具 / Agent,QQQ,3,-0.2486,-0.2486,3.973494327516247,-0.987810689820539,-0.0002732841754506,-0.0025567422022662,-0.015087714031981,,
2054961586138415484,nbblock,2026-05-14 16:26:36+00:00,2026-05-14,ai_tools,AI 工具 / Agent,QQQ,3,-0.1524,-0.1524,3.973494327516247,-0.6055605355134761,0.0005970378954232,-0.001763401636333,-0.015087714031981,,
2054963474875515114,nbblock,2026-05-14 16:34:06+00:00,2026-05-14,ai_tools,AI 工具 / Agent,QQQ,3,-0.2496,-0.2496,3.973494327516247,-0.9917841841480552,-0.0001803172804936,-0.0012072534129428,-0.015087714031981,,
2054996234553978898,yetone,2026-05-14 18:44:16+00:00,2026-05-14,ai_tools,AI 工具 / Agent,QQQ,5,0.2114,0.2114,3.5115454388310208,0.7423407057688778,0.0004862865744281,0.0011254811875196,-0.015087714031981,,
2055000292383723862,yetone,2026-05-14 19:00:24+00:00,2026-05-14,ai_tools,AI 工具 / Agent,QQQ,5,0.2226,0.2226,3.5115454388310208,0.7816700146837852,-0.0004926384183935,-0.0153004209195481,-0.015087714031981,,
2055000489608315211,yetone,2026-05-14 19:01:11+00:00,2026-05-14,ai_tools,AI 工具 / Agent,QQQ,5,-0.1981,-0.1981,3.5115454388310208,-0.6956371514324252,-0.0004926384183935,-0.0153004209195481,-0.015087714031981,,
2055001281169850485,yetone,2026-05-14 19:04:20+00:00,2026-05-14,ai_tools,AI 工具 / Agent,QQQ,5,0.1442,0.1442,3.5115454388310208,0.5063648522794332,-0.0004926384183935,-0.0153004209195481,-0.015087714031981,,
2055005507904242019,yetone,2026-05-14 19:21:07+00:00,2026-05-14,ai_tools,AI 工具 / Agent,QQQ,5,-0.5177,-0.5177,3.5115454388310208,-1.8179270736828197,0.0004027360621619,-0.0145482574608317,-0.015087714031981,,
2055010623910785535,yetone,2026-05-14 19:41:27+00:00,2026-05-14,ai_tools,AI 工具 / Agent,QQQ,5,0.0946,0.0946,3.5115454388310208,0.3321921985134146,-0.0002638785728227,-0.0152047426645992,-0.015087714031981,,
2054748758655852580,ohxiyu,2026-05-14 02:20:54+00:00,2026-05-14,crypto,加密,BTC-USD,2,0.244,0.244,4.319752215189378,1.054019540506208,-0.000107327137333,-0.0043548917972733,-0.0244977136379759,,
2054752732494631369,ohxiyu,2026-05-14 02:36:41+00:00,2026-05-14,crypto,加密,BTC-USD,2,-0.1645,-0.1645,4.319752215189378,-0.7105992393986527,-0.0021782551746939,-0.0049111145610216,-0.0244977136379759,,
2054760520641900799,ohxiyu,2026-05-14 03:07:38+00:00,2026-05-14,crypto,加密,BTC-USD,2,-0.2456,-0.2456,4.319752215189378,-1.0609311440505111,-0.0005609441133055,-0.0001790289120848,-0.0244977136379759,,
2054764990037713353,ohxiyu,2026-05-14 03:25:23+00:00,2026-05-14,crypto,加密,BTC-USD,2,0.2412,0.2412,4.319752215189378,1.0419242343036779,-0.0021814417525902,-0.0007811121335115,-0.0244977136379759,,
2054821351651967214,maid_crypto,2026-05-14 07:09:21+00:00,2026-05-14,crypto,加密,BTC-USD,1,0.2447,0.2447,4.61512051684126,1.1293199904710562,-0.0005841913183937,0.00105097596015,-0.0244977136379759,,
2054829113601401125,maid_crypto,2026-05-14 07:40:12+00:00,2026-05-14,crypto,加密,BTC-USD,1,0.25,0.25,4.61512051684126,1.153780129210315,-0.0006745328903763,-0.0007128875310824,-0.0244977136379759,,
2054869815303766432,sanyi_eth_,2026-05-14 10:21:56+00:00,2026-05-14,crypto,加密,BTC-USD,9,0.051,0.051,2.8231630082027146,0.14398131341833845,-0.0004287226732206,-0.0041327453297084,-0.0244977136379759,,
2054891804886249796,sanyi_eth_,2026-05-14 11:49:18+00:00,2026-05-14,crypto,加密,BTC-USD,9,0.2496,0.2496,2.8231630082027146,0.7046614868473975,-0.000883009907921,0.0053010156239838,-0.0244977136379759,,
2054931027110551881,sanyi_eth_,2026-05-14 14:25:10+00:00,2026-05-14,crypto,加密,BTC-USD,9,0.25,0.25,2.8231630082027146,0.7057907520506786,0.0016850375454102,0.0103469322310025,-0.0244977136379759,,
2054934641497567514,0xCheshire,2026-05-14 14:39:32+00:00,2026-05-14,crypto,加密,BTC-USD,8,0.2497,0.2497,3.1210424645194377,0.7793243033905036,0.0042176762105807,0.0086646965892398,-0.0244977136379759,,
2055065751531495561,maid_crypto,2026-05-14 23:20:31+00:00,2026-05-14,crypto,加密,BTC-USD,1,0.0187,0.0187,4.61512051684126,0.08630275366493156,-0.0004147072995304,0.0011352108106643,-0.0244977136379759,,
2055070987100574052,maid_crypto,2026-05-14 23:41:19+00:00,2026-05-14,crypto,加密,BTC-USD,1,0.2207,0.2207,4.61512051684126,1.0185570980668661,-0.0001828114277475,0.0061077519658492,-0.0244977136379759,,
2055073116280525224,maid_crypto,2026-05-14 23:49:46+00:00,2026-05-14,crypto,加密,BTC-USD,1,0.1963,0.1963,4.61512051684126,0.9059481574559393,0.0003128700029957,0.0052056325082534,-0.0244977136379759,,
2055094614286283007,wlzh,2026-05-15 01:15:12+00:00,2026-05-15,ai_tech,AI / 大模型,QQQ,24,0.9949,0.9949,0.5247285289349821,0.5220524134374137,0.0,0.0,,,
2055095115279114384,geekbb,2026-05-15 01:17:11+00:00,2026-05-15,ai_tech,AI / 大模型,QQQ,18,-0.25,-0.25,0.9042181506398859,-0.22605453765997147,0.0,0.0,,,
2055101443259130222,geekbb,2026-05-15 01:42:20+00:00,2026-05-15,ai_tech,AI / 大模型,QQQ,18,0.0039,0.0039,0.9042181506398859,0.003526450787495555,0.0,0.0,,,
2055104939861676099,luoleiorg,2026-05-15 01:56:14+00:00,2026-05-15,ai_tech,AI / 大模型,QQQ,51,-0.0031,-0.0031,0.09531017980432487,-0.00029546155739340705,0.0,0.0,,,
2055108871098618259,RonVonng,2026-05-15 02:11:51+00:00,2026-05-15,ai_tech,AI / 大模型,QQQ,28,0.2417,0.2417,0.3920420877760237,0.09475657261546493,0.0,0.0,,,
2055109045154201640,sagacity,2026-05-15 02:12:33+00:00,2026-05-15,ai_tech,AI / 大模型,QQQ,46,0.25,0.25,0.14842000511827327,0.03710500127956832,0.0,0.0,,,
2055112073080971447,geekbb,2026-05-15 02:24:35+00:00,2026-05-15,ai_tech,AI / 大模型,QQQ,18,-0.2454,-0.2454,0.9042181506398859,-0.221895134167028,0.0,0.0,,,
2055128387447140650,PandaTalk8,2026-05-15 03:29:24+00:00,2026-05-15,ai_tech,AI / 大模型,QQQ,5,0.0597,0.0597,1.7561322915849038,0.10484109780761876,0.0,0.0,,,
2055140526693953657,FLMdongtianfudi,2026-05-15 04:17:38+00:00,2026-05-15,ai_tech,AI / 大模型,QQQ,38,0.0644,0.0644,0.23111172096338664,0.0148835948300421,0.0,0.0,,,
2055141816836706781,FLMdongtianfudi,2026-05-15 04:22:46+00:00,2026-05-15,ai_tech,AI / 大模型,QQQ,38,0.1701,0.1701,0.23111172096338664,0.039312103735872066,0.0,0.0,,,
2055142198346453108,FLMdongtianfudi,2026-05-15 04:24:17+00:00,2026-05-15,ai_tech,AI / 大模型,QQQ,38,0.0896,0.0896,0.23111172096338664,0.020707610198319442,0.0,0.0,,,
2055144761489768836,Pluvio9yte,2026-05-15 04:34:28+00:00,2026-05-15,ai_tech,AI / 大模型,QQQ,26,0.25,0.25,0.4510756193602167,0.11276890484005417,0.0,0.0,,,
2055147397219790901,geekbb,2026-05-15 04:44:56+00:00,2026-05-15,ai_tech,AI / 大模型,QQQ,18,-0.2329,-0.2329,0.9042181506398859,-0.21059240728402942,0.0,0.0,,,
2055147715148071001,geekbb,2026-05-15 04:46:12+00:00,2026-05-15,ai_tech,AI / 大模型,QQQ,18,-0.2237,-0.2237,0.9042181506398859,-0.20227360029814248,0.0,0.0,,,
2055153610800201957,luoleiorg,2026-05-15 05:09:38+00:00,2026-05-15,ai_tech,AI / 大模型,QQQ,51,-0.25,-0.25,0.09531017980432487,-0.023827544951081216,0.0,0.0,,,
2055161895397515671,cheery9998,2026-05-15 05:42:33+00:00,2026-05-15,ai_tech,AI / 大模型,QQQ,45,0.2383,0.2383,0.14842000511827327,0.035368487219684525,0.0,0.0,,,
2055166288725758449,geekbb,2026-05-15 06:00:01+00:00,2026-05-15,ai_tech,AI / 大模型,QQQ,18,0.25,0.25,0.9042181506398859,0.22605453765997147,0.0,0.0,,,
2055178005467763050,seekjourney,2026-05-15 06:46:34+00:00,2026-05-15,ai_tech,AI / 大模型,QQQ,15,-0.022,-0.022,0.9631743177730056,-0.021189834991006122,0.0,0.0,,,
2055185658906546229,sagacity,2026-05-15 07:16:59+00:00,2026-05-15,ai_tech,AI / 大模型,QQQ,46,0.1162,0.1162,0.14842000511827327,0.017246404594743355,0.0,0.0,,,
2055193003162214774,seekjourney,2026-05-15 07:46:10+00:00,2026-05-15,ai_tech,AI / 大模型,QQQ,15,0.25,0.25,0.9631743177730056,0.2407935794432514,0.0,0.0,,,
2055196232591528190,geekbb,2026-05-15 07:59:00+00:00,2026-05-15,ai_tech,AI / 大模型,QQQ,18,0.0273,0.0273,0.9042181506398859,0.024685155512468887,0.0,0.0,,,
2055206635468120142,liyue_ai,2026-05-15 08:40:20+00:00,2026-05-15,ai_tech,AI / 大模型,QQQ,3,-0.2497,-0.2497,2.102913897864978,-0.525097600296885,0.0,0.0,,,
2055214380019806266,seekjourney,2026-05-15 09:11:06+00:00,2026-05-15,ai_tech,AI / 大模型,QQQ,15,0.25,0.25,0.9631743177730056,0.2407935794432514,0.0,0.0,,,
2055215678089760937,Pluvio9yte,2026-05-15 09:16:16+00:00,2026-05-15,ai_tech,AI / 大模型,QQQ,26,-0.1312,-0.1312,0.4510756193602167,-0.059181121260060435,0.0,0.0,,,
2055217267240235287,seekjourney,2026-05-15 09:22:35+00:00,2026-05-15,ai_tech,AI / 大模型,QQQ,15,0.0986,0.0986,0.9631743177730056,0.09496898773241834,0.0,0.0,,,
2055218471860830625,cheery9998,2026-05-15 09:27:22+00:00,2026-05-15,ai_tech,AI / 大模型,QQQ,45,0.156,0.156,0.14842000511827327,0.023153520798450632,0.0,0.0,,,
2055222433574175176,seekjourney,2026-05-15 09:43:07+00:00,2026-05-15,ai_tech,AI / 大模型,QQQ,15,-0.1162,-0.1162,0.9631743177730056,-0.11192085572522324,0.0,0.0,,,
2055231597776130130,liyue_ai,2026-05-15 10:19:31+00:00,2026-05-15,ai_tech,AI / 大模型,QQQ,3,0.1913,0.1913,2.102913897864978,0.4022874286615703,0.0,0.0,,,
2055235954105806892,aiwarts,2026-05-15 10:36:50+00:00,2026-05-15,ai_tech,AI / 大模型,QQQ,36,-0.25,-0.25,0.26236426446749106,-0.06559106611687276,0.0,0.0,,,
2055239948018622566,liyue_ai,2026-05-15 10:52:42+00:00,2026-05-15,ai_tech,AI / 大模型,QQQ,3,0.25,0.25,2.102913897864978,0.5257284744662445,0.0,0.0,,,
2055243686209016223,mranti,2026-05-15 11:07:34+00:00,2026-05-15,ai_tech,AI / 大模型,QQQ,32,-0.5121,-0.5121,0.3074846997479606,-0.15746291474093063,0.0,0.0,,,
2055255280850760041,wlzh,2026-05-15 11:53:38+00:00,2026-05-15,ai_tech,AI / 大模型,QQQ,24,-0.1674,-0.1674,0.5247285289349821,-0.087839555743716,0.0,0.0,,,
2055256751058862299,cheery9998,2026-05-15 11:59:28+00:00,2026-05-15,ai_tech,AI / 大模型,QQQ,45,0.25,0.25,0.14842000511827327,0.03710500127956832,0.0,0.0,,,
2055261809809166728,FLMdongtianfudi,2026-05-15 12:19:35+00:00,2026-05-15,ai_tech,AI / 大模型,QQQ,38,-0.2483,-0.2483,0.23111172096338664,-0.0573850403152089,0.0,0.0,,,
2055262879201554816,FLMdongtianfudi,2026-05-15 12:23:49+00:00,2026-05-15,ai_tech,AI / 大模型,QQQ,38,-0.2463,-0.2463,0.23111172096338664,-0.05692281687328213,0.0,0.0,,,
2055263827655373305,FLMdongtianfudi,2026-05-15 12:27:36+00:00,2026-05-15,ai_tech,AI / 大模型,QQQ,38,0.152,0.152,0.23111172096338664,0.035128981586434765,0.0,0.0,,,
2055264261140844646,FLMdongtianfudi,2026-05-15 12:29:19+00:00,2026-05-15,ai_tech,AI / 大模型,QQQ,38,-0.0454,-0.0454,0.23111172096338664,-0.010492472131737754,0.0,0.0,,,
2055264868346044419,FLMdongtianfudi,2026-05-15 12:31:44+00:00,2026-05-15,ai_tech,AI / 大模型,QQQ,38,0.25,0.25,0.23111172096338664,0.05777793024084666,0.0,-0.0030061457086489,,,
2055274520328683682,liyue_ai,2026-05-15 13:10:05+00:00,2026-05-15,ai_tech,AI / 大模型,QQQ,3,1.0,1.0,2.102913897864978,2.102913897864978,0.0,0.0032063145661767,,,
2055276817934885188,mranti,2026-05-15 13:19:13+00:00,2026-05-15,ai_tech,AI / 大模型,QQQ,32,-0.0016,-0.0016,0.3074846997479606,-0.000491975519596737,0.0,0.0029385338813963,,,
2055277458778419370,PandaTalk8,2026-05-15 13:21:46+00:00,2026-05-15,ai_tech,AI / 大模型,QQQ,5,-0.1398,-0.1398,1.7561322915849038,-0.24550729436356958,0.0,0.0012543456297684,,,
2055277623555817831,PandaTalk8,2026-05-15 13:22:25+00:00,2026-05-15,ai_tech,AI / 大模型,QQQ,5,0.25,0.25,1.7561322915849038,0.43903307289622595,0.0,0.0012543456297684,,,
2055282132910788853,PandaTalk8,2026-05-15 13:40:20+00:00,2026-05-15,ai_tech,AI / 大模型,QQQ,5,1.0,1.0,1.7561322915849038,1.7561322915849038,0.0014534887476491,0.0024200983835147,,,
2055288824314634660,liyue_ai,2026-05-15 14:06:55+00:00,2026-05-15,ai_tech,AI / 大模型,QQQ,3,0.25,0.25,2.102913897864978,0.5257284744662445,0.001590010945603,-0.000534698506391,,,
2055291793458291107,liyue_ai,2026-05-15 14:18:43+00:00,2026-05-15,ai_tech,AI / 大模型,QQQ,3,0.2243,0.2243,2.102913897864978,0.47168358729111454,-0.0016792537077122,-0.000646434199654,,,
2055292106533724376,geekbb,2026-05-15 14:19:58+00:00,2026-05-15,ai_tech,AI / 大模型,QQQ,18,0.25,0.25,0.9042181506398859,0.22605453765997147,-0.0016792537077122,-0.000646434199654,,,
2055299820215300380,xiaohu,2026-05-15 14:50:37+00:00,2026-05-15,ai_tech,AI / 大模型,QQQ,6,0.5,0.5,1.7561322915849038,0.8780661457924519,7.047493142176009e-06,-7.047493142176009e-06,,,
2055302598421537056,mranti,2026-05-15 15:01:39+00:00,2026-05-15,ai_tech,AI / 大模型,QQQ,32,-0.1483,-0.1483,0.3074846997479606,-0.04559998097262256,-0.0010688255133766,-0.000689088597927,,,
2055303856259772557,mranti,2026-05-15 15:06:39+00:00,2026-05-15,ai_tech,AI / 大模型,QQQ,32,-0.2378,-0.2378,0.3074846997479606,-0.07311986160006503,0.0009151277840615,1.4092108599594866e-05,,,
2055305029125365798,Maggie191919,2026-05-15 15:11:19+00:00,2026-05-15,ai_tech,AI / 大模型,QQQ,14,1.0,1.0,0.9858167945227653,0.9858167945227653,0.000295320314801,-0.0013925554727876,,,
2055307693452145075,Maggie191919,2026-05-15 15:21:54+00:00,2026-05-15,ai_tech,AI / 大模型,QQQ,14,0.2492,0.2492,0.9858167945227653,0.2456655451950731,0.0003793784559193,-4.229615078432669e-05,,,
2055335481320046879,lidangzzz,2026-05-15 17:12:19+00:00,2026-05-15,ai_tech,AI / 大模型,QQQ,20,0.0712,0.0712,0.8796267475025636,0.06262942442218253,0.0012357690524178,0.0010391772211941,,,
2055339253601653029,lidangzzz,2026-05-15 17:27:19+00:00,2026-05-15,ai_tech,AI / 大模型,QQQ,20,0.5948,0.5948,0.8796267475025636,0.5232019894145249,-8.351033335662894e-05,-0.0034864068341369,,,
2055343483280400722,Maggie191919,2026-05-15 17:44:07+00:00,2026-05-15,ai_tech,AI / 大模型,QQQ,14,0.1158,0.1158,0.9858167945227653,0.11415758480573622,0.0007358044534433,-0.0015346583060482,,,
2055378720525865264,Maggie191919,2026-05-15 20:04:08+00:00,2026-05-15,ai_tech,AI / 大模型,QQQ,14,-0.25,-0.25,0.9858167945227653,-0.24645419863069132,,,,,
2055388713719656900,Maggie191919,2026-05-15 20:43:51+00:00,2026-05-15,ai_tech,AI / 大模型,QQQ,14,0.25,0.25,0.9858167945227653,0.24645419863069132,,,,,
2055409222217580830,lidangzzz,2026-05-15 22:05:20+00:00,2026-05-15,ai_tech,AI / 大模型,QQQ,20,0.25,0.25,0.8796267475025636,0.2199066868756409,,,,,
2055419595855651114,lidangzzz,2026-05-15 22:46:34+00:00,2026-05-15,ai_tech,AI / 大模型,QQQ,20,0.2499,0.2499,0.8796267475025636,0.21981872420089066,,,,,
2055100001764913509,yetone,2026-05-15 01:36:36+00:00,2026-05-15,ai_tools,AI 工具 / Agent,QQQ,5,-0.1013,-0.1013,3.5115454388310208,-0.35571955295358243,0.0,0.0,,,
2055107141388894708,yetone,2026-05-15 02:04:59+00:00,2026-05-15,ai_tools,AI 工具 / Agent,QQQ,5,0.25,0.25,3.5115454388310208,0.8778863597077552,0.0,0.0,,,
2055129192015315137,nbblock,2026-05-15 03:32:36+00:00,2026-05-15,ai_tools,AI 工具 / Agent,QQQ,3,0.25,0.25,3.973494327516247,0.9933735818790618,0.0,0.0,,,
2055146460052926917,yetone,2026-05-15 04:41:13+00:00,2026-05-15,ai_tools,AI 工具 / Agent,QQQ,5,-0.0261,-0.0261,3.5115454388310208,-0.09165133595348965,0.0,0.0,,,
2055150290798854520,yetone,2026-05-15 04:56:26+00:00,2026-05-15,ai_tools,AI 工具 / Agent,QQQ,5,-0.2243,-0.2243,3.5115454388310208,-0.787639641929798,0.0,0.0,,,
2055200802566815993,leifuchen,2026-05-15 08:17:09+00:00,2026-05-15,ai_tools,AI 工具 / Agent,QQQ,6,0.0687,0.0687,2.863913698933143,0.19675087111670692,0.0,0.0,,,
2055204767220355437,yetone,2026-05-15 08:32:55+00:00,2026-05-15,ai_tools,AI 工具 / Agent,QQQ,5,-0.2497,-0.2497,3.5115454388310208,-0.8768328960761059,0.0,0.0,,,
2055208117466771723,yetone,2026-05-15 08:46:13+00:00,2026-05-15,ai_tools,AI 工具 / Agent,QQQ,5,-0.1718,-0.1718,3.5115454388310208,-0.6032835063911693,0.0,0.0,,,
2055247341112701094,leifuchen,2026-05-15 11:22:05+00:00,2026-05-15,ai_tools,AI 工具 / Agent,QQQ,6,-0.2397,-0.2397,2.863913698933143,-0.6864801136342744,0.0,0.0,,,
2055276528125272192,yetone,2026-05-15 13:18:04+00:00,2026-05-15,ai_tools,AI 工具 / Agent,QQQ,5,0.1933,0.1933,3.5115454388310208,0.6787817333260363,0.0,0.0029385338813963,,,
2055282036273733707,leifuchen,2026-05-15 13:39:57+00:00,2026-05-15,ai_tools,AI 工具 / Agent,QQQ,6,-1.0,-1.0,2.863913698933143,-2.863913698933143,0.0017173996674424,0.0061559279147673,,,
2055299248372036085,leifuchen,2026-05-15 14:48:21+00:00,2026-05-15,ai_tools,AI 工具 / Agent,QQQ,6,0.0257,0.0257,2.863913698933143,0.07360258206258177,-0.0009355810060226,-0.0021946140724057,,,
2055317537718444087,leifuchen,2026-05-15 16:01:01+00:00,2026-05-15,ai_tools,AI 工具 / Agent,QQQ,6,-0.1922,-0.1922,2.863913698933143,-0.5504442129349502,-0.0003659120146523,0.0017379961747592,,,
2055318477368402177,leifuchen,2026-05-15 16:04:45+00:00,2026-05-15,ai_tools,AI 工具 / Agent,QQQ,6,0.1985,0.1985,2.863913698933143,0.5684868692382289,-0.0003659120146523,0.0017379961747592,,,
2055343708237922404,yetone,2026-05-15 17:45:01+00:00,2026-05-15,ai_tools,AI 工具 / Agent,QQQ,5,-0.2181,-0.2181,3.5115454388310208,-0.7658680602090456,0.0003221960141728,-0.0013267397558935,,,
2055093678042165692,maid_crypto,2026-05-15 01:11:29+00:00,2026-05-15,crypto,加密,BTC-USD,1,0.5208,0.5208,4.61512051684126,2.403554765170928,-0.0010196032668311,-0.0073357398729739,-0.012895825237068,,
2055116769959018889,maid_crypto,2026-05-15 02:43:14+00:00,2026-05-15,crypto,加密,BTC-USD,1,0.2029,0.2029,4.61512051684126,0.9364079528670916,0.0023237903868633,-0.0018223124912403,-0.012895825237068,,
2055122353273626672,maid_crypto,2026-05-15 03:05:26+00:00,2026-05-15,crypto,加密,BTC-USD,1,-0.0886,-0.0886,4.61512051684126,-0.4088996777921356,-2.241212355447164e-05,-0.0024851486015171,-0.012895825237068,,
2055166795884208204,ohxiyu,2026-05-15 06:02:01+00:00,2026-05-15,crypto,加密,BTC-USD,2,0.1837,0.1837,4.319752215189378,0.7935384819302886,-0.0002827830122695,0.0022933498294948,-0.012895825237068,,
2055196731575279683,maid_crypto,2026-05-15 08:00:59+00:00,2026-05-15,crypto,加密,BTC-USD,1,-0.1815,-0.1815,4.61512051684126,-0.8376443738066887,0.0002232999944924,-0.0013629333430641,-0.012895825237068,,
2055221599041982464,maid_crypto,2026-05-15 09:39:48+00:00,2026-05-15,crypto,加密,BTC-USD,1,-0.2465,-0.2465,4.61512051684126,-1.1376272074013705,8.907394857038398e-05,0.001195844472029,-0.012895825237068,,
2055227191806566838,Crypto_hedyEth,2026-05-15 10:02:01+00:00,2026-05-15,crypto,加密,BTC-USD,7,0.8195,0.8195,3.258096538021482,2.6700101129086047,0.0003734404787174,0.0004489819310471,-0.012895825237068,,
2055229088445636694,maid_crypto,2026-05-15 10:09:33+00:00,2026-05-15,crypto,加密,BTC-USD,1,-0.0523,-0.0523,4.61512051684126,-0.2413708030307979,-0.0012332215659645,0.0010080389140438,-0.012895825237068,,
2055273356656791872,0xCheshire,2026-05-15 13:05:28+00:00,2026-05-15,crypto,加密,BTC-USD,8,0.25,0.25,3.1210424645194377,0.7802606161298594,0.0,-0.0113651787943085,-0.012895825237068,,
2055273591294627843,0xCheshire,2026-05-15 13:06:23+00:00,2026-05-15,crypto,加密,BTC-USD,8,0.25,0.25,3.1210424645194377,0.7802606161298594,0.0,-0.0113651787943085,-0.012895825237068,,
2055291612477927789,maid_crypto,2026-05-15 14:18:00+00:00,2026-05-15,crypto,加密,BTC-USD,1,0.2344,0.2344,4.61512051684126,1.0817842491475913,-0.0012799116659545,0.0012203785947904,-0.012895825237068,,
2055295054793871561,0xCheshire,2026-05-15 14:31:41+00:00,2026-05-15,crypto,加密,BTC-USD,8,0.2463,0.2463,3.1210424645194377,0.7687127590111374,0.0005455026735554,-0.0003496153786534,-0.012895825237068,,
2055444538559512619,mranti,2026-05-16 00:25:40+00:00,2026-05-16,ai_tech,AI / 大模型,QQQ,32,-0.5,-0.5,0.3074846997479606,-0.1537423498739803,,,,,
2055445339222749448,laogui,2026-05-16 00:28:51+00:00,2026-05-16,ai_tech,AI / 大模型,QQQ,35,-0.25,-0.25,0.26236426446749106,-0.06559106611687276,,,,,
2055449110644506743,mranti,2026-05-16 00:43:51+00:00,2026-05-16,ai_tech,AI / 大模型,QQQ,32,0.1698,0.1698,0.3074846997479606,0.052210902017203714,,,,,
2055449439935103286,mranti,2026-05-16 00:45:09+00:00,2026-05-16,ai_tech,AI / 大模型,QQQ,32,-0.0131,-0.0131,0.3074846997479606,-0.004028049566698284,,,,,
2055449703920316569,mranti,2026-05-16 00:46:12+00:00,2026-05-16,ai_tech,AI / 大模型,QQQ,32,-0.0062,-0.0062,0.3074846997479606,-0.0019064051384373557,,,,,
2055452664155029812,lidangzzz,2026-05-16 00:57:58+00:00,2026-05-16,ai_tech,AI / 大模型,QQQ,20,-0.1628,-0.1628,0.8796267475025636,-0.14320323449341738,,,,,
2055453248254079044,mranti,2026-05-16 01:00:17+00:00,2026-05-16,ai_tech,AI / 大模型,QQQ,32,-0.1865,-0.1865,0.3074846997479606,-0.05734589650299465,,,,,
2055460752064966786,lidangzzz,2026-05-16 01:30:06+00:00,2026-05-16,ai_tech,AI / 大模型,QQQ,20,-0.25,-0.25,0.8796267475025636,-0.2199066868756409,,,,,
2055460957435113829,geekbb,2026-05-16 01:30:55+00:00,2026-05-16,ai_tech,AI / 大模型,QQQ,18,0.25,0.25,0.9042181506398859,0.22605453765997147,,,,,
2055468475913818375,Pluvio9yte,2026-05-16 02:00:48+00:00,2026-05-16,ai_tech,AI / 大模型,QQQ,26,0.2492,0.2492,0.4510756193602167,0.112408044344566,,,,,
2055468578963694069,mranti,2026-05-16 02:01:12+00:00,2026-05-16,ai_tech,AI / 大模型,QQQ,32,0.247,0.247,0.3074846997479606,0.07594872083774627,,,,,
2055474562083782794,wlzh,2026-05-16 02:24:59+00:00,2026-05-16,ai_tech,AI / 大模型,QQQ,24,-0.249,-0.249,0.5247285289349821,-0.13065740370481055,,,,,
2055485263569387546,FLMdongtianfudi,2026-05-16 03:07:30+00:00,2026-05-16,ai_tech,AI / 大模型,QQQ,38,-0.0453,-0.0453,0.23111172096338664,-0.010469360959641415,,,,,
2055497954484519223,Maggie191919,2026-05-16 03:57:56+00:00,2026-05-16,ai_tech,AI / 大模型,QQQ,14,0.2493,0.2493,0.9858167945227653,0.24576412687452537,,,,,
2055506795423035690,Maggie191919,2026-05-16 04:33:04+00:00,2026-05-16,ai_tech,AI / 大模型,QQQ,14,1.0,1.0,0.9858167945227653,0.9858167945227653,,,,,
2055509566444704106,geekbb,2026-05-16 04:44:04+00:00,2026-05-16,ai_tech,AI / 大模型,QQQ,18,-0.2066,-0.2066,0.9042181506398859,-0.18681146992220043,,,,,
2055515355267944953,gmhzxy,2026-05-16 05:07:04+00:00,2026-05-16,ai_tech,AI / 大模型,QQQ,34,-0.1364,-0.1364,0.26236426446749106,-0.03578648567336578,,,,,
2055532732088819949,cheery9998,2026-05-16 06:16:07+00:00,2026-05-16,ai_tech,AI / 大模型,QQQ,45,0.2082,0.2082,0.14842000511827327,0.030901045065624494,,,,,
2055538284068028889,lidangzzz,2026-05-16 06:38:11+00:00,2026-05-16,ai_tech,AI / 大模型,QQQ,20,0.2467,0.2467,0.8796267475025636,0.21700391860888246,,,,,
2055538439999939063,FLMdongtianfudi,2026-05-16 06:38:48+00:00,2026-05-16,ai_tech,AI / 大模型,QQQ,38,0.25,0.25,0.23111172096338664,0.05777793024084666,,,,,
2055539576144589090,FLMdongtianfudi,2026-05-16 06:43:19+00:00,2026-05-16,ai_tech,AI / 大模型,QQQ,38,-0.1388,-0.1388,0.23111172096338664,-0.03207830686971807,,,,,
2055540298361819606,FLMdongtianfudi,2026-05-16 06:46:11+00:00,2026-05-16,ai_tech,AI / 大模型,QQQ,38,0.25,0.25,0.23111172096338664,0.05777793024084666,,,,,
2055540674129518615,FLMdongtianfudi,2026-05-16 06:47:41+00:00,2026-05-16,ai_tech,AI / 大模型,QQQ,38,-0.0297,-0.0297,0.23111172096338664,-0.006864018112612584,,,,,
2055548746557948038,lidangzzz,2026-05-16 07:19:46+00:00,2026-05-16,ai_tech,AI / 大模型,QQQ,20,0.2412,0.2412,0.8796267475025636,0.21216597149761834,,,,,
2055551161512419530,cheery9998,2026-05-16 07:29:21+00:00,2026-05-16,ai_tech,AI / 大模型,QQQ,45,0.532,0.532,0.14842000511827327,0.07895944272292138,,,,,
2055562646884167759,geekbb,2026-05-16 08:15:00+00:00,2026-05-16,ai_tech,AI / 大模型,QQQ,18,-0.2495,-0.2495,0.9042181506398859,-0.22560242858465152,,,,,
2055568086108086721,liyue_ai,2026-05-16 08:36:36+00:00,2026-05-16,ai_tech,AI / 大模型,QQQ,3,0.2462,0.2462,2.102913897864978,0.5177374016543576,,,,,
2055578131625623569,sagacity,2026-05-16 09:16:32+00:00,2026-05-16,ai_tech,AI / 大模型,QQQ,46,0.2499,0.2499,0.14842000511827327,0.03709015927905649,,,,,
2055582433681244540,geekbb,2026-05-16 09:33:37+00:00,2026-05-16,ai_tech,AI / 大模型,QQQ,18,0.2158,0.2158,0.9042181506398859,0.19513027690808737,,,,,
2055582585980416371,liyue_ai,2026-05-16 09:34:14+00:00,2026-05-16,ai_tech,AI / 大模型,QQQ,3,1.0,1.0,2.102913897864978,2.102913897864978,,,,,
2055582717169799247,cheery9998,2026-05-16 09:34:45+00:00,2026-05-16,ai_tech,AI / 大模型,QQQ,45,0.1369,0.1369,0.14842000511827327,0.020318698700691612,,,,,
2055598345343639940,cheery9998,2026-05-16 10:36:51+00:00,2026-05-16,ai_tech,AI / 大模型,QQQ,45,0.2467,0.2467,0.14842000511827327,0.03661521526267802,,,,,
2055610715499581565,cheery9998,2026-05-16 11:26:00+00:00,2026-05-16,ai_tech,AI / 大模型,QQQ,45,0.035,0.035,0.14842000511827327,0.005194700179139565,,,,,
2055612432249507900,liyue_ai,2026-05-16 11:32:49+00:00,2026-05-16,ai_tech,AI / 大模型,QQQ,3,0.2397,0.2397,2.102913897864978,0.5040684613182352,,,,,
2055622038396846105,geekbb,2026-05-16 12:11:00+00:00,2026-05-16,ai_tech,AI / 大模型,QQQ,18,0.0673,0.0673,0.9042181506398859,0.06085388153806432,,,,,
2055628340128817550,mranti,2026-05-16 12:36:02+00:00,2026-05-16,ai_tech,AI / 大模型,QQQ,32,-0.095,-0.095,0.3074846997479606,-0.029211046476056258,,,,,
2055632355872981368,austinit,2026-05-16 12:52:00+00:00,2026-05-16,ai_tech,AI / 大模型,QQQ,23,0.1678,0.1678,0.688134638736401,0.11546899237996809,,,,,
2055632676556828777,mranti,2026-05-16 12:53:16+00:00,2026-05-16,ai_tech,AI / 大模型,QQQ,32,0.2386,0.2386,0.3074846997479606,0.0733658493598634,,,,,
2055636489867083830,liyue_ai,2026-05-16 13:08:25+00:00,2026-05-16,ai_tech,AI / 大模型,QQQ,3,0.25,0.25,2.102913897864978,0.5257284744662445,,,,,
2055637943218545098,FLMdongtianfudi,2026-05-16 13:14:12+00:00,2026-05-16,ai_tech,AI / 大模型,QQQ,38,-0.0155,-0.0155,0.23111172096338664,-0.003582231674932493,,,,,
2055638864396689523,FLMdongtianfudi,2026-05-16 13:17:51+00:00,2026-05-16,ai_tech,AI / 大模型,QQQ,38,0.2499,0.2499,0.23111172096338664,0.057754819068750324,,,,,
2055639780902514978,FLMdongtianfudi,2026-05-16 13:21:30+00:00,2026-05-16,ai_tech,AI / 大模型,QQQ,38,0.134,0.134,0.23111172096338664,0.030968970609093812,,,,,
2055639827891318890,austinit,2026-05-16 13:21:41+00:00,2026-05-16,ai_tech,AI / 大模型,QQQ,23,0.25,0.25,0.688134638736401,0.17203365968410025,,,,,
2055640437113966758,FLMdongtianfudi,2026-05-16 13:24:06+00:00,2026-05-16,ai_tech,AI / 大模型,QQQ,38,-0.9999,-0.9999,0.23111172096338664,-0.2310886097912903,,,,,
2055640805977784785,FLMdongtianfudi,2026-05-16 13:25:34+00:00,2026-05-16,ai_tech,AI / 大模型,QQQ,38,0.25,0.25,0.23111172096338664,0.05777793024084666,,,,,
2055641667731108215,geekbb,2026-05-16 13:29:00+00:00,2026-05-16,ai_tech,AI / 大模型,QQQ,18,0.2024,0.2024,0.9042181506398859,0.1830137536895129,,,,,
2055655509059928551,geekbb,2026-05-16 14:24:00+00:00,2026-05-16,ai_tech,AI / 大模型,QQQ,18,0.5006,0.5006,0.9042181506398859,0.4526516062103269,,,,,
2055659504621293910,liyue_ai,2026-05-16 14:39:52+00:00,2026-05-16,ai_tech,AI / 大模型,QQQ,3,0.25,0.25,2.102913897864978,0.5257284744662445,,,,,
2055660222157644220,geekbb,2026-05-16 14:42:43+00:00,2026-05-16,ai_tech,AI / 大模型,QQQ,18,0.1366,0.1366,0.9042181506398859,0.1235161993774084,,,,,
2055661923128217999,wlzh,2026-05-16 14:49:29+00:00,2026-05-16,ai_tech,AI / 大模型,QQQ,24,0.2193,0.2193,0.5247285289349821,0.11507296639544158,,,,,
2055666171844988958,liyue_ai,2026-05-16 15:06:22+00:00,2026-05-16,ai_tech,AI / 大模型,QQQ,3,0.2379,0.2379,2.102913897864978,0.5002832163020783,,,,,
2055669012957389031,liyue_ai,2026-05-16 15:17:39+00:00,2026-05-16,ai_tech,AI / 大模型,QQQ,3,0.25,0.25,2.102913897864978,0.5257284744662445,,,,,
2055670608487485646,geekbb,2026-05-16 15:24:00+00:00,2026-05-16,ai_tech,AI / 大模型,QQQ,18,0.2429,0.2429,0.9042181506398859,0.21963458879042827,,,,,
2055679355242844462,liyue_ai,2026-05-16 15:58:45+00:00,2026-05-16,ai_tech,AI / 大模型,QQQ,3,-0.5,-0.5,2.102913897864978,-1.051456948932489,,,,,
2055686359147290763,Maggie191919,2026-05-16 16:26:35+00:00,2026-05-16,ai_tech,AI / 大模型,QQQ,14,0.5,0.5,0.9858167945227653,0.49290839726138264,,,,,
2055688607805870121,lidangzzz,2026-05-16 16:35:31+00:00,2026-05-16,ai_tech,AI / 大模型,QQQ,20,0.5551,0.5551,0.8796267475025636,0.4882808075386731,,,,,
2055689443051176340,Maggie191919,2026-05-16 16:38:50+00:00,2026-05-16,ai_tech,AI / 大模型,QQQ,14,-0.0092,-0.0092,0.9858167945227653,-0.00906951450960944,,,,,
2055689494293020865,Maggie191919,2026-05-16 16:39:02+00:00,2026-05-16,ai_tech,AI / 大模型,QQQ,14,0.5001,0.5001,0.9858167945227653,0.4930069789408349,,,,,
2055689567982743719,Maggie191919,2026-05-16 16:39:20+00:00,2026-05-16,ai_tech,AI / 大模型,QQQ,14,0.2496,0.2496,0.9858167945227653,0.2460598719128822,,,,,
2055689629190271337,Maggie191919,2026-05-16 16:39:35+00:00,2026-05-16,ai_tech,AI / 大模型,QQQ,14,0.2499,0.2499,0.9858167945227653,0.24635561695123906,,,,,
2055689690410320171,Maggie191919,2026-05-16 16:39:49+00:00,2026-05-16,ai_tech,AI / 大模型,QQQ,14,-0.2488,-0.2488,0.9858167945227653,-0.245271218477264,,,,,
2055691944039231622,Maggie191919,2026-05-16 16:48:47+00:00,2026-05-16,ai_tech,AI / 大模型,QQQ,14,0.25,0.25,0.9858167945227653,0.24645419863069132,,,,,
2055692158733054331,Maggie191919,2026-05-16 16:49:38+00:00,2026-05-16,ai_tech,AI / 大模型,QQQ,14,0.0987,0.0987,0.9858167945227653,0.09730011761939693,,,,,
2055700985360548088,Maggie191919,2026-05-16 17:24:42+00:00,2026-05-16,ai_tech,AI / 大模型,QQQ,14,0.25,0.25,0.9858167945227653,0.24645419863069132,,,,,
2055702590088974610,Maggie191919,2026-05-16 17:31:05+00:00,2026-05-16,ai_tech,AI / 大模型,QQQ,14,0.25,0.25,0.9858167945227653,0.24645419863069132,,,,,
2055704206032478677,Maggie191919,2026-05-16 17:37:30+00:00,2026-05-16,ai_tech,AI / 大模型,QQQ,14,1.0,1.0,0.9858167945227653,0.9858167945227653,,,,,
2055707389664366664,Maggie191919,2026-05-16 17:50:09+00:00,2026-05-16,ai_tech,AI / 大模型,QQQ,14,0.25,0.25,0.9858167945227653,0.24645419863069132,,,,,
2055710170030768459,Maggie191919,2026-05-16 18:01:12+00:00,2026-05-16,ai_tech,AI / 大模型,QQQ,14,1.0,1.0,0.9858167945227653,0.9858167945227653,,,,,
2055722843329982708,lidangzzz,2026-05-16 18:51:33+00:00,2026-05-16,ai_tech,AI / 大模型,QQQ,20,0.25,0.25,0.8796267475025636,0.2199066868756409,,,,,
2055724641357083124,lidangzzz,2026-05-16 18:58:42+00:00,2026-05-16,ai_tech,AI / 大模型,QQQ,20,0.2463,0.2463,0.8796267475025636,0.21665206790988142,,,,,
2055742741896642744,mubeitech,2026-05-16 20:10:38+00:00,2026-05-16,ai_tech,AI / 大模型,QQQ,12,0.25,0.25,1.0818051703517284,0.2704512925879321,,,,,
2055749062750532028,mubeitech,2026-05-16 20:35:45+00:00,2026-05-16,ai_tech,AI / 大模型,QQQ,12,-0.25,-0.25,1.0818051703517284,-0.2704512925879321,,,,,
2055751100641247530,lidangzzz,2026-05-16 20:43:51+00:00,2026-05-16,ai_tech,AI / 大模型,QQQ,20,0.25,0.25,0.8796267475025636,0.2199066868756409,,,,,
2055754656874102832,lidangzzz,2026-05-16 20:57:58+00:00,2026-05-16,ai_tech,AI / 大模型,QQQ,20,0.25,0.25,0.8796267475025636,0.2199066868756409,,,,,
2055754860662796762,mubeitech,2026-05-16 20:58:47+00:00,2026-05-16,ai_tech,AI / 大模型,QQQ,12,0.25,0.25,1.0818051703517284,0.2704512925879321,,,,,
2055761440473075756,mubeitech,2026-05-16 21:24:56+00:00,2026-05-16,ai_tech,AI / 大模型,QQQ,12,0.25,0.25,1.0818051703517284,0.2704512925879321,,,,,
2055768087006167073,mubeitech,2026-05-16 21:51:20+00:00,2026-05-16,ai_tech,AI / 大模型,QQQ,12,0.25,0.25,1.0818051703517284,0.2704512925879321,,,,,
2055774614916415850,mubeitech,2026-05-16 22:17:17+00:00,2026-05-16,ai_tech,AI / 大模型,QQQ,12,0.25,0.25,1.0818051703517284,0.2704512925879321,,,,,
2055780937892520295,mubeitech,2026-05-16 22:42:24+00:00,2026-05-16,ai_tech,AI / 大模型,QQQ,12,0.25,0.25,1.0818051703517284,0.2704512925879321,,,,,
2055783759035924962,geekbb,2026-05-16 22:53:37+00:00,2026-05-16,ai_tech,AI / 大模型,QQQ,18,-0.091,-0.091,0.9042181506398859,-0.0822838517082296,,,,,
2055786408065880562,mubeitech,2026-05-16 23:04:09+00:00,2026-05-16,ai_tech,AI / 大模型,QQQ,12,0.0658,0.0658,1.0818051703517284,0.07118278020914373,,,,,
2055790378624725206,lidangzzz,2026-05-16 23:19:55+00:00,2026-05-16,ai_tech,AI / 大模型,QQQ,20,0.5033,0.5033,0.8796267475025636,0.44271614201804027,,,,,
2055792484286898619,mubeitech,2026-05-16 23:28:17+00:00,2026-05-16,ai_tech,AI / 大模型,QQQ,12,0.25,0.25,1.0818051703517284,0.2704512925879321,,,,,
2055798904076046636,mubeitech,2026-05-16 23:53:48+00:00,2026-05-16,ai_tech,AI / 大模型,QQQ,12,0.25,0.25,1.0818051703517284,0.2704512925879321,,,,,
2055799970511700200,geekbb,2026-05-16 23:58:02+00:00,2026-05-16,ai_tech,AI / 大模型,QQQ,18,0.0727,0.0727,0.9042181506398859,0.06573665955151971,,,,,
2055473881323049191,nbblock,2026-05-16 02:22:16+00:00,2026-05-16,ai_tools,AI 工具 / Agent,QQQ,3,-0.2448,-0.2448,3.973494327516247,-0.9727114113759773,,,,,
2055613178852356534,yetone,2026-05-16 11:35:47+00:00,2026-05-16,ai_tools,AI 工具 / Agent,QQQ,5,0.0797,0.0797,3.5115454388310208,0.27987017147483234,,,,,
2055684184543531284,nbblock,2026-05-16 16:17:57+00:00,2026-05-16,ai_tools,AI 工具 / Agent,QQQ,3,0.25,0.25,3.973494327516247,0.9933735818790618,,,,,
2055693089491280051,yetone,2026-05-16 16:53:20+00:00,2026-05-16,ai_tools,AI 工具 / Agent,QQQ,5,0.1032,0.1032,3.5115454388310208,0.36239148928736137,,,,,
2055712942444941626,yetone,2026-05-16 18:12:13+00:00,2026-05-16,ai_tools,AI 工具 / Agent,QQQ,5,0.0449,0.0449,3.5115454388310208,0.15766839020351284,,,,,
2055717491599622380,yetone,2026-05-16 18:30:18+00:00,2026-05-16,ai_tools,AI 工具 / Agent,QQQ,5,-0.2006,-0.2006,3.5115454388310208,-0.7044160150295028,,,,,
2055730214798524448,yetone,2026-05-16 19:20:51+00:00,2026-05-16,ai_tools,AI 工具 / Agent,QQQ,5,-0.0131,-0.0131,3.5115454388310208,-0.04600124524868637,,,,,
2055441856440537224,Crypto_hedyEth,2026-05-16 00:15:01+00:00,2026-05-16,crypto,加密,BTC-USD,7,0.145,0.145,3.258096538021482,0.47242399801311485,-9.072823576228296e-05,-0.0009148841793354,-0.012895825237068,,
2055468631874752769,maid_crypto,2026-05-16 02:01:25+00:00,2026-05-16,crypto,加密,BTC-USD,1,-0.0025,-0.0025,4.61512051684126,-0.01153780129210315,0.0003707039593137,1.6688590602997877e-05,-0.012895825237068,,
2055479684922753312,maid_crypto,2026-05-16 02:45:20+00:00,2026-05-16,crypto,加密,BTC-USD,1,0.5,0.5,4.61512051684126,2.30756025842063,0.0005553235256154,-6.443689957313925e-05,-0.012895825237068,,
2055481784662667377,ohxiyu,2026-05-16 02:53:41+00:00,2026-05-16,crypto,加密,BTC-USD,2,-0.1533,-0.1533,4.319752215189378,-0.6622180145885316,0.000138778521826,-0.0006531974126942,-0.012895825237068,,
2055495561596576013,ohxiyu,2026-05-16 03:48:25+00:00,2026-05-16,crypto,加密,BTC-USD,2,-0.2486,-0.2486,4.319752215189378,-1.0738904006960792,-3.380190148549733e-05,-0.001162014490539,-0.012895825237068,,
2055499658357862594,ohxiyu,2026-05-16 04:04:42+00:00,2026-05-16,crypto,加密,BTC-USD,2,0.2422,0.2422,4.319752215189378,1.0462439865188673,-0.000569660847287,-0.0012277445975088,-0.012895825237068,,
2055562184122605607,Crypto_hedyEth,2026-05-16 08:13:09+00:00,2026-05-16,crypto,加密,BTC-USD,7,-0.2109,-0.2109,3.258096538021482,-0.6871325598687306,-0.0002368008445099,-0.0057632501832814,-0.012895825237068,,
2055569752509272560,0xCheshire,2026-05-16 08:43:14+00:00,2026-05-16,crypto,加密,BTC-USD,8,0.2271,0.2271,3.1210424645194377,0.7087887436923643,0.0001506584051487,-0.0043741788443891,-0.012895825237068,,
2055572694092153317,0xCheshire,2026-05-16 08:54:55+00:00,2026-05-16,crypto,加密,BTC-USD,8,0.25,0.25,3.1210424645194377,0.7802606161298594,8.482096447326448e-05,-0.0043276632860878,-0.012895825237068,,
2055597557955637522,0xCheshire,2026-05-16 10:33:43+00:00,2026-05-16,crypto,加密,BTC-USD,8,-0.1192,-0.1192,3.1210424645194377,-0.37202826177071696,4.60609415358082e-05,0.003817237810634,-0.012895825237068,,
2055607945799606745,0xCheshire,2026-05-16 11:15:00+00:00,2026-05-16,crypto,加密,BTC-USD,8,0.25,0.25,3.1210424645194377,0.7802606161298594,-0.0008404294261316,-0.0020585170116197,-0.012895825237068,,
2055618764478308423,0xCheshire,2026-05-16 11:57:59+00:00,2026-05-16,crypto,加密,BTC-USD,8,0.2463,0.2463,3.1210424645194377,0.7687127590111374,-0.0002933330237541,-0.0015749511411865,-0.012895825237068,,
2055624860198645931,0xCheshire,2026-05-16 12:22:12+00:00,2026-05-16,crypto,加密,BTC-USD,8,0.25,0.25,3.1210424645194377,0.7802606161298594,0.0011836791184312,-0.0003384374212972,-0.012895825237068,,
2055627645828927631,0xCheshire,2026-05-16 12:33:17+00:00,2026-05-16,crypto,加密,BTC-USD,8,0.2498,0.2498,3.1210424645194377,0.7796364076369555,0.0001165451453239,-0.0022775364438871,-0.012895825237068,,
2055635659873030623,0xCheshire,2026-05-16 13:05:07+00:00,2026-05-16,crypto,加密,BTC-USD,8,0.25,0.25,3.1210424645194377,0.7802606161298594,0.0010929548409883,0.0007979684063508,-0.012895825237068,,
2055644702289133598,0xCheshire,2026-05-16 13:41:03+00:00,2026-05-16,crypto,加密,BTC-USD,8,0.25,0.25,3.1210424645194377,0.7802606161298594,0.0005032654070487,0.0033640639208256,-0.012895825237068,,
2055648066561286537,0xCheshire,2026-05-16 13:54:25+00:00,2026-05-16,crypto,加密,BTC-USD,8,0.25,0.25,3.1210424645194377,0.7802606161298594,-0.0011549527353101,0.0015256758307078,-0.012895825237068,,
2055651822661255322,0xCheshire,2026-05-16 14:09:21+00:00,2026-05-16,crypto,加密,BTC-USD,8,0.2496,0.2496,3.1210424645194377,0.7790121991440516,-0.000576368991649,0.0020935357946798,-0.012895825237068,,
2055781797817122933,sanyi_eth_,2026-05-16 22:45:49+00:00,2026-05-16,crypto,加密,BTC-USD,9,0.0789,0.0789,2.8231630082027146,0.22274756134719417,-0.0002968235977358,-0.0007843338703807,-0.012895825237068,,
2055794266841170195,maid_crypto,2026-05-16 23:35:22+00:00,2026-05-16,crypto,加密,BTC-USD,1,-0.0271,-0.0271,4.61512051684126,-0.12506976600639813,-0.0003014954956053,-0.0010961564770616,-0.012895825237068,,
2055804001988591914,wlzh,2026-05-17 00:14:03+00:00,2026-05-17,ai_tech,AI / 大模型,QQQ,24,0.223,0.223,0.5247285289349821,0.11701446195250101,,,,,
2055805211441279423,mubeitech,2026-05-17 00:18:52+00:00,2026-05-17,ai_tech,AI / 大模型,QQQ,12,-0.25,-0.25,1.0818051703517284,-0.2704512925879321,,,,,
2055808836074979576,xiaohu,2026-05-17 00:33:16+00:00,2026-05-17,ai_tech,AI / 大模型,QQQ,6,-0.2457,-0.2457,1.7561322915849038,-0.4314817040424109,,,,,
2055812249915420739,mranti,2026-05-17 00:46:50+00:00,2026-05-17,ai_tech,AI / 大模型,QQQ,32,-0.0585,-0.0585,0.3074846997479606,-0.017987854935255697,,,,,
2055812389098914128,mubeitech,2026-05-17 00:47:23+00:00,2026-05-17,ai_tech,AI / 大模型,QQQ,12,0.5194,0.5194,1.0818051703517284,0.5618896054806877,,,,,
2055815498257097070,mranti,2026-05-17 00:59:44+00:00,2026-05-17,ai_tech,AI / 大模型,QQQ,32,-0.159,-0.159,0.3074846997479606,-0.048890067259925736,,,,,
2055815945159926170,lidangzzz,2026-05-17 01:01:31+00:00,2026-05-17,ai_tech,AI / 大模型,QQQ,20,0.1314,0.1314,0.8796267475025636,0.11558295462183685,,,,,
2055818255810334864,mubeitech,2026-05-17 01:10:42+00:00,2026-05-17,ai_tech,AI / 大模型,QQQ,12,-0.2152,-0.2152,1.0818051703517284,-0.23280447265969195,,,,,
2055824494296449412,mubeitech,2026-05-17 01:35:29+00:00,2026-05-17,ai_tech,AI / 大模型,QQQ,12,0.2315,0.2315,1.0818051703517284,0.25043789693642515,,,,,
2055827446201459033,lidangzzz,2026-05-17 01:47:13+00:00,2026-05-17,ai_tech,AI / 大模型,QQQ,20,0.2496,0.2496,0.8796267475025636,0.21955483617663987,,,,,
2055827464803533043,mranti,2026-05-17 01:47:17+00:00,2026-05-17,ai_tech,AI / 大模型,QQQ,32,0.2424,0.2424,0.3074846997479606,0.07453429121890566,,,,,
2055828547718266975,luoleiorg,2026-05-17 01:51:35+00:00,2026-05-17,ai_tech,AI / 大模型,QQQ,51,0.1047,0.1047,0.09531017980432487,0.009978975825512814,,,,,
2055829995231285624,mranti,2026-05-17 01:57:20+00:00,2026-05-17,ai_tech,AI / 大模型,QQQ,32,0.16,0.16,0.3074846997479606,0.0491975519596737,,,,,
2055831054422827215,mubeitech,2026-05-17 02:01:33+00:00,2026-05-17,ai_tech,AI / 大模型,QQQ,12,0.5492,0.5492,1.0818051703517284,0.5941273995571693,,,,,
2055833305942302933,mranti,2026-05-17 02:10:30+00:00,2026-05-17,ai_tech,AI / 大模型,QQQ,32,0.249,0.249,0.3074846997479606,0.07656369023724219,,,,,
2055834689446035740,geekbb,2026-05-17 02:16:00+00:00,2026-05-17,ai_tech,AI / 大模型,QQQ,18,-0.2192,-0.2192,0.9042181506398859,-0.19820461862026298,,,,,
2055835507968655667,mranti,2026-05-17 02:19:15+00:00,2026-05-17,ai_tech,AI / 大模型,QQQ,32,0.5241,0.5241,0.3074846997479606,0.16115273113790615,,,,,
2055835876639568275,mranti,2026-05-17 02:20:43+00:00,2026-05-17,ai_tech,AI / 大模型,QQQ,32,0.2206,0.2206,0.3074846997479606,0.0678311247644001,,,,,
2055837772330467782,mubeitech,2026-05-17 02:28:15+00:00,2026-05-17,ai_tech,AI / 大模型,QQQ,12,-0.1198,-0.1198,1.0818051703517284,-0.12960025940813708,,,,,
2055844122733469786,luoleiorg,2026-05-17 02:53:29+00:00,2026-05-17,ai_tech,AI / 大模型,QQQ,51,-0.2395,-0.2395,0.09531017980432487,-0.022826788063135803,,,,,
2055844170946822304,mubeitech,2026-05-17 02:53:40+00:00,2026-05-17,ai_tech,AI / 大模型,QQQ,12,-0.0735,-0.0735,1.0818051703517284,-0.07951268002085203,,,,,
2055848726607143347,PandaTalk8,2026-05-17 03:11:46+00:00,2026-05-17,ai_tech,AI / 大模型,QQQ,5,-0.0673,-0.0673,1.7561322915849038,-0.11818770322366402,,,,,
2055849507909165444,PandaTalk8,2026-05-17 03:14:53+00:00,2026-05-17,ai_tech,AI / 大模型,QQQ,5,0.25,0.25,1.7561322915849038,0.43903307289622595,,,,,
2055850190800630240,mubeitech,2026-05-17 03:17:35+00:00,2026-05-17,ai_tech,AI / 大模型,QQQ,12,1.0,1.0,1.0818051703517284,1.0818051703517284,,,,,
2055850861725905043,PandaTalk8,2026-05-17 03:20:15+00:00,2026-05-17,ai_tech,AI / 大模型,QQQ,5,0.25,0.25,1.7561322915849038,0.43903307289622595,,,,,
2055851362672398746,cheery9998,2026-05-17 03:22:15+00:00,2026-05-17,ai_tech,AI / 大模型,QQQ,45,0.1452,0.1452,0.14842000511827327,0.021550584743173277,,,,,
2055855713491247186,liyue_ai,2026-05-17 03:39:32+00:00,2026-05-17,ai_tech,AI / 大模型,QQQ,3,0.2399,0.2399,2.102913897864978,0.5044890440978083,,,,,
2055856285648576975,mubeitech,2026-05-17 03:41:49+00:00,2026-05-17,ai_tech,AI / 大模型,QQQ,12,0.0944,0.0944,1.0818051703517284,0.10212240808120315,,,,,
2055862701105012843,mubeitech,2026-05-17 04:07:18+00:00,2026-05-17,ai_tech,AI / 大模型,QQQ,12,1.0,1.0,1.0818051703517284,1.0818051703517284,,,,,
2055862953199730985,FLMdongtianfudi,2026-05-17 04:08:18+00:00,2026-05-17,ai_tech,AI / 大模型,QQQ,38,0.2041,0.2041,0.23111172096338664,0.047169902248627216,,,,,
2055864044821860594,FLMdongtianfudi,2026-05-17 04:12:39+00:00,2026-05-17,ai_tech,AI / 大模型,QQQ,38,-0.9998,-0.9998,0.23111172096338664,-0.23106549861919398,,,,,
2055817087860572178,Crypto_hedyEth,2026-05-17 01:06:03+00:00,2026-05-17,crypto,加密,BTC-USD,7,-0.214,-0.214,3.258096538021482,-0.6972326591365972,-0.0002261998505218,-0.0023941737166788,,,
2055845419746488710,ohxiyu,2026-05-17 02:58:38+00:00,2026-05-17,crypto,加密,BTC-USD,2,1.0,1.0,4.319752215189378,4.319752215189378,-0.0002870636624813,0.0009697419464058,,,
2055854147006833134,ohxiyu,2026-05-17 03:33:19+00:00,2026-05-17,crypto,加密,BTC-USD,2,-0.1611,-0.1611,4.319752215189378,-0.6959120818670087,-0.0002833844960843,,,,
2054546860719984701,Mikocrypto11,,,ai_tech,AI / 大模型,QQQ,2,0.9963,0.9963,2.6078614738467776,2.5982123863935445,0.0,-0.0032427992009993,0.0071077162744499,,
2054574121342968120,Mikocrypto11,,,ai_tech,AI / 大模型,QQQ,2,0.25,0.25,2.6078614738467776,0.6519653684616944,0.0002851869353115,0.0009430066794731,0.0071077162744499,,
2054776446871310452,Mikocrypto11,,,ai_tech,AI / 大模型,QQQ,2,0.5514,0.5514,2.6078614738467776,1.437974816679113,0.0,0.0,-0.015087714031981,,
2054837982931439756,Mikocrypto11,,,ai_tech,AI / 大模型,QQQ,2,0.5001,0.5001,2.6078614738467776,1.3041915230707735,0.0,0.0,-0.015087714031981,,
2054857431981969582,Mikocrypto11,,,ai_tech,AI / 大模型,QQQ,2,0.25,0.25,2.6078614738467776,0.6519653684616944,0.0,0.0,-0.015087714031981,,
2054866381242618360,Mikocrypto11,,,ai_tech,AI / 大模型,QQQ,2,-0.25,-0.25,2.6078614738467776,-0.6519653684616944,0.0,0.0,-0.015087714031981,,
2054903536643887203,Mikocrypto11,,,ai_tech,AI / 大模型,QQQ,2,0.5,0.5,2.6078614738467776,1.3039307369233888,0.0,0.0025054001126536,-0.015087714031981,,
2054953076461871597,Mikocrypto11,,,ai_tech,AI / 大模型,QQQ,2,0.9998,0.9998,2.6078614738467776,2.6073399015520082,0.0005130541136719,-0.0008939527976677,-0.015087714031981,,
2055157768437514501,Mikocrypto11,,,ai_tech,AI / 大模型,QQQ,2,0.5006,0.5006,2.6078614738467776,1.305495453807697,0.0,0.0,,,
2055157950306791922,Mikocrypto11,,,ai_tech,AI / 大模型,QQQ,2,0.2172,0.2172,2.6078614738467776,0.5664275121195201,0.0,0.0,,,
2055213864296567256,Mikocrypto11,,,ai_tech,AI / 大模型,QQQ,2,1.0,1.0,2.6078614738467776,2.6078614738467776,0.0,0.0,,,
2055281347711975649,Mikocrypto11,,,ai_tech,AI / 大模型,QQQ,2,0.9986,0.9986,2.6078614738467776,2.604210467783392,0.0017173996674424,0.0061559279147673,,,
2055317138437755164,Mikocrypto11,,,ai_tech,AI / 大模型,QQQ,2,0.7756,0.7756,2.6078614738467776,2.0226573591155605,0.000535067412392,0.0015207224321038,,,
2055462401831813399,Mikocrypto11,,,ai_tech,AI / 大模型,QQQ,2,0.5023,0.5023,2.6078614738467776,1.3099288183132363,,,,,
2055545461268938877,Mikocrypto11,,,ai_tech,AI / 大模型,QQQ,2,0.25,0.25,2.6078614738467776,0.6519653684616944,,,,,
2055602402024386605,Mikocrypto11,,,ai_tech,AI / 大模型,QQQ,2,0.2215,0.2215,2.6078614738467776,0.5776413164570613,,,,,
2055621963373285845,Mikocrypto11,,,ai_tech,AI / 大模型,QQQ,2,0.8148,0.8148,2.6078614738467776,2.124885528890354,,,,,
2055652850148180274,Mikocrypto11,,,ai_tech,AI / 大模型,QQQ,2,0.9923,0.9923,2.6078614738467776,2.587780940498157,,,,,
2054562570472923322,PandaTalk8,,,ai_tech,AI / 大模型,QQQ,5,0.2489,0.2489,1.7561322915849038,0.4371013273754826,0.0009483454102388,0.0063834064259602,0.0071077162744499,,
2054609109224444161,PandaTalk8,,,ai_tech,AI / 大模型,QQQ,5,-0.2402,-0.2402,1.7561322915849038,-0.4218229764386939,-0.0001259451543433,0.0011471682363417,0.0071077162744499,,
2055315085653135758,dashen_wang,,,ai_tech,AI / 大模型,QQQ,4,0.9974,0.9974,1.8066480817218056,1.801950796709329,5.6380342478012935e-05,0.001450418688502,,,
2055317264686367104,dashen_wang,,,ai_tech,AI / 大模型,QQQ,4,0.25,0.25,1.8066480817218056,0.4516620204304514,0.000535067412392,0.0015207224321038,,,
2055321958536167864,dashen_wang,,,ai_tech,AI / 大模型,QQQ,4,0.1732,0.1732,1.8066480817218056,0.3129114477542167,0.0003795384976661,0.0027701503871944,,,
2055325141383680199,dashen_wang,,,ai_tech,AI / 大模型,QQQ,4,-0.2287,-0.2287,1.8066480817218056,-0.4131804162897769,0.0004288783094901,0.0036193417168361,,,
2055509295266189320,dashen_wang,,,ai_tech,AI / 大模型,QQQ,4,0.9964,0.9964,1.8066480817218056,1.800144148627607,,,,,
2055516694559465521,dashen_wang,,,ai_tech,AI / 大模型,QQQ,4,-0.2497,-0.2497,1.8066480817218056,-0.45112002600593487,,,,,
2055523297996185877,dashen_wang,,,ai_tech,AI / 大模型,QQQ,4,0.1921,0.1921,1.8066480817218056,0.3470570964987588,,,,,
2055572304072261837,dashen_wang,,,ai_tech,AI / 大模型,QQQ,4,-0.0715,-0.0715,1.8066480817218056,-0.12917533784310908,,,,,
2055588082926137665,dashen_wang,,,ai_tech,AI / 大模型,QQQ,4,-0.1787,-0.1787,1.8066480817218056,-0.32284801220368664,,,,,
2055591381121499139,dashen_wang,,,ai_tech,AI / 大模型,QQQ,4,-0.0345,-0.0345,1.8066480817218056,-0.0623293588194023,,,,,
2055619705529073997,dashen_wang,,,ai_tech,AI / 大模型,QQQ,4,-0.2474,-0.2474,1.8066480817218056,-0.4469647354179747,,,,,
2055661362882523170,dashen_wang,,,ai_tech,AI / 大模型,QQQ,4,-0.1587,-0.1587,1.8066480817218056,-0.28671505056925056,,,,,
2055662767944900897,dashen_wang,,,ai_tech,AI / 大模型,QQQ,4,-0.0211,-0.0211,1.8066480817218056,-0.038120274524330096,,,,,
2055679178977210781,dashen_wang,,,ai_tech,AI / 大模型,QQQ,4,0.2443,0.2443,1.8066480817218056,0.44136412636463707,,,,,
2055711539597111640,dashen_wang,,,ai_tech,AI / 大模型,QQQ,4,0.2218,0.2218,1.8066480817218056,0.4007145445258965,,,,,
2055206888816714202,liyue_ai,,,ai_tech,AI / 大模型,QQQ,3,0.25,0.25,2.102913897864978,0.5257284744662445,0.0,0.0,,,
2053831750556762470,max80072,,,ai_tech,AI / 大模型,QQQ,1,-0.9912,-0.9912,4.61512051684126,-4.574507456293056,-0.0012067767925432,-0.0011647237474659,-0.008481806809764,,
2053831841392763318,max80072,,,ai_tech,AI / 大模型,QQQ,1,-0.9942,-0.9942,4.61512051684126,-4.58835281784358,-0.0012067767925432,-0.0011647237474659,-0.008481806809764,,
2054566818250194982,max80072,,,ai_tech,AI / 大模型,QQQ,1,-0.9957,-0.9957,4.61512051684126,-4.595275498618842,-5.648612718800461e-05,0.0027022928803972,0.0071077162744499,,
2052906592975425665,sanbuphy,,,ai_tools,AI 工具 / Agent,QQQ,2,-0.0707,-0.0707,4.57109620565434,-0.3231765017397618,,,0.0028963874065546,-0.003233817268857,
2052906762723012872,sanbuphy,,,ai_tools,AI 工具 / Agent,QQQ,2,0.0,0.0,4.57109620565434,0.0,,,0.0028963874065546,-0.003233817268857,
2053117166808100943,sanbuphy,,,ai_tools,AI 工具 / Agent,QQQ,2,0.2453,0.2453,4.57109620565434,1.1212898992470095,,,0.0028963874065546,-0.003233817268857,
2053118859490869508,sanbuphy,,,ai_tools,AI 工具 / Agent,QQQ,2,0.25,0.25,4.57109620565434,1.142774051413585,,,0.0028963874065546,-0.003233817268857,
2053288824219070775,sanbuphy,,,ai_tools,AI 工具 / Agent,QQQ,2,0.2484,0.2484,4.57109620565434,1.135460297484538,0.0,0.0,0.0028963874065546,-0.003233817268857,
2053377048140521907,sanbuphy,,,ai_tools,AI 工具 / Agent,QQQ,2,0.2379,0.2379,4.57109620565434,1.0874637873251674,0.0,0.0,0.0028963874065546,-0.003233817268857,
2053378056157618252,sanbuphy,,,ai_tools,AI 工具 / Agent,QQQ,2,-0.2354,-0.2354,4.57109620565434,-1.0760360468110315,0.0,0.0,0.0028963874065546,-0.003233817268857,
2053440561932329446,sanbuphy,,,ai_tools,AI 工具 / Agent,QQQ,2,-0.1837,-0.1837,4.57109620565434,-0.8397103729787022,0.0,0.0,0.0028963874065546,-0.003233817268857,
2054044731420893530,sanbuphy,,,ai_tools,AI 工具 / Agent,QQQ,2,0.248,0.248,4.57109620565434,1.1336318590022763,0.0,0.0,0.0105622304188508,,
2054083109495447868,sanbuphy,,,ai_tools,AI 工具 / Agent,QQQ,2,-0.0551,-0.0551,4.57109620565434,-0.25186740093155413,0.0,0.0,0.0105622304188508,,
2054092063600480634,sanbuphy,,,ai_tools,AI 工具 / Agent,QQQ,2,-0.0517,-0.0517,4.57109620565434,-0.23632567383232936,0.0,0.0,0.0105622304188508,,
2054363536340705710,sanbuphy,,,ai_tools,AI 工具 / Agent,QQQ,2,-0.2406,-0.2406,4.57109620565434,-1.099805747080434,0.0,0.0,0.0071077162744499,,
2054363802452533433,sanbuphy,,,ai_tools,AI 工具 / Agent,QQQ,2,0.0456,0.0456,4.57109620565434,0.2084419869778379,0.0,0.0,0.0071077162744499,,
2054959923063321049,sanbuphy,,,ai_tools,AI 工具 / Agent,QQQ,2,0.1336,0.1336,4.57109620565434,0.6106984530754197,-0.0010949562135952,-0.0044353213603005,-0.015087714031981,,
2055106907455819873,sanbuphy,,,ai_tools,AI 工具 / Agent,QQQ,2,0.25,0.25,4.57109620565434,1.142774051413585,0.0,0.0,,,
2055227608720363966,sanbuphy,,,ai_tools,AI 工具 / Agent,QQQ,2,-0.2478,-0.2478,4.57109620565434,-1.1327176397611454,0.0,0.0,,,
2055308091714064647,sanbuphy,,,ai_tools,AI 工具 / Agent,QQQ,2,0.2252,0.2252,4.57109620565434,1.0294108655133574,0.0003793784559193,-4.229615078432669e-05,,,
2055452281634795634,sanbuphy,,,ai_tools,AI 工具 / Agent,QQQ,2,-0.1051,-0.1051,4.57109620565434,-0.4804222112142711,,,,,
2055167697504342053,turingou,,,ai_tools,AI 工具 / Agent,QQQ,1,0.25,0.25,4.61512051684126,1.153780129210315,0.0,0.0,,,
2055186268146090333,turingou,,,ai_tools,AI 工具 / Agent,QQQ,1,0.25,0.25,4.61512051684126,1.153780129210315,0.0,0.0,,,
2055258399387078977,turingou,,,ai_tools,AI 工具 / Agent,QQQ,1,0.0627,0.0627,4.61512051684126,0.289368056405947,0.0,0.0,,,
2055547704235971008,turingou,,,ai_tools,AI 工具 / Agent,QQQ,1,-0.0557,-0.0557,4.61512051684126,-0.2570622127880582,,,,,
2055586713687527427,turingou,,,ai_tools,AI 工具 / Agent,QQQ,1,0.2492,0.2492,4.61512051684126,1.150088032796842,,,,,
2055639724069663138,turingou,,,ai_tools,AI 工具 / Agent,QQQ,1,-0.2497,-0.2497,4.61512051684126,-1.1523955930552625,,,,,
2055656592637636828,turingou,,,ai_tools,AI 工具 / Agent,QQQ,1,-0.2185,-0.2185,4.61512051684126,-1.0084038329298153,,,,,
2055656910729445533,turingou,,,ai_tools,AI 工具 / Agent,QQQ,1,0.0154,0.0154,4.61512051684126,0.0710728559593554,,,,,
2055657844616413300,turingou,,,ai_tools,AI 工具 / Agent,QQQ,1,0.25,0.25,4.61512051684126,1.153780129210315,,,,,
2055660813843923246,turingou,,,ai_tools,AI 工具 / Agent,QQQ,1,0.0954,0.0954,4.61512051684126,0.44028249730665614,,,,,
2055665338709315778,turingou,,,ai_tools,AI 工具 / Agent,QQQ,1,0.2493,0.2493,4.61512051684126,1.1505495448485261,,,,,
2055673697068093652,turingou,,,ai_tools,AI 工具 / Agent,QQQ,1,0.237,0.237,4.61512051684126,1.0937835624913785,,,,,
2055675613072302152,turingou,,,ai_tools,AI 工具 / Agent,QQQ,1,-0.068,-0.068,4.61512051684126,-0.31382819514520566,,,,,
2055692170011791724,turingou,,,ai_tools,AI 工具 / Agent,QQQ,1,0.1467,0.1467,4.61512051684126,0.6770381798206128,,,,,
2055750623090635050,turingou,,,ai_tools,AI 工具 / Agent,QQQ,1,-0.2202,-0.2202,4.61512051684126,-1.0162495378084455,,,,,
2055753884006822131,turingou,,,ai_tools,AI 工具 / Agent,QQQ,1,0.2489,0.2489,4.61512051684126,1.1487034966417895,,,,,
2055802708729446434,turingou,,,ai_tools,AI 工具 / Agent,QQQ,1,-0.2382,-0.2382,4.61512051684126,-1.099321707111588,,,,,
2052542212861251777,verysmallwoods,,,ai_tools,AI 工具 / Agent,QQQ,4,0.2497,0.2497,3.5981338408071912,0.8984540200495557,0.0,0.0,0.0028963874065546,-0.003233817268857,
2052787431280197862,verysmallwoods,,,ai_tools,AI 工具 / Agent,QQQ,4,0.0008,0.0008,3.5981338408071912,0.0028785070726457533,0.0,0.0024842404595897,0.0028963874065546,-0.003233817268857,
2052910410945142992,verysmallwoods,,,ai_tools,AI 工具 / Agent,QQQ,4,0.1065,0.1065,3.5981338408071912,0.38320125404596583,,,0.0028963874065546,-0.003233817268857,
2052916247247962550,verysmallwoods,,,ai_tools,AI 工具 / Agent,QQQ,4,-0.2467,-0.2467,3.5981338408071912,-0.887659618527134,,,0.0028963874065546,-0.003233817268857,
2053483644321161313,verysmallwoods,,,ai_tools,AI 工具 / Agent,QQQ,4,-0.2001,-0.2001,3.5981338408071912,-0.719986581545519,0.0,0.0,0.0028963874065546,-0.003233817268857,
2053914019019268308,verysmallwoods,,,ai_tools,AI 工具 / Agent,QQQ,4,0.2483,0.2483,3.5981338408071912,0.8934166326724255,-0.0003013997373492,-0.0075243819722222,-0.008481806809764,,
2053989326350860316,verysmallwoods,,,ai_tools,AI 工具 / Agent,QQQ,4,-0.2256,-0.2256,3.5981338408071912,-0.8117389944861023,0.0,0.0,0.0105622304188508,,
2053991504926904472,verysmallwoods,,,ai_tools,AI 工具 / Agent,QQQ,4,-0.1741,-0.1741,3.5981338408071912,-0.626435101684532,0.0,0.0,0.0105622304188508,,
2054132825557741599,verysmallwoods,,,ai_tools,AI 工具 / Agent,QQQ,4,-0.1396,-0.1396,3.5981338408071912,-0.5022994841766839,0.0,0.0,0.0105622304188508,,
2054349368686227834,verysmallwoods,,,ai_tools,AI 工具 / Agent,QQQ,4,0.2383,0.2383,3.5981338408071912,0.8574352942643537,0.0,0.0,0.0105622304188508,,
2054352416393269477,verysmallwoods,,,ai_tools,AI 工具 / Agent,QQQ,4,-0.061,-0.061,3.5981338408071912,-0.21948616428923867,0.0,0.0,0.0071077162744499,,
2054511171676303402,verysmallwoods,,,ai_tools,AI 工具 / Agent,QQQ,4,0.25,0.25,3.5981338408071912,0.8995334602017978,0.0,0.0,0.0071077162744499,,
2054520549997523153,verysmallwoods,,,ai_tools,AI 工具 / Agent,QQQ,4,-0.2258,-0.2258,3.5981338408071912,-0.8124586212542638,0.0,0.0,0.0071077162744499,,
2054696326177157151,verysmallwoods,,,ai_tools,AI 工具 / Agent,QQQ,4,0.25,0.25,3.5981338408071912,0.8995334602017978,0.0,0.0,0.0071077162744499,,
2054891155486134279,verysmallwoods,,,ai_tools,AI 工具 / Agent,QQQ,4,0.2493,0.2493,3.5981338408071912,0.8970147665132328,0.0,0.0,-0.015087714031981,,
2055061452650627323,verysmallwoods,,,ai_tools,AI 工具 / Agent,QQQ,4,0.25,0.25,3.5981338408071912,0.8995334602017978,0.0,0.0,-0.015087714031981,,
2055064535455731776,verysmallwoods,,,ai_tools,AI 工具 / Agent,QQQ,4,0.25,0.25,3.5981338408071912,0.8995334602017978,0.0,0.0,-0.015087714031981,,
2055072774461255790,verysmallwoods,,,ai_tools,AI 工具 / Agent,QQQ,4,-0.1111,-0.1111,3.5981338408071912,-0.39975266971367895,0.0,0.0,-0.015087714031981,,
2054801540687515994,tuolaji2024,,,consumer_tech,消费科技,QQQ,1,-0.1632,-0.1632,4.61512051684126,-0.7531876683484936,0.0,0.0,-0.015087714031981,,
2054850485572850148,tuolaji2024,,,consumer_tech,消费科技,QQQ,1,0.2495,0.2495,4.61512051684126,1.1514725689518943,0.0,0.0,-0.015087714031981,,
2054896480574685459,tuolaji2024,,,consumer_tech,消费科技,QQQ,1,0.25,0.25,4.61512051684126,1.153780129210315,0.0,0.0,-0.015087714031981,,
2054901185396850804,tuolaji2024,,,consumer_tech,消费科技,QQQ,1,0.9989,0.9989,4.61512051684126,4.610043884272734,0.0,0.0,-0.015087714031981,,
2054922517207503099,tuolaji2024,,,consumer_tech,消费科技,QQQ,1,1.0,1.0,4.61512051684126,4.61512051684126,0.0018428906532799,0.0043977317115235,-0.015087714031981,,
2054930838073364869,tuolaji2024,,,consumer_tech,消费科技,QQQ,1,-0.2163,-0.2163,4.61512051684126,-0.9982505677927644,0.0003062848304449,0.0044347561895412,-0.015087714031981,,
2054959721292116071,tuolaji2024,,,consumer_tech,消费科技,QQQ,1,-0.2392,-0.2392,4.61512051684126,-1.1039368276284294,-0.0010949562135952,-0.0044353213603005,-0.015087714031981,,
2055135038375882813,tuolaji2024,,,consumer_tech,消费科技,QQQ,1,1.0,1.0,4.61512051684126,4.61512051684126,0.0,0.0,,,
2055144154611827064,tuolaji2024,,,consumer_tech,消费科技,QQQ,1,0.2489,0.2489,4.61512051684126,1.1487034966417895,0.0,0.0,,,
2055168911386308819,tuolaji2024,,,consumer_tech,消费科技,QQQ,1,0.2455,0.2455,4.61512051684126,1.1330120868845293,0.0,0.0,,,
2055194630040461350,tuolaji2024,,,consumer_tech,消费科技,QQQ,1,0.1824,0.1824,4.61512051684126,0.8417979822718458,0.0,0.0,,,
2055216635838161315,tuolaji2024,,,consumer_tech,消费科技,QQQ,1,-0.2271,-0.2271,4.61512051684126,-1.04809386937465,0.0,0.0,,,
2055241717180199327,tuolaji2024,,,consumer_tech,消费科技,QQQ,1,0.2191,0.2191,4.61512051684126,1.0111729052399199,0.0,0.0,,,
2055243298198167888,tuolaji2024,,,consumer_tech,消费科技,QQQ,1,0.2165,0.2165,4.61512051684126,0.9991735918961328,0.0,0.0,,,
2055463911034654998,tuolaji2024,,,consumer_tech,消费科技,QQQ,1,0.1864,0.1864,4.61512051684126,0.8602584643392108,,,,,
2055592599877304633,tuolaji2024,,,consumer_tech,消费科技,QQQ,1,0.25,0.25,4.61512051684126,1.153780129210315,,,,,
2055623686250717653,tuolaji2024,,,consumer_tech,消费科技,QQQ,1,0.245,0.245,4.61512051684126,1.1307045266261087,,,,,
2054705026636145023,BTCdayu,,,crypto,加密,BTC-USD,5,0.2134,0.2134,3.693120448371191,0.7881119036824121,-0.0004140068133242,0.0037375916215507,0.0223788764707975,,
2054719424423419975,BTCdayu,,,crypto,加密,BTC-USD,5,0.5141,0.5141,3.693120448371191,1.8986332225076292,0.0017365226232821,0.0011029318473882,-0.0244977136379759,,
2054722644399026182,BTCdayu,,,crypto,加密,BTC-USD,5,-0.2218,-0.2218,3.693120448371191,-0.8191341154487302,-0.00020451206209,-0.0018604317049436,-0.0244977136379759,,
2054731889618108679,BTCdayu,,,crypto,加密,BTC-USD,5,-0.2482,-0.2482,3.693120448371191,-0.9166324952857295,-8.48202733019221e-05,-0.0001763162162619,-0.0244977136379759,,
2054737399515951113,BTCdayu,,,crypto,加密,BTC-USD,5,-0.2112,-0.2112,3.693120448371191,-0.7799870386959955,0.0007240085929318,0.0012475482123457,-0.0244977136379759,,
2054738349102112865,BTCdayu,,,crypto,加密,BTC-USD,5,-0.24,-0.24,3.693120448371191,-0.8863489076090858,0.0007240085929318,0.0012475482123457,-0.0244977136379759,,
2054896078504575293,BTCdayu,,,crypto,加密,BTC-USD,5,-0.0387,-0.0387,3.693120448371191,-0.14292376135196508,-0.0008735699969381,0.0066942840847661,-0.0244977136379759,,
2055082105554747724,BTCdayu,,,crypto,加密,BTC-USD,5,0.2469,0.2469,3.693120448371191,0.911831438702847,-0.0009786709663595,-0.0040899867943566,-0.012895825237068,,
2055085188938629371,BTCdayu,,,crypto,加密,BTC-USD,5,0.2494,0.2494,3.693120448371191,0.921064239823775,0.0028770707613781,0.0005655008371083,-0.012895825237068,,
2055090314478854385,BTCdayu,,,crypto,加密,BTC-USD,5,0.8732,0.8732,3.693120448371191,3.2248327755177235,-0.0008839653736821,-0.0051875515614551,-0.012895825237068,,
2055090997386957092,BTCdayu,,,crypto,加密,BTC-USD,5,0.0486,0.0486,3.693120448371191,0.17948565379083986,9.276814786485232e-05,-0.0061602650255648,-0.012895825237068,,
2055123247373729876,BTCdayu,,,crypto,加密,BTC-USD,5,0.2446,0.2446,3.693120448371191,0.9033372616715933,-2.241212355447164e-05,-0.0024851486015171,-0.012895825237068,,
2055131779020021987,BTCdayu,,,crypto,加密,BTC-USD,5,0.957,0.957,3.693120448371191,3.5343162690912293,0.0007914192054212,-0.000968212277526,-0.012895825237068,,
2055140132014215502,BTCdayu,,,crypto,加密,BTC-USD,5,-0.2439,-0.2439,3.693120448371191,-0.9007520773577334,-0.0008146547149239,-0.0014322793542971,-0.012895825237068,,
2055196052983271729,BTCdayu,,,crypto,加密,BTC-USD,5,0.2323,0.2323,3.693120448371191,0.8579118801566277,0.0001501475046763,-0.0010418358770637,-0.012895825237068,,
2055452065388966252,BTCdayu,,,crypto,加密,BTC-USD,5,0.2012,0.2012,3.693120448371191,0.7430558342122836,0.0004438783044027,0.0012817220778209,-0.012895825237068,,
2055486874463166662,BTCdayu,,,crypto,加密,BTC-USD,5,0.25,0.25,3.693120448371191,0.9232801120927977,6.092206182373161e-05,-0.0012326596755392,-0.012895825237068,,
2055487588681814357,BTCdayu,,,crypto,加密,BTC-USD,5,0.1149,0.1149,3.693120448371191,0.4243395395178498,3.919705862109879e-05,-0.0011574486604923,-0.012895825237068,,
2055562939479060884,BTCdayu,,,crypto,加密,BTC-USD,5,-0.151,-0.151,3.693120448371191,-0.5576611877040498,-7.785575093810504e-05,-0.0046666597550165,-0.012895825237068,,
2055578545871872281,BTCdayu,,,crypto,加密,BTC-USD,5,0.1988,0.1988,3.693120448371191,0.7341923451361927,0.0001802783678277,-0.0022413608853431,-0.012895825237068,,
2054785699451441384,Crypto_He,,,crypto,加密,BTC-USD,4,-0.24,-0.24,3.7916616487569623,-0.909998795701671,0.0001096819234058,0.0050571728092314,-0.0244977136379759,,
2054830519494267343,Crypto_He,,,crypto,加密,BTC-USD,4,-0.2485,-0.2485,3.7916616487569623,-0.9422279197161051,-0.0010854248763794,1.7134165015919578e-05,-0.0244977136379759,,
2054913901695996316,Crypto_He,,,crypto,加密,BTC-USD,4,0.2463,0.2463,3.7916616487569623,0.9338862640888398,-0.0009490504368004,0.0023709168831258,-0.0244977136379759,,
2054917013626302755,Crypto_He,,,crypto,加密,BTC-USD,4,0.2482,0.2482,3.7916616487569623,0.941090421221478,-0.0004450639038403,0.002927933589814,-0.0244977136379759,,
2054934211279429908,Crypto_He,,,crypto,加密,BTC-USD,4,1.0,1.0,3.7916616487569623,3.7916616487569623,0.0042176762105807,0.0086646965892398,-0.0244977136379759,,
2055102100598841571,Crypto_He,,,crypto,加密,BTC-USD,4,0.5334,0.5334,3.7916616487569623,2.0224723234469635,-0.0005054049207353,-0.0023259774285143,-0.012895825237068,,
2055120418479210764,Crypto_He,,,crypto,加密,BTC-USD,4,0.9039,0.9039,3.7916616487569623,3.427282964311418,-0.0007663069631207,-0.00301857806246,-0.012895825237068,,
2055128904080474235,Crypto_He,,,crypto,加密,BTC-USD,4,0.25,0.25,3.7916616487569623,0.9479154121892406,0.0004145975392826,0.0001479464682774,-0.012895825237068,,
2055153403391889846,Crypto_He,,,crypto,加密,BTC-USD,4,0.25,0.25,3.7916616487569623,0.9479154121892406,0.0004473270684985,-0.0050718014567761,-0.012895825237068,,
2055172237742022740,Crypto_He,,,crypto,加密,BTC-USD,4,0.5,0.5,3.7916616487569623,1.8958308243784812,-9.791188590135837e-05,0.0048546440315864,-0.012895825237068,,
2055208703201280490,Crypto_He,,,crypto,加密,BTC-USD,4,0.2152,0.2152,3.7916616487569623,0.8159655868124983,0.0003244600424743,-0.0026388060025495,-0.012895825237068,,
2055223690053505466,Crypto_He,,,crypto,加密,BTC-USD,4,0.8035,0.8035,3.7916616487569623,3.0466001347762193,0.0010235678091325,0.0042633435725742,-0.012895825237068,,
2055240563096682614,Crypto_He,,,crypto,加密,BTC-USD,4,-0.2499,-0.2499,3.7916616487569623,-0.9475362460243649,-0.0003554085517227,-0.0014819993998362,-0.012895825237068,,
2055292539360649376,Crypto_He,,,crypto,加密,BTC-USD,4,0.2486,0.2486,3.7916616487569623,0.9426070858809807,0.0007469458849767,0.0008732821529755,-0.012895825237068,,
2055512324291858527,Crypto_He,,,crypto,加密,BTC-USD,4,0.5051,0.5051,3.7916616487569623,1.9151682987871417,0.0001867920415905,0.0002045016684151,-0.012895825237068,,
2055521893176971591,Crypto_He,,,crypto,加密,BTC-USD,4,0.2499,0.2499,3.7916616487569623,0.9475362460243649,-0.0002767819967852,-0.0025048869630436,-0.012895825237068,,
2055579659715395834,Crypto_He,,,crypto,加密,BTC-USD,4,-0.0693,-0.0693,3.7916616487569623,-0.2627621522588575,0.0012427952970648,-0.003588595202716,-0.012895825237068,,
2055638159636279608,Crypto_He,,,crypto,加密,BTC-USD,4,-0.0301,-0.0301,3.7916616487569623,-0.11412901562758455,0.0009438631235909,0.0012494194930714,-0.012895825237068,,
2055183986461430216,chairbtc,,,crypto,加密,BTC-USD,3,0.25,0.25,4.2859286446285445,1.0714821611571361,0.0021000254712766,-0.0013085965171706,-0.012895825237068,,
2055190193179894027,chairbtc,,,crypto,加密,BTC-USD,3,0.25,0.25,4.2859286446285445,1.0714821611571361,0.0002886501150733,-0.0016681965960553,-0.012895825237068,,
2055210428385636631,chairbtc,,,crypto,加密,BTC-USD,3,-0.25,-0.25,4.2859286446285445,-1.0714821611571361,-0.0001713331033387,-0.0017581993743628,-0.012895825237068,,
2055212929956663633,chairbtc,,,crypto,加密,BTC-USD,3,0.25,0.25,4.2859286446285445,1.0714821611571361,-0.0006068065308207,0.0002970035800422,-0.012895825237068,,
2055279968389865476,chairbtc,,,crypto,加密,BTC-USD,3,0.5133,0.5133,4.2859286446285445,2.1999671732878316,-0.0027209888515409,-0.0022476406225971,-0.012895825237068,,
2055287072102223878,chairbtc,,,crypto,加密,BTC-USD,3,0.1829,0.1829,4.2859286446285445,0.7838963491025608,0.0020482022067751,0.0020690931366167,-0.012895825237068,,
2055288466913837526,chairbtc,,,crypto,加密,BTC-USD,3,0.575,0.575,4.2859286446285445,2.4644089706614127,-0.0005990843497745,-5.779773279024347e-05,-0.012895825237068,,
2055290877472538946,chairbtc,,,crypto,加密,BTC-USD,3,-0.1289,-0.1289,4.2859286446285445,-0.5524562022926194,-0.0012799116659545,0.0012203785947904,-0.012895825237068,,
2055316815396626840,chairbtc,,,crypto,加密,BTC-USD,3,0.2003,0.2003,4.2859286446285445,0.8584715075190975,9.64270662977551e-05,0.0008730745429583,-0.012895825237068,,
2055323053333373055,chairbtc,,,crypto,加密,BTC-USD,3,-0.2362,-0.2362,4.2859286446285445,-1.0123363458612622,3.547488653943276e-06,0.0007842906165771,-0.012895825237068,,
2055490512283722181,chairbtc,,,crypto,加密,BTC-USD,3,-0.2495,-0.2495,4.2859286446285445,-1.0693391968348218,-0.0003238099884173,-0.0029715664414349,-0.012895825237068,,
2055496493231210587,chairbtc,,,crypto,加密,BTC-USD,3,0.9849,0.9849,4.2859286446285445,4.221211122094654,0.0002876223927177,-0.0005756401426765,-0.012895825237068,,
2055510324951089527,chairbtc,,,crypto,加密,BTC-USD,3,0.2499,0.2499,4.2859286446285445,1.0710535682926734,0.0005532347709289,0.0002627147767513,-0.012895825237068,,
2055655427740991667,chairbtc,,,crypto,加密,BTC-USD,3,-0.1599,-0.1599,4.2859286446285445,-0.6853199902761042,0.0015136839494871,0.0018045726867503,-0.012895825237068,,
2055660324691546412,chairbtc,,,crypto,加密,BTC-USD,3,-0.242,-0.242,4.2859286446285445,-1.0371947320001078,-0.0007668135876168,0.0010010566431299,-0.012895825237068,,
2055665275278856301,chairbtc,,,crypto,加密,BTC-USD,3,-0.9978,-0.9978,4.2859286446285445,-4.276499601610362,-9.404242253707729e-06,0.0018678425837894,-0.012895825237068,,
2055678396664062159,chairbtc,,,crypto,加密,BTC-USD,3,0.9751,0.9751,4.2859286446285445,4.179209021377294,0.0013736793446781,-0.0002847262641696,-0.012895825237068,,
2052948453794398706,ohxiyu,,,crypto,加密,BTC-USD,2,0.2377,0.2377,4.319752215189378,1.026805101550515,0.0007656784117642,0.0017370078255209,0.0182802215081221,0.0047962046438758,
2053323004424405266,ohxiyu,,,crypto,加密,BTC-USD,2,-0.045,-0.045,4.319752215189378,-0.194388849683522,0.0002817677676252,-0.0001002443019435,-0.0049992471786796,-0.0374152671783315,
2046234932322894043,facai988,,,semiconductor,半导体,SOXX,1,-0.2457,-0.2457,4.61512051684126,-1.1339351109878975,0.0016851521841998,-0.0015406454989473,0.0075440653961278,0.0906718164913766,
2047971284215280062,facai988,,,semiconductor,半导体,SOXX,1,0.2425,0.2425,4.61512051684126,1.1191667253340054,,,-0.0134098837945381,0.0089904545962109,
2048778733734228194,facai988,,,semiconductor,半导体,SOXX,1,0.2492,0.2492,4.61512051684126,1.150088032796842,0.0028426729651926,0.0012103878236029,-0.0366702796880628,0.0146022130454084,
2049865159280353754,facai988,,,semiconductor,半导体,SOXX,1,0.5,0.5,4.61512051684126,2.30756025842063,0.0028964044246806,0.0033352779300062,0.0093403205959392,0.0670075909036136,
2050608334374597049,facai988,,,semiconductor,半导体,SOXX,1,0.25,0.25,4.61512051684126,1.153780129210315,,,-0.007922710555891,0.1171228938120638,
2052009528833794360,facai988,,,semiconductor,半导体,SOXX,1,-0.125,-0.125,4.61512051684126,-0.5768900646051575,0.0,-0.0167235037724663,-0.0286266891025386,0.0422593231331516,
2052708233685749944,facai988,,,semiconductor,半导体,SOXX,1,0.2498,0.2498,4.61512051684126,1.1528571051069467,0.0,0.0,0.0239477652604023,-0.0226407823480176,
2053038899388436791,facai988,,,semiconductor,半导体,SOXX,1,-0.2425,-0.2425,4.61512051684126,-1.1191667253340054,,,0.0239477652604023,-0.0226407823480176,
2053486359449665777,facai988,,,semiconductor,半导体,SOXX,1,-0.222,-0.222,4.61512051684126,-1.0245567547387597,0.0,0.0,0.0239477652604023,-0.0226407823480176,
2053858536397115647,facai988,,,semiconductor,半导体,SOXX,1,-0.1428,-0.1428,4.61512051684126,-0.6590392098049319,-0.0001606643592357,0.0033635712192348,-0.031477624491049,,
2054135065052107089,facai988,,,semiconductor,半导体,SOXX,1,1.0,1.0,4.61512051684126,4.61512051684126,0.0,0.0,0.0238376480663544,,
2054815381165138218,facai988,,,semiconductor,半导体,SOXX,1,0.2455,0.2455,4.61512051684126,1.1330120868845293,0.0,0.0,-0.0405826822901672,,
2055176868677181668,facai988,,,semiconductor,半导体,SOXX,1,-0.2091,-0.2091,4.61512051684126,-0.9650217000715074,0.0,0.0,,,
